2025-01-30 14:16:43 INFO: nxt.enableStackTraces = "true"
2025-01-30 14:16:43 INFO: nxt.disabledThrowableStackTraces = "{"nxt.NxtException$NotCurrentlyValidException": [ "Invalid bid order", "Block ID at ecBlockHeight" ]}"
2025-01-30 14:16:43 INFO: nxt.enableLogTraceback = "false"
2025-01-30 14:16:43 INFO: nxt.enableLogThreadName = "true"
2025-01-30 14:16:43 INFO: main logging enabled
2025-01-30 14:16:43 FINE: main java.version = 17.0.13
2025-01-30 14:16:43 FINE: main java.vm.version = 17.0.13+11-Debian-2deb12u1
2025-01-30 14:16:43 FINE: main java.vm.name = OpenJDK 64-Bit Server VM
2025-01-30 14:16:43 FINE: main java.vendor = Debian
2025-01-30 14:16:43 FINE: main java.vm.vendor = Debian
2025-01-30 14:16:43 FINE: main java.home = /usr/lib/jvm/java-17-openjdk-amd64
2025-01-30 14:16:43 FINE: main java.library.path = /usr/java/packages/lib:/usr/lib/x86_64-linux-gnu/jni:/lib/x86_64-linux-gnu:/usr/lib/x86_64-linux-gnu:/usr/lib/jni:/lib:/usr/lib
2025-01-30 14:16:43 FINE: main java.class.path = classes:lib/javax.servlet-api-3.1.0.jar:lib/slf4j-jdk14-1.7.22.jar:lib/purejavahidapi-0.0.10j2.jar:lib/bcpkix-jdk18on-177.jar:lib/jetty-servlets-9.4.56.v20240826.jar:lib/ed25519.jar:lib/weupnp-0.1.4.jar:lib/jetty-continuation-9.4.56.v20240826.jar:lib/core-3.3.0.jar:lib/h2-1.4.200.jar:lib/commons-math3-3.6.1.jar:lib/jetty-client-9.4.56.v20240826.jar:lib/javase-3.3.0.jar:lib/jetty-util-9.4.56.v20240826.jar:lib/commons-cli-1.3.1.jar:lib/tika-core-1.13.jar:lib/joor-java-8-0.9.14.jar:lib/jetty-http-9.4.56.v20240826.jar:lib/json-simple-1.1.1.jar:lib/slf4j-api-1.7.22.jar:lib/tika-parsers-1.13.jar:lib/jna-5.5.0.jar:lib/jetty-io-9.4.56.v20240826.jar:lib/jetty-server-9.4.56.v20240826.jar:lib/bcprov-jdk18on-177.jar:lib/jetty-servlet-9.4.56.v20240826.jar:lib/lucene-queryparser-7.1.0.jar:lib/lucene-core-7.1.0.jar:lib/javapoet-1.11.0.jar:lib/jetty-proxy-9.4.56.v20240826.jar:lib/lucene-queries-7.1.0.jar:lib/jna-platform-5.5.0.jar:lib/bcutil-jdk18on-1.77.jar:lib/jetty-security-9.4.56.v20240826.jar:lib/lucene-analyzers-common-7.1.0.jar:conf:addons/classes:addons/lib/*:javafx-sdk/lib/*
2025-01-30 14:16:43 FINE: main java.io.tmpdir = /tmp
2025-01-30 14:16:43 FINE: main os.arch = amd64
2025-01-30 14:16:43 FINE: main sun.arch.data.model = 64
2025-01-30 14:16:43 FINE: main os.name = Linux
2025-01-30 14:16:43 FINE: main file.encoding = UTF-8
2025-01-30 14:16:43 FINE: main java.security.policy = null
2025-01-30 14:16:43 FINE: main java.security.manager = null
2025-01-30 14:16:43 FINE: main java.specification.vendor = Oracle Corporation
2025-01-30 14:16:43 FINE: main nxt.runtime.mode = null
2025-01-30 14:16:43 FINE: main nxt.runtime.dirProvider = null
2025-01-30 14:16:43 FINE: main availableProcessors = 24
2025-01-30 14:16:43 FINE: main maxMemory = 8346664960
2025-01-30 14:16:43 FINE: main processId = 22728
2025-01-30 14:16:43 INFO: main nxt.isTestnet = "false"
2025-01-30 14:16:43 INFO: main nxt.isOffline = "false"
2025-01-30 14:16:43 INFO: main nxt.isLightClient = "false"
2025-01-30 14:16:43 INFO: main nxt.isPermissioned = "false"
2025-01-30 14:16:43 INFO: main nxt.customLoginWarning not defined
2025-01-30 14:16:43 INFO: main nxt.forkBaseTargetPercentage = "2000"
2025-01-30 14:16:43 INFO: main nxt.maxRollback = "800"
2025-01-30 14:16:43 INFO: main nxt.forgingDelay = "10"
2025-01-30 14:16:43 INFO: main nxt.forgingSpeedup = "3"
2025-01-30 14:16:43 INFO: main nxt.numberOfForkConfirmations = "5"
2025-01-30 14:16:43 INFO: main nxt.batchCommitSize = "100"
2025-01-30 14:16:43 INFO: main nxt.openApiQueryTimeout = "1"
2025-01-30 14:16:43 INFO: main nxt.maxPrunableLifetime = "7776000"
2025-01-30 14:16:43 INFO: main nxt.includeExpiredPrunable = "true"
2025-01-30 14:16:43 INFO: main nxt.enableLedgerWallet = "true"
2025-01-30 14:16:43 INFO: main nxt.correctInvalidFees = "false"
2025-01-30 14:16:43 INFO: main nxt.minBundlerBalanceFXT = "1000"
2025-01-30 14:16:43 INFO: main nxt.minBundlerFeeLimitFXT = "10"
2025-01-30 14:16:43 INFO: main nxt.disableFullTextSearch = "false"
2025-01-30 14:16:43 INFO: main nxt.disableMetadataDetection = "false"
2025-01-30 14:16:43 INFO: main nxt.statementLogThreshold = "10000"
2025-01-30 14:16:43 INFO: main nxt.transactionLogThreshold = "15000"
2025-01-30 14:16:43 INFO: main nxt.transactionLogInterval = "15"
2025-01-30 14:16:43 INFO: main nxt.dbCacheKB = "0"
2025-01-30 14:16:43 INFO: main nxt.dbUrl not defined
2025-01-30 14:16:43 INFO: main nxt.dbType = "h2"
2025-01-30 14:16:43 INFO: main nxt.dbDir = "./nxt_db/nxt"
2025-01-30 14:16:43 INFO: main nxt.dbParams = "DB_CLOSE_ON_EXIT=FALSE"
2025-01-30 14:16:43 INFO: main nxt.dbUsername = "sa"
2025-01-30 14:16:43 INFO: main nxt.dbPassword = "{not logged}"
2025-01-30 14:16:43 INFO: main nxt.maxDbConnections = "30"
2025-01-30 14:16:43 INFO: main nxt.dbLoginTimeout = "70"
2025-01-30 14:16:43 INFO: main nxt.dbDefaultLockTimeout = "60"
2025-01-30 14:16:43 INFO: main nxt.dbMaxMemoryRows = "1000000"
2025-01-30 14:16:43 INFO: main nxt.adminPassword not defined
2025-01-30 14:16:43 INFO: main nxt.adminPasswordHash not defined
2025-01-30 14:16:43 INFO: main nxt.maxAPIRecords = "100"
2025-01-30 14:16:43 INFO: main nxt.enableAPIUPnP = "false"
2025-01-30 14:16:43 INFO: main nxt.apiServerIdleTimeout = "30000"
2025-01-30 14:16:43 INFO: main nxt.apiServerCORS = "true"
2025-01-30 14:16:43 INFO: main nxt.forwardedForHeader not defined
2025-01-30 14:16:43 INFO: main nxt.allowedBotHosts = "127.0.0.1; localhost; [0:0:0:0:0:0:0:1]; 0:0:0:0:0:0:0:1;"
2025-01-30 14:16:43 INFO: main nxt.unlimitedBotHosts = "127.0.0.1; localhost; [0:0:0:0:0:0:0:1]; 0:0:0:0:0:0:0:1;"
2025-01-30 14:16:43 INFO: main nxt.enableAPIServer = "true"
2025-01-30 14:16:43 INFO: main nxt.apiServerPort = "27876"
2025-01-30 14:16:43 INFO: main nxt.apiServerSSLPort = "27876"
2025-01-30 14:16:43 INFO: main nxt.apiServerHost = "127.0.0.1"
2025-01-30 14:16:43 INFO: main nxt.disableAdminPassword = "false"
2025-01-30 14:16:43 INFO: main nxt.apiSSL = "false"
2025-01-30 14:16:43 INFO: main API server using HTTP port 27876
2025-01-30 14:16:43 INFO: main nxt.apiResourceBase = "./html/www"
2025-01-30 14:16:44 INFO: main nxt.apiWelcomeFile = "index.html"
2025-01-30 14:16:44 INFO: main nxt.javadocResourceBase = "./html/doc"
2025-01-30 14:16:44 INFO: main nxt.maxUploadFileSize = "43008"
2025-01-30 14:16:44 INFO: main nxt.maxUploadFileSize = "43008"
2025-01-30 14:16:44 INFO: main nxt.enableAPIServerGZIPFilter not defined, using default false
2025-01-30 14:16:44 INFO: main nxt.apiFrameOptionsSameOrigin = "true"
2025-01-30 14:16:44 INFO: main nxt.apiCustomSetupImpl not defined
2025-01-30 14:16:44 INFO: main nxt.defaultChildBlockDeadline = "10"
2025-01-30 14:16:44 INFO: main nxt.trimFrequencyMultipliers = "PUBLIC_KEY-5;ALIAS-5"
2025-01-30 14:16:44 INFO: main nxt.trimDerivedTables = "true"
2025-01-30 14:16:44 INFO: main nxt.simulateEndlessDownload not defined, using default false
2025-01-30 14:16:44 INFO: main nxt.trimFrequency = "1000"
2025-01-30 14:16:44 INFO: main nxt.useStrongSecureRandom = "false"
2025-01-30 14:16:44 INFO: main trimHeightOffset=127
2025-01-30 14:16:44 INFO: main nxt.stopDownloadHeight not defined or not numeric, using default value 0
2025-01-30 14:16:44 INFO: main nxt.disableGetMoreBlocksThread not defined, using default false
2025-01-30 14:16:44 INFO: main nxt.processPolls = "true"
2025-01-30 14:16:44 INFO: main nxt.deleteFinishedShufflings = "false"
2025-01-30 14:16:44 INFO: main nxt.deleteProcessedVotes = "true"
2025-01-30 14:16:44 FINE: main Database jdbc url set to jdbc:h2:./nxt_db/nxt;DB_CLOSE_ON_EXIT=FALSE;CACHE_SIZE=262144 username sa
2025-01-30 14:16:44 INFO: main nxt.connectionPoolImpl = "nxt.db.pool.H2ConnectionPool"
2025-01-30 14:16:44 FINE: main Database connection pool current size: 1
2025-01-30 14:16:44 INFO: main Initializing an empty database
2025-01-30 14:16:44 FINE: main Database connection pool current size: 2
2025-01-30 14:16:44 FINE: main Will apply sql:
CREATE TABLE IF NOT EXISTS block (db_id IDENTITY, id BIGINT NOT NULL, version INT NOT NULL, timestamp INT NOT NULL, previous_block_id BIGINT, total_fee BIGINT NOT NULL, previous_block_hash BINARY(32), cumulative_difficulty VARBINARY NOT NULL, base_target BIGINT NOT NULL, next_block_id BIGINT, height INT NOT NULL, generation_signature BINARY(64) NOT NULL, block_signature BINARY(64) NOT NULL, payload_hash BINARY(32) NOT NULL, generator_id BIGINT NOT NULL)
2025-01-30 14:16:44 FINE: main Will apply sql:
CREATE UNIQUE INDEX IF NOT EXISTS block_id_idx ON block (id)
2025-01-30 14:16:44 FINE: main Will apply sql:
CREATE TABLE IF NOT EXISTS transaction_fxt (db_id IDENTITY, id BIGINT NOT NULL, deadline SMALLINT NOT NULL, recipient_id BIGINT, transaction_index SMALLINT NOT NULL, amount BIGINT NOT NULL, fee BIGINT NOT NULL, full_hash BINARY(32) NOT NULL, height INT NOT NULL, block_id BIGINT NOT NULL, signature BINARY(64) NOT NULL, timestamp INT NOT NULL, type TINYINT NOT NULL, subtype TINYINT NOT NULL, sender_id BIGINT NOT NULL, block_timestamp INT NOT NULL, has_prunable_attachment BOOLEAN NOT NULL DEFAULT FALSE, has_prunable_message BOOLEAN NOT NULL DEFAULT FALSE, has_prunable_encrypted_message BOOLEAN NOT NULL DEFAULT FALSE, ec_block_height INT DEFAULT NULL, ec_block_id BIGINT DEFAULT NULL, attachment_bytes VARBINARY, version TINYINT NOT NULL)
2025-01-30 14:16:44 FINE: main Will apply sql:
CREATE UNIQUE INDEX IF NOT EXISTS transaction_fxt_id_idx ON transaction_fxt (id)
2025-01-30 14:16:44 FINE: main Will apply sql:
CREATE UNIQUE INDEX IF NOT EXISTS block_height_idx ON block (height)
2025-01-30 14:16:44 FINE: main Will apply sql:
CREATE INDEX IF NOT EXISTS block_generator_id_idx ON block (generator_id)
2025-01-30 14:16:44 FINE: main Will apply sql:
CREATE INDEX IF NOT EXISTS transaction_fxt_sender_id_idx ON transaction_fxt (sender_id)
2025-01-30 14:16:44 FINE: main Will apply sql:
CREATE INDEX IF NOT EXISTS transaction_fxt_recipient_id_idx ON transaction_fxt (recipient_id)
2025-01-30 14:16:44 FINE: main Will apply sql:
CREATE TABLE IF NOT EXISTS peer (address VARCHAR PRIMARY KEY, last_updated INT, services BIGINT)
2025-01-30 14:16:44 FINE: main Will apply sql:
CREATE INDEX IF NOT EXISTS transaction_fxt_block_timestamp_idx ON transaction_fxt (block_timestamp DESC)
2025-01-30 14:16:44 FINE: main Will apply sql:
CREATE TABLE IF NOT EXISTS account (db_id IDENTITY, id BIGINT NOT NULL, has_control_phasing BOOLEAN NOT NULL DEFAULT FALSE, forged_balance BIGINT NOT NULL, active_lessee_id BIGINT, height INT NOT NULL, latest BOOLEAN NOT NULL DEFAULT TRUE)
2025-01-30 14:16:44 FINE: main Will apply sql:
CREATE UNIQUE INDEX IF NOT EXISTS account_id_height_idx ON account (id, height DESC)
2025-01-30 14:16:44 FINE: main Will apply sql:
CREATE TABLE IF NOT EXISTS account_asset (db_id IDENTITY, account_id BIGINT NOT NULL, asset_id BIGINT NOT NULL, quantity BIGINT NOT NULL, unconfirmed_quantity BIGINT NOT NULL, height INT NOT NULL, latest BOOLEAN NOT NULL DEFAULT TRUE)
2025-01-30 14:16:44 FINE: main Will apply sql:
CREATE UNIQUE INDEX IF NOT EXISTS account_asset_id_height_idx ON account_asset (account_id, asset_id, height DESC)
2025-01-30 14:16:44 FINE: main Will apply sql:
CREATE TABLE IF NOT EXISTS account_guaranteed_balance (db_id IDENTITY, account_id BIGINT NOT NULL, additions BIGINT NOT NULL, height INT NOT NULL)
2025-01-30 14:16:44 FINE: main Will apply sql:
CREATE UNIQUE INDEX IF NOT EXISTS account_guaranteed_balance_id_height_idx ON account_guaranteed_balance (account_id, height DESC)
2025-01-30 14:16:44 FINE: main Will apply sql:
CREATE TABLE IF NOT EXISTS unconfirmed_transaction (db_id IDENTITY, id BIGINT NOT NULL, expiration INT NOT NULL, transaction_height INT NOT NULL, fee BIGINT NOT NULL, fee_per_byte BIGINT NOT NULL, arrival_timestamp BIGINT NOT NULL, is_bundled BOOLEAN NOT NULL DEFAULT FALSE, transaction_bytes VARBINARY NOT NULL, chain_id INT NOT NULL, height INT NOT NULL)
2025-01-30 14:16:44 FINE: main Will apply sql:
CREATE UNIQUE INDEX IF NOT EXISTS unconfirmed_transaction_id_idx ON unconfirmed_transaction (id)
2025-01-30 14:16:44 FINE: main Will apply sql:
CREATE INDEX IF NOT EXISTS account_asset_quantity_idx ON account_asset (quantity DESC)
2025-01-30 14:16:44 FINE: main Will apply sql:
CREATE UNIQUE INDEX IF NOT EXISTS block_timestamp_idx ON block (timestamp DESC)
2025-01-30 14:16:44 FINE: main Will apply sql:
CREATE TABLE IF NOT EXISTS account_currency (db_id IDENTITY, account_id BIGINT NOT NULL, currency_id BIGINT NOT NULL, units BIGINT NOT NULL, unconfirmed_units BIGINT NOT NULL, height INT NOT NULL, latest BOOLEAN NOT NULL DEFAULT TRUE)
2025-01-30 14:16:44 FINE: main Will apply sql:
CREATE UNIQUE INDEX IF NOT EXISTS account_currency_id_height_idx ON account_currency (account_id, currency_id, height DESC)
2025-01-30 14:16:44 FINE: main Will apply sql:
CREATE INDEX IF NOT EXISTS account_currency_units_idx ON account_currency (units DESC)
2025-01-30 14:16:44 FINE: main Will apply sql:
CREATE INDEX IF NOT EXISTS unconfirmed_transaction_chain_id_idx ON unconfirmed_transaction (chain_id)
2025-01-30 14:16:44 FINE: main Will apply sql:
CREATE TABLE IF NOT EXISTS scan (rescan BOOLEAN NOT NULL DEFAULT FALSE, height INT NOT NULL DEFAULT 0, validate BOOLEAN NOT NULL DEFAULT FALSE)
2025-01-30 14:16:44 FINE: main Will apply sql:
INSERT INTO scan (rescan, height, validate) VALUES (false, 0, false)
2025-01-30 14:16:44 FINE: main Will apply sql:
CREATE TABLE IF NOT EXISTS public_key (db_id IDENTITY, account_id BIGINT NOT NULL, public_key BINARY(32), height INT NOT NULL, latest BOOLEAN NOT NULL DEFAULT TRUE)
2025-01-30 14:16:44 FINE: main Will apply sql:
CREATE INDEX IF NOT EXISTS account_guaranteed_balance_height_idx ON account_guaranteed_balance(height)
2025-01-30 14:16:44 FINE: main Will apply sql:
CREATE TABLE IF NOT EXISTS account_info (db_id IDENTITY, account_id BIGINT NOT NULL, name VARCHAR, description VARCHAR, height INT NOT NULL, latest BOOLEAN NOT NULL DEFAULT TRUE)
2025-01-30 14:16:44 FINE: main Will apply sql:
CREATE UNIQUE INDEX IF NOT EXISTS account_info_id_height_idx ON account_info (account_id, height DESC)
2025-01-30 14:16:44 FINE: main Will apply sql:
CREATE INDEX IF NOT EXISTS account_active_lessee_id_idx ON account (active_lessee_id)
2025-01-30 14:16:44 FINE: main Will apply sql:
CREATE TABLE IF NOT EXISTS account_lease (db_id IDENTITY, lessor_id BIGINT NOT NULL, current_leasing_height_from INT, current_leasing_height_to INT, current_lessee_id BIGINT, next_leasing_height_from INT, next_leasing_height_to INT, next_lessee_id BIGINT, height INT NOT NULL, latest BOOLEAN NOT NULL DEFAULT TRUE)
2025-01-30 14:16:44 FINE: main Will apply sql:
CREATE UNIQUE INDEX IF NOT EXISTS account_lease_lessor_id_height_idx ON account_lease (lessor_id, height DESC)
2025-01-30 14:16:44 FINE: main Will apply sql:
CREATE INDEX IF NOT EXISTS account_lease_current_leasing_height_from_idx ON account_lease (current_leasing_height_from)
2025-01-30 14:16:44 FINE: main Will apply sql:
CREATE INDEX IF NOT EXISTS account_lease_current_leasing_height_to_idx ON account_lease (current_leasing_height_to)
2025-01-30 14:16:44 FINE: main Will apply sql:
CREATE INDEX IF NOT EXISTS account_lease_height_id_idx ON account_lease (height, lessor_id)
2025-01-30 14:16:44 FINE: main Will apply sql:
CREATE INDEX IF NOT EXISTS account_asset_asset_id_idx ON account_asset (asset_id)
2025-01-30 14:16:44 FINE: main Will apply sql:
CREATE INDEX IF NOT EXISTS account_currency_currency_id_idx ON account_currency (currency_id)
2025-01-30 14:16:44 FINE: main Will apply sql:
CREATE INDEX IF NOT EXISTS unconfirmed_transaction_expiration_idx ON unconfirmed_transaction (expiration DESC)
2025-01-30 14:16:44 FINE: main Will apply sql:
CREATE INDEX IF NOT EXISTS account_height_id_idx ON account (height, id)
2025-01-30 14:16:44 FINE: main Will apply sql:
CREATE INDEX IF NOT EXISTS account_asset_height_id_idx ON account_asset (height, account_id, asset_id)
2025-01-30 14:16:44 FINE: main Will apply sql:
CREATE INDEX IF NOT EXISTS account_currency_height_id_idx ON account_currency (height, account_id, currency_id)
2025-01-30 14:16:44 FINE: main Will apply sql:
CREATE INDEX IF NOT EXISTS account_info_height_id_idx ON account_info (height, account_id)
2025-01-30 14:16:44 FINE: main Will apply sql:
CREATE TABLE IF NOT EXISTS account_ledger (db_id IDENTITY, account_id BIGINT NOT NULL, event_type TINYINT NOT NULL, event_id BIGINT NOT NULL, event_hash BINARY(32), chain_id INT NOT NULL, holding_type TINYINT NOT NULL, holding_id BIGINT, change BIGINT NOT NULL, balance BIGINT NOT NULL, block_id BIGINT NOT NULL, height INT NOT NULL, timestamp INT NOT NULL)
2025-01-30 14:16:44 FINE: main Will apply sql:
CREATE INDEX IF NOT EXISTS account_ledger_id_idx ON account_ledger(account_id, db_id)
2025-01-30 14:16:44 FINE: main Will apply sql:
CREATE INDEX IF NOT EXISTS account_ledger_height_idx ON account_ledger(height)
2025-01-30 14:16:44 INFO: main Lucene search index deleted
2025-01-30 14:16:44 INFO: main H2 fulltext function aliases dropped
2025-01-30 14:16:44 INFO: main NRS fulltext schema created
2025-01-30 14:16:44 INFO: main Rebuilding the Lucene search index
2025-01-30 14:16:44 INFO: main Lucene search index deleted
2025-01-30 14:16:44 INFO: main Lucene search index successfully rebuilt
2025-01-30 14:16:44 INFO: main NRS fulltext aliases created
2025-01-30 14:16:44 FINE: main Will apply sql:
CREATE TABLE IF NOT EXISTS account_control_phasing (db_id IDENTITY, account_id BIGINT NOT NULL, whitelist ARRAY, voting_model TINYINT NOT NULL, quorum BIGINT, expression VARCHAR, min_balance BIGINT, holding_id BIGINT, min_balance_model TINYINT, max_fees_chains ARRAY, max_fees ARRAY, min_duration SMALLINT, max_duration SMALLINT, sender_property_setter_id BIGINT, sender_property_name VARCHAR, sender_property_value VARCHAR, recipient_property_setter_id BIGINT, recipient_property_name VARCHAR, recipient_property_value VARCHAR, height INT NOT NULL, latest BOOLEAN NOT NULL DEFAULT TRUE)
2025-01-30 14:16:44 FINE: main Will apply sql:
CREATE UNIQUE INDEX IF NOT EXISTS account_control_phasing_id_height_idx ON account_control_phasing (account_id, height DESC)
2025-01-30 14:16:44 FINE: main Will apply sql:
CREATE INDEX IF NOT EXISTS account_control_phasing_height_id_idx ON account_control_phasing (height, account_id)
2025-01-30 14:16:44 FINE: main Will apply sql:
CREATE TABLE IF NOT EXISTS account_property (db_id IDENTITY, id BIGINT NOT NULL, recipient_id BIGINT NOT NULL, setter_id BIGINT, property VARCHAR NOT NULL, value VARCHAR, height INT NOT NULL, latest BOOLEAN NOT NULL DEFAULT TRUE)
2025-01-30 14:16:44 FINE: main Will apply sql:
CREATE UNIQUE INDEX IF NOT EXISTS account_property_id_height_idx ON account_property (id, height DESC)
2025-01-30 14:16:44 FINE: main Will apply sql:
CREATE INDEX IF NOT EXISTS account_property_height_id_idx ON account_property (height, id)
2025-01-30 14:16:44 FINE: main Will apply sql:
CREATE INDEX IF NOT EXISTS account_property_recipient_height_idx ON account_property (recipient_id, height DESC)
2025-01-30 14:16:44 FINE: main Will apply sql:
CREATE INDEX IF NOT EXISTS account_property_setter_recipient_idx ON account_property (setter_id, recipient_id)
2025-01-30 14:16:44 FINE: main Will apply sql:
CREATE TABLE IF NOT EXISTS asset (db_id IDENTITY, id BIGINT NOT NULL, account_id BIGINT NOT NULL, name VARCHAR NOT NULL, description VARCHAR, quantity BIGINT NOT NULL, decimals TINYINT NOT NULL, has_control_phasing BOOLEAN NOT NULL DEFAULT FALSE, height INT NOT NULL, latest BOOLEAN NOT NULL DEFAULT TRUE)
2025-01-30 14:16:44 FINE: main Will apply sql:
CREATE INDEX IF NOT EXISTS asset_account_id_idx ON asset (account_id)
2025-01-30 14:16:44 FINE: main Will apply sql:
CREATE UNIQUE INDEX IF NOT EXISTS asset_id_height_idx ON asset (id, height DESC)
2025-01-30 14:16:44 FINE: main Will apply sql:
CREATE INDEX IF NOT EXISTS asset_height_id_idx ON asset (height, id)
2025-01-30 14:16:44 FINE: main Will apply sql:
CREATE TABLE IF NOT EXISTS asset_history (db_id IDENTITY, id BIGINT NOT NULL, full_hash BINARY(32) NOT NULL, asset_id BIGINT NOT NULL, account_id BIGINT NOT NULL, quantity BIGINT NOT NULL, timestamp INT NOT NULL, chain_id INT NOT NULL, height INT NOT NULL)
2025-01-30 14:16:44 FINE: main Will apply sql:
CREATE INDEX IF NOT EXISTS asset_history_id_idx ON asset_history (id)
2025-01-30 14:16:44 FINE: main Will apply sql:
CREATE INDEX IF NOT EXISTS asset_history_asset_id_idx ON asset_history (asset_id, height DESC)
2025-01-30 14:16:44 FINE: main Will apply sql:
CREATE INDEX IF NOT EXISTS asset_history_account_id_idx ON asset_history (account_id, height DESC)
2025-01-30 14:16:44 FINE: main Will apply sql:
CREATE INDEX IF NOT EXISTS asset_history_height_idx ON asset_history (height)
2025-01-30 14:16:44 FINE: main Will apply sql:
CREATE TABLE IF NOT EXISTS asset_transfer (db_id IDENTITY, id BIGINT NOT NULL, full_hash BINARY(32) NOT NULL, asset_id BIGINT NOT NULL, sender_id BIGINT NOT NULL, recipient_id BIGINT NOT NULL, quantity BIGINT NOT NULL, timestamp INT NOT NULL, chain_id INT NOT NULL, height INT NOT NULL)
2025-01-30 14:16:44 FINE: main Will apply sql:
CREATE INDEX IF NOT EXISTS asset_transfer_id_idx ON asset_transfer (id)
2025-01-30 14:16:44 FINE: main Will apply sql:
CREATE INDEX IF NOT EXISTS asset_transfer_asset_id_idx ON asset_transfer (asset_id, height DESC)
2025-01-30 14:16:44 FINE: main Will apply sql:
CREATE INDEX IF NOT EXISTS asset_transfer_sender_id_idx ON asset_transfer (sender_id, height DESC)
2025-01-30 14:16:44 FINE: main Will apply sql:
CREATE INDEX IF NOT EXISTS asset_transfer_recipient_id_idx ON asset_transfer (recipient_id, height DESC)
2025-01-30 14:16:44 FINE: main Will apply sql:
CREATE INDEX IF NOT EXISTS asset_transfer_height_idx ON asset_transfer (height)
2025-01-30 14:16:44 FINE: main Will apply sql:
CREATE TABLE IF NOT EXISTS currency (db_id IDENTITY, id BIGINT NOT NULL, account_id BIGINT NOT NULL, name VARCHAR NOT NULL, name_lower VARCHAR NOT NULL, code VARCHAR NOT NULL, description VARCHAR, type INT NOT NULL, chain INT NOT NULL, initial_supply BIGINT NOT NULL DEFAULT 0, reserve_supply BIGINT NOT NULL, max_supply BIGINT NOT NULL, creation_height INT NOT NULL, issuance_height INT NOT NULL, min_reserve_per_unit_nqt BIGINT NOT NULL, min_difficulty TINYINT NOT NULL, max_difficulty TINYINT NOT NULL, ruleset TINYINT NOT NULL, algorithm TINYINT NOT NULL, decimals TINYINT NOT NULL DEFAULT 0, is_deleted BOOLEAN NOT NULL DEFAULT FALSE, height INT NOT NULL, latest BOOLEAN NOT NULL DEFAULT TRUE)
2025-01-30 14:16:44 FINE: main Will apply sql:
CREATE UNIQUE INDEX IF NOT EXISTS currency_id_height_idx ON currency (id, height DESC)
2025-01-30 14:16:44 FINE: main Will apply sql:
CREATE INDEX IF NOT EXISTS currency_account_id_idx ON currency (account_id)
2025-01-30 14:16:44 FINE: main Will apply sql:
CREATE INDEX IF NOT EXISTS currency_name_idx ON currency (name_lower, chain, height DESC)
2025-01-30 14:16:44 FINE: main Will apply sql:
CREATE INDEX IF NOT EXISTS currency_code_idx ON currency (code, chain, height DESC)
2025-01-30 14:16:44 FINE: main Will apply sql:
CREATE INDEX IF NOT EXISTS currency_creation_height_idx ON currency (creation_height DESC)
2025-01-30 14:16:44 FINE: main Will apply sql:
CREATE INDEX IF NOT EXISTS currency_issuance_height_idx ON currency (issuance_height)
2025-01-30 14:16:44 FINE: main Will apply sql:
CREATE INDEX IF NOT EXISTS currency_height_id_idx ON currency (height, id)
2025-01-30 14:16:44 FINE: main Will apply sql:
CREATE TABLE IF NOT EXISTS currency_supply (db_id IDENTITY, id BIGINT NOT NULL, current_supply BIGINT NOT NULL, current_reserve_per_unit_nqt BIGINT NOT NULL, height INT NOT NULL, latest BOOLEAN NOT NULL DEFAULT TRUE)
2025-01-30 14:16:44 FINE: main Will apply sql:
CREATE UNIQUE INDEX IF NOT EXISTS currency_supply_id_height_idx ON currency_supply (id, height DESC)
2025-01-30 14:16:44 FINE: main Will apply sql:
CREATE INDEX IF NOT EXISTS currency_supply_height_id_idx ON currency_supply (height, id)
2025-01-30 14:16:44 FINE: main Will apply sql:
CREATE TABLE IF NOT EXISTS phasing_poll_finish (db_id IDENTITY, transaction_id BIGINT NOT NULL, full_hash BINARY(32) NOT NULL, chain_id INT NOT NULL, finish_height INT NOT NULL, height INT NOT NULL)
2025-01-30 14:16:44 FINE: main Will apply sql:
CREATE INDEX IF NOT EXISTS phasing_poll_finish_finish_height_idx ON phasing_poll_finish (finish_height)
2025-01-30 14:16:44 FINE: main Will apply sql:
CREATE INDEX IF NOT EXISTS phasing_poll_finish_height_idx ON phasing_poll_finish (height)
2025-01-30 14:16:44 FINE: main Will apply sql:
CREATE TABLE IF NOT EXISTS currency_mint (db_id IDENTITY, currency_id BIGINT NOT NULL, account_id BIGINT NOT NULL, counter BIGINT NOT NULL, height INT NOT NULL, latest BOOLEAN NOT NULL DEFAULT TRUE)
2025-01-30 14:16:44 FINE: main Will apply sql:
CREATE UNIQUE INDEX IF NOT EXISTS currency_mint_currency_id_account_id_idx ON currency_mint (currency_id, account_id, height DESC)
2025-01-30 14:16:44 FINE: main Will apply sql:
CREATE INDEX IF NOT EXISTS currency_mint_height_id_idx ON currency_mint (height, currency_id, account_id)
2025-01-30 14:16:44 FINE: main Will apply sql:
CREATE TABLE IF NOT EXISTS currency_transfer (db_id IDENTITY, id BIGINT NOT NULL, full_hash BINARY(32) NOT NULL, currency_id BIGINT NOT NULL, sender_id BIGINT NOT NULL, recipient_id BIGINT NOT NULL, units BIGINT NOT NULL, timestamp INT NOT NULL, chain_id INT NOT NULL, height INT NOT NULL)
2025-01-30 14:16:44 FINE: main Will apply sql:
CREATE INDEX IF NOT EXISTS currency_transfer_id_idx ON currency_transfer (id)
2025-01-30 14:16:44 FINE: main Will apply sql:
CREATE INDEX IF NOT EXISTS currency_transfer_currency_id_idx ON currency_transfer (currency_id, height DESC)
2025-01-30 14:16:44 FINE: main Will apply sql:
CREATE INDEX IF NOT EXISTS currency_transfer_sender_id_idx ON currency_transfer (sender_id, height DESC)
2025-01-30 14:16:44 FINE: main Will apply sql:
CREATE INDEX IF NOT EXISTS currency_transfer_recipient_id_idx ON currency_transfer (recipient_id, height DESC)
2025-01-30 14:16:44 FINE: main Will apply sql:
CREATE INDEX IF NOT EXISTS currency_transfer_height_idx ON currency_transfer(height)
2025-01-30 14:16:44 FINE: main Will apply sql:
CREATE INDEX IF NOT EXISTS phasing_poll_finish_id_idx ON phasing_poll_finish (transaction_id)
2025-01-30 14:16:44 FINE: main Will apply sql:
CREATE TABLE IF NOT EXISTS phasing_poll_linked_transaction (db_id IDENTITY, chain_id INT NOT NULL, transaction_id BIGINT NOT NULL, transaction_full_hash BINARY(32) NOT NULL, linked_chain_id INT NOT NULL, linked_full_hash BINARY(32) NOT NULL, linked_transaction_id BIGINT NOT NULL, sub_poll_name VARCHAR, height INT NOT NULL)
2025-01-30 14:16:44 FINE: main Will apply sql:
CREATE INDEX IF NOT EXISTS phasing_poll_linked_transaction_id_link_idx ON phasing_poll_linked_transaction (transaction_id, linked_transaction_id)
2025-01-30 14:16:44 FINE: main Will apply sql:
CREATE INDEX IF NOT EXISTS phasing_poll_linked_transaction_height_idx ON phasing_poll_linked_transaction (height)
2025-01-30 14:16:44 FINE: main Will apply sql:
CREATE INDEX IF NOT EXISTS phasing_poll_linked_transaction_link_id_idx ON phasing_poll_linked_transaction (linked_transaction_id, transaction_id)
2025-01-30 14:16:44 FINE: main Will apply sql:
CREATE TABLE IF NOT EXISTS balance_fxt (db_id IDENTITY, account_id BIGINT NOT NULL, balance BIGINT NOT NULL, unconfirmed_balance BIGINT NOT NULL, height INT NOT NULL, latest BOOLEAN NOT NULL DEFAULT TRUE)
2025-01-30 14:16:44 FINE: main Will apply sql:
CREATE UNIQUE INDEX IF NOT EXISTS balance_fxt_id_height_idx ON balance_fxt (account_id, height DESC)
2025-01-30 14:16:44 FINE: main Will apply sql:
CREATE INDEX IF NOT EXISTS balance_fxt_height_id_idx ON balance_fxt (height, account_id)
2025-01-30 14:16:44 FINE: main Will apply sql:
CREATE TABLE IF NOT EXISTS coin_order_fxt (db_id IDENTITY, id BIGINT NOT NULL,account_id BIGINT NOT NULL, chain_id INT NOT NULL, exchange_id INT NOT NULL, full_hash BINARY(32) NOT NULL, amount BIGINT NOT NULL, quantity BIGINT NOT NULL, bid_price BIGINT NOT NULL, ask_price BIGINT NOT NULL, creation_height INT NOT NULL, height INT NOT NULL, transaction_height INT NOT NULL, transaction_index SMALLINT NOT NULL, latest BOOLEAN NOT NULL DEFAULT TRUE)
2025-01-30 14:16:44 FINE: main Will apply sql:
CREATE INDEX IF NOT EXISTS coin_order_fxt_id_idx ON coin_order_fxt (id, height DESC)
2025-01-30 14:16:44 FINE: main Will apply sql:
CREATE INDEX IF NOT EXISTS coin_order_fxt_chain_idx ON coin_order_fxt (chain_id, exchange_id)
2025-01-30 14:16:44 FINE: main Will apply sql:
CREATE INDEX IF NOT EXISTS coin_order_fxt_exchange_idx ON coin_order_fxt (exchange_id)
2025-01-30 14:16:44 FINE: main Will apply sql:
CREATE INDEX IF NOT EXISTS coin_order_fxt_account_idx ON coin_order_fxt (account_id)
2025-01-30 14:16:44 FINE: main Will apply sql:
CREATE TABLE IF NOT EXISTS coin_trade_fxt (db_id IDENTITY, chain_id INT NOT NULL, exchange_id INT NOT NULL, account_id BIGINT NOT NULL, block_id BIGINT NOT NULL, height INT NOT NULL, timestamp INT NOT NULL, exchange_quantity BIGINT NOT NULL, exchange_price BINARY(16) NOT NULL, order_id BIGINT NOT NULL, order_full_hash BINARY(32) NOT NULL, match_id BIGINT NOT NULL, match_full_hash BINARY(32) NOT NULL)
2025-01-30 14:16:44 FINE: main Will apply sql:
CREATE INDEX IF NOT EXISTS coin_trade_fxt_chain_idx ON coin_trade_fxt (chain_id)
2025-01-30 14:16:44 FINE: main Will apply sql:
CREATE INDEX IF NOT EXISTS coin_trade_fxt_exchange_idx ON coin_trade_fxt (exchange_id)
2025-01-30 14:16:44 FINE: main Will apply sql:
CREATE INDEX IF NOT EXISTS coin_trade_fxt_account_idx ON coin_trade_fxt (account_id)
2025-01-30 14:16:44 FINE: main Will apply sql:
CREATE INDEX IF NOT EXISTS coin_trade_fxt_order_idx ON coin_trade_fxt (order_id)
2025-01-30 14:16:44 FINE: main Will apply sql:
CREATE UNIQUE INDEX IF NOT EXISTS public_key_account_id_height_idx ON public_key (account_id, height DESC)
2025-01-30 14:16:44 FINE: main Will apply sql:
CREATE TABLE IF NOT EXISTS phasing_poll_result (db_id IDENTITY, id BIGINT NOT NULL, full_hash BINARY(32) NOT NULL, chain_id INT NOT NULL, result BIGINT NOT NULL, approved BOOLEAN NOT NULL, height INT NOT NULL)
2025-01-30 14:16:44 FINE: main Will apply sql:
CREATE INDEX IF NOT EXISTS phasing_poll_result_id_idx ON phasing_poll_result(id)
2025-01-30 14:16:44 FINE: main Will apply sql:
CREATE INDEX IF NOT EXISTS phasing_poll_result_height_idx ON phasing_poll_result(height)
2025-01-30 14:16:44 FINE: main Will apply sql:
CREATE TABLE IF NOT EXISTS prunable_message (db_id IDENTITY, id BIGINT NOT NULL, full_hash BINARY(32) NOT NULL, sender_id BIGINT NOT NULL, recipient_id BIGINT, message VARBINARY, message_is_text BOOLEAN NOT NULL, is_compressed BOOLEAN NOT NULL, encrypted_message VARBINARY, encrypted_is_text BOOLEAN DEFAULT FALSE, block_timestamp INT NOT NULL, transaction_timestamp INT NOT NULL, height INT NOT NULL)
2025-01-30 14:16:44 FINE: main Will apply sql:
CREATE INDEX IF NOT EXISTS prunable_message_id_idx ON prunable_message (id)
2025-01-30 14:16:44 FINE: main Will apply sql:
CREATE INDEX IF NOT EXISTS prunable_message_transaction_timestamp_idx ON prunable_message (transaction_timestamp DESC)
2025-01-30 14:16:44 FINE: main Will apply sql:
CREATE INDEX IF NOT EXISTS prunable_message_sender_idx ON prunable_message (sender_id)
2025-01-30 14:16:44 FINE: main Will apply sql:
CREATE INDEX IF NOT EXISTS prunable_message_recipient_idx ON prunable_message (recipient_id)
2025-01-30 14:16:44 FINE: main Will apply sql:
CREATE INDEX IF NOT EXISTS prunable_message_block_timestamp_dbid_idx ON prunable_message (block_timestamp DESC, db_id DESC)
2025-01-30 14:16:44 FINE: main Will apply sql:
CREATE TABLE IF NOT EXISTS account_control_phasing_sub_poll (db_id IDENTITY, account_id BIGINT NOT NULL, name VARCHAR, whitelist ARRAY, voting_model TINYINT NOT NULL, quorum BIGINT, min_balance BIGINT, sender_property_setter_id BIGINT, sender_property_name VARCHAR, sender_property_value VARCHAR, recipient_property_setter_id BIGINT, recipient_property_name VARCHAR, recipient_property_value VARCHAR, holding_id BIGINT, min_balance_model TINYINT, height INT NOT NULL, latest BOOLEAN NOT NULL DEFAULT TRUE)
2025-01-30 14:16:44 FINE: main Will apply sql:
CREATE INDEX IF NOT EXISTS account_control_phasing_sub_poll_id_height_idx ON account_control_phasing_sub_poll (account_id, height DESC)
2025-01-30 14:16:44 FINE: main Will apply sql:
CREATE INDEX IF NOT EXISTS account_control_phasing_sub_poll_height_id_idx ON account_control_phasing_sub_poll (height, account_id)
2025-01-30 14:16:44 FINE: main Will apply sql:
CREATE TABLE IF NOT EXISTS asset_control_phasing (db_id IDENTITY, asset_id BIGINT NOT NULL, voting_model TINYINT NOT NULL, quorum BIGINT, min_balance BIGINT, holding_id BIGINT, min_balance_model TINYINT, whitelist ARRAY, expression VARCHAR, sender_property_setter_id BIGINT, sender_property_name VARCHAR, sender_property_value VARCHAR, recipient_property_setter_id BIGINT, recipient_property_name VARCHAR, recipient_property_value VARCHAR, height INT NOT NULL, latest BOOLEAN NOT NULL DEFAULT TRUE)
2025-01-30 14:16:44 FINE: main Will apply sql:
CREATE TABLE IF NOT EXISTS asset_control_phasing_sub_poll (db_id IDENTITY, asset_id BIGINT NOT NULL, name VARCHAR, voting_model TINYINT NOT NULL, quorum BIGINT, min_balance BIGINT, holding_id BIGINT, min_balance_model TINYINT, whitelist ARRAY, sender_property_setter_id BIGINT, sender_property_name VARCHAR, sender_property_value VARCHAR, recipient_property_setter_id BIGINT, recipient_property_name VARCHAR, recipient_property_value VARCHAR, height INT NOT NULL, latest BOOLEAN NOT NULL DEFAULT TRUE)
2025-01-30 14:16:44 FINE: main Will apply sql:
CREATE INDEX IF NOT EXISTS asset_control_phasing_id_height_idx ON asset_control_phasing (asset_id, height DESC)
2025-01-30 14:16:44 FINE: main Will apply sql:
CREATE INDEX IF NOT EXISTS asset_control_phasing_height_id_idx ON asset_control_phasing (height, asset_id)
2025-01-30 14:16:44 FINE: main Will apply sql:
CREATE INDEX IF NOT EXISTS asset_control_phasing_sub_poll_id_height_idx ON asset_control_phasing_sub_poll (asset_id, height DESC)
2025-01-30 14:16:44 FINE: main Will apply sql:
CREATE INDEX IF NOT EXISTS asset_control_phasing_sub_poll_height_id_idx ON asset_control_phasing_sub_poll (height, asset_id)
2025-01-30 14:16:44 INFO: main Lucene search index deleted
2025-01-30 14:16:44 INFO: main Rebuilding the Lucene search index
2025-01-30 14:16:44 INFO: main Lucene search index deleted
2025-01-30 14:16:44 INFO: main Lucene search index successfully rebuilt
2025-01-30 14:16:44 FINE: main Will apply sql:
TRUNCATE TABLE coin_trade_fxt
2025-01-30 14:16:44 FINE: main Will apply sql:
ALTER TABLE coin_trade_fxt ALTER COLUMN exchange_price BIGINT NOT NULL
2025-01-30 14:16:44 FINE: main Database connection pool current size: 3
2025-01-30 14:16:44 FINE: main Will apply sql:
CREATE INDEX IF NOT EXISTS public_key_height_idx ON public_key (height)
2025-01-30 14:16:44 FINE: main Will apply sql:
CREATE INDEX IF NOT EXISTS prunable_message_height_idx ON prunable_message (height)
2025-01-30 14:16:44 FINE: main Will apply sql:
CREATE TABLE IF NOT EXISTS contract_reference (db_id IDENTITY, id BIGINT NOT NULL, account_id BIGINT NOT NULL, contract_name VARCHAR NOT NULL, contract_params VARCHAR, contract_transaction_chain_id INT NOT NULL, contract_transaction_full_hash BINARY(32), height INT NOT NULL, latest BOOLEAN NOT NULL DEFAULT TRUE)
2025-01-30 14:16:44 FINE: main Will apply sql:
CREATE UNIQUE INDEX IF NOT EXISTS contract_reference_id_height_idx ON contract_reference (id, height DESC)
2025-01-30 14:16:44 FINE: main Will apply sql:
CREATE INDEX IF NOT EXISTS contract_reference_height_id_idx ON contract_reference (height, id)
2025-01-30 14:16:44 FINE: main Will apply sql:
CREATE INDEX IF NOT EXISTS contract_reference_account_height_idx ON contract_reference (account_id, height DESC)
2025-01-30 14:16:44 FINE: main Will apply sql:
DELETE FROM unconfirmed_transaction
2025-01-30 14:16:44 FINE: main Will apply sql:
CREATE TABLE IF NOT EXISTS asset_property (   db_id IDENTITY,    id BIGINT NOT NULL,    asset_id BIGINT NOT NULL,    setter_id BIGINT NOT NULL,    property VARCHAR NOT NULL,    value VARCHAR,    height INT NOT NULL,    latest BOOLEAN NOT NULL DEFAULT TRUE)
2025-01-30 14:16:44 FINE: main Will apply sql:
CREATE UNIQUE INDEX IF NOT EXISTS asset_property_id_height_idx ON asset_property (id, height DESC)
2025-01-30 14:16:44 FINE: main Will apply sql:
CREATE INDEX IF NOT EXISTS asset_property_height_id_idx ON asset_property (height, id)
2025-01-30 14:16:44 FINE: main Will apply sql:
CREATE INDEX IF NOT EXISTS asset_property_asset_height_idx ON asset_property (asset_id, height DESC)
2025-01-30 14:16:44 FINE: main Will apply sql:
CREATE INDEX IF NOT EXISTS asset_property_setter_property_idx ON asset_property (setter_id, property)
2025-01-30 14:16:44 FINE: main Will apply sql:
CREATE TABLE IF NOT EXISTS holding_freeze (   db_id IDENTITY,    holding_id BIGINT NOT NULL,    holding_type VARCHAR NOT NULL CHECK (holding_type IN ('ASSET', 'CURRENCY')),    min_height INT NOT NULL,    actual_height INT NOT NULL,    height INT NOT NULL,    latest BOOLEAN NOT NULL DEFAULT TRUE)
2025-01-30 14:16:44 FINE: main Will apply sql:
CREATE UNIQUE INDEX IF NOT EXISTS holding_freeze_holding_id_holding_type_idx ON holding_freeze (holding_id, holding_type, height DESC)
2025-01-30 14:16:44 FINE: main Will apply sql:
CREATE INDEX IF NOT EXISTS holding_freeze_actual_height_idx ON holding_freeze (actual_height)
2025-01-30 14:16:44 FINE: main Will apply sql:
CREATE INDEX IF NOT EXISTS holding_freeze_height_idx ON holding_freeze (height)
2025-01-30 14:16:44 FINE: main Will apply sql:
CREATE TABLE IF NOT EXISTS holding_migrate (   db_id IDENTITY,    holding_id BIGINT,    holding_type VARCHAR NOT NULL CHECK (holding_type IN ('ASSET', 'CURRENCY', 'COIN')),    child_chain_id INT NOT NULL,    min_height INT NOT NULL,    actual_height INT NOT NULL,    height INT NOT NULL,    latest BOOLEAN NOT NULL DEFAULT TRUE)
2025-01-30 14:16:44 FINE: main Will apply sql:
CREATE UNIQUE INDEX IF NOT EXISTS holding_migrate_child_chain_id_idx ON holding_migrate (child_chain_id, height DESC)
2025-01-30 14:16:44 FINE: main Will apply sql:
CREATE INDEX IF NOT EXISTS holding_migrate_holding_id_holding_type_idx ON holding_migrate (holding_id, holding_type)
2025-01-30 14:16:44 FINE: main Will apply sql:
CREATE INDEX IF NOT EXISTS holding_migrate_actual_height_idx ON holding_migrate (actual_height)
2025-01-30 14:16:44 FINE: main Will apply sql:
CREATE INDEX IF NOT EXISTS holding_migrate_height_idx ON holding_migrate (height)
2025-01-30 14:16:44 FINE: main Average database transaction time is 0.000 seconds
2025-01-30 14:16:44 FINE: main Will apply sql:
CREATE TABLE IF NOT EXISTS phasing_poll_hashed_secret (db_id IDENTITY, hashed_secret VARBINARY NOT NULL,hashed_secret_id BIGINT NOT NULL, algorithm TINYINT NOT NULL, transaction_full_hash BINARY(32), transaction_id BIGINT NOT NULL, chain_id INT NOT NULL, finish_height INT NOT NULL, height INT NOT NULL)
2025-01-30 14:16:44 FINE: main Will apply sql:
CREATE INDEX IF NOT EXISTS phasing_poll_hashed_secret_id_ix ON phasing_poll_hashed_secret (hashed_secret_id)
2025-01-30 14:16:44 FINE: main Will apply sql:
CREATE INDEX IF NOT EXISTS phasing_poll_hashed_secret_transaction_id_idx ON phasing_poll_hashed_secret (transaction_id)
2025-01-30 14:16:44 FINE: main Will apply sql:
CREATE INDEX IF NOT EXISTS phasing_poll_hashed_secret_height_idx ON phasing_poll_hashed_secret (height)
2025-01-30 14:16:44 FINE: main Will apply sql:
CREATE INDEX IF NOT EXISTS transaction_fxt_block_id_idx ON transaction_fxt (block_id)
2025-01-30 14:16:44 FINE: main Will apply sql:
UPDATE holding_freeze SET height = -1
2025-01-30 14:16:44 FINE: main Will apply sql:
UPDATE holding_migrate SET height = -1
2025-01-30 14:16:44 FINE: main Will apply sql:
UPDATE account_control_phasing SET max_fees=ARRAY[], max_fees_chains=ARRAY[] WHERE max_fees=ARRAY[0]
2025-01-30 14:16:44 FINE: main Will apply sql:
CREATE TABLE IF NOT EXISTS blacklisted_open_api_nodes (host VARCHAR PRIMARY KEY, unblacklist_time INT)
2025-01-30 14:16:44 FINE: main Will apply sql:
CREATE ALIAS CAN_BE_TRIMMED FOR "nxt.db.TrimmableDbTable.canBeTrimmed"
2025-01-30 14:16:44 FINE: main Will apply sql:
CREATE INDEX IF NOT EXISTS coin_trade_fxt_height_idx ON coin_trade_fxt (height)
2025-01-30 14:16:44 FINE: main Will apply sql:
ALTER TABLE asset_control_phasing ADD COLUMN id BIGINT BEFORE asset_id
2025-01-30 14:16:44 FINE: main Will apply sql:
ALTER TABLE asset_control_phasing_sub_poll ADD COLUMN id BIGINT BEFORE asset_id
2025-01-30 14:16:44 FINE: main Will apply sql:
DELETE FROM asset_control_phasing_sub_poll WHERE id IS NULL
2025-01-30 14:16:44 FINE: main Will apply sql:
ALTER TABLE asset_control_phasing ALTER COLUMN id SET NOT NULL
2025-01-30 14:16:44 FINE: main Will apply sql:
ALTER TABLE asset_control_phasing_sub_poll ALTER COLUMN id SET NOT NULL
2025-01-30 14:16:44 FINE: main Will apply sql:
DROP INDEX IF EXISTS asset_control_phasing_sub_poll_id_height_idx
2025-01-30 14:16:44 FINE: main Will apply sql:
DROP INDEX IF EXISTS asset_control_phasing_sub_poll_height_id_idx
2025-01-30 14:16:44 FINE: main Will apply sql:
ALTER TABLE asset_control_phasing_sub_poll DROP COLUMN asset_id
2025-01-30 14:16:44 FINE: main Will apply sql:
CREATE INDEX IF NOT EXISTS asset_control_phasing_sub_poll_id_height_idx ON asset_control_phasing_sub_poll (id, height DESC)
2025-01-30 14:16:44 FINE: main Will apply sql:
CREATE INDEX IF NOT EXISTS asset_control_phasing_sub_poll_height_id_idx ON asset_control_phasing_sub_poll (height, id)
2025-01-30 14:16:44 FINE: main Will apply sql:
DROP INDEX IF EXISTS asset_control_phasing_id_height_idx
2025-01-30 14:16:44 FINE: main Will apply sql:
DROP INDEX IF EXISTS asset_control_phasing_height_id_idx
2025-01-30 14:16:44 FINE: main Will apply sql:
CREATE INDEX IF NOT EXISTS asset_control_phasing_id_height_idx ON asset_control_phasing (id, height DESC)
2025-01-30 14:16:44 FINE: main Will apply sql:
CREATE INDEX IF NOT EXISTS asset_control_phasing_height_id_idx ON asset_control_phasing (height, id)
2025-01-30 14:16:44 FINE: main Will apply sql:
CREATE INDEX IF NOT EXISTS asset_control_phasing_asset_id_idx ON asset_control_phasing (asset_id)
2025-01-30 14:16:44 FINE: main Will apply sql:
ALTER TABLE asset_control_phasing ADD COLUMN transaction_types_bitmask BIGINT NOT NULL DEFAULT 103 AFTER asset_id
2025-01-30 14:16:44 FINE: main Will apply sql:
ALTER TABLE asset ADD COLUMN royalties_percentage INT AFTER has_control_phasing
2025-01-30 14:16:44 INFO: main Initializing an empty database
2025-01-30 14:16:44 FINE: main Will apply sql:
CREATE TABLE IF NOT EXISTS transaction (db_id IDENTITY, id BIGINT NOT NULL, deadline SMALLINT NOT NULL, recipient_id BIGINT, transaction_index SMALLINT NOT NULL, amount BIGINT NOT NULL, fee BIGINT NOT NULL, full_hash BINARY(32) NOT NULL, height INT NOT NULL, block_id BIGINT NOT NULL, signature BINARY(64) NOT NULL, timestamp INT NOT NULL, type TINYINT NOT NULL, subtype TINYINT NOT NULL, sender_id BIGINT NOT NULL, block_timestamp INT NOT NULL, referenced_transaction_chain_id INT, referenced_transaction_full_hash BINARY(32), referenced_transaction_id BIGINT, phased BOOLEAN NOT NULL DEFAULT FALSE, fxt_transaction_id BIGINT NOT NULL, attachment_bytes VARBINARY, version TINYINT NOT NULL, has_message BOOLEAN NOT NULL DEFAULT FALSE, has_encrypted_message BOOLEAN NOT NULL DEFAULT FALSE, has_public_key_announcement BOOLEAN NOT NULL DEFAULT FALSE, ec_block_height INT DEFAULT NULL, ec_block_id BIGINT DEFAULT NULL, has_encrypttoself_message BOOLEAN NOT NULL DEFAULT FALSE, has_prunable_message BOOLEAN NOT NULL DEFAULT FALSE, has_prunable_encrypted_message BOOLEAN NOT NULL DEFAULT FALSE, has_prunable_attachment BOOLEAN NOT NULL DEFAULT FALSE)
2025-01-30 14:16:44 FINE: main Will apply sql:
CREATE INDEX IF NOT EXISTS transaction_id_idx ON transaction (id)
2025-01-30 14:16:44 FINE: main Will apply sql:
CREATE INDEX IF NOT EXISTS transaction_sender_id_idx ON transaction (sender_id)
2025-01-30 14:16:44 FINE: main Will apply sql:
CREATE INDEX IF NOT EXISTS transaction_recipient_id_idx ON transaction (recipient_id)
2025-01-30 14:16:44 FINE: main Will apply sql:
CREATE INDEX IF NOT EXISTS transaction_block_timestamp_idx ON transaction (block_timestamp DESC)
2025-01-30 14:16:44 FINE: main Will apply sql:
CREATE TABLE IF NOT EXISTS alias (db_id IDENTITY, id BIGINT NOT NULL, account_id BIGINT NOT NULL, alias_name VARCHAR NOT NULL, alias_name_lower VARCHAR NOT NULL, alias_uri VARCHAR NOT NULL, timestamp INT NOT NULL, height INT NOT NULL, latest BOOLEAN NOT NULL DEFAULT TRUE)
2025-01-30 14:16:44 FINE: main Will apply sql:
CREATE UNIQUE INDEX IF NOT EXISTS alias_id_height_idx ON alias (id, height DESC)
2025-01-30 14:16:44 FINE: main Will apply sql:
CREATE INDEX IF NOT EXISTS alias_account_id_idx ON alias (account_id, height DESC)
2025-01-30 14:16:44 FINE: main Will apply sql:
CREATE INDEX IF NOT EXISTS alias_name_lower_idx ON alias (alias_name_lower)
2025-01-30 14:16:44 FINE: main Will apply sql:
CREATE TABLE IF NOT EXISTS alias_offer (db_id IDENTITY, id BIGINT NOT NULL, price BIGINT NOT NULL, buyer_id BIGINT, height INT NOT NULL, latest BOOLEAN DEFAULT TRUE NOT NULL)
2025-01-30 14:16:44 FINE: main Will apply sql:
CREATE UNIQUE INDEX IF NOT EXISTS alias_offer_id_height_idx ON alias_offer (id, height DESC)
2025-01-30 14:16:44 FINE: main Will apply sql:
CREATE TABLE IF NOT EXISTS trade (db_id IDENTITY, asset_id BIGINT NOT NULL, block_id BIGINT NOT NULL, ask_order_id BIGINT NOT NULL, ask_order_full_hash BINARY(32) NOT NULL, bid_order_id BIGINT NOT NULL, bid_order_full_hash BINARY(32) NOT NULL, ask_order_height INT NOT NULL, bid_order_height INT NOT NULL, seller_id BIGINT NOT NULL, buyer_id BIGINT NOT NULL, is_buy BOOLEAN NOT NULL, quantity BIGINT NOT NULL, price BIGINT NOT NULL, timestamp INT NOT NULL, height INT NOT NULL)
2025-01-30 14:16:44 FINE: main Will apply sql:
CREATE INDEX IF NOT EXISTS trade_asset_id_idx ON trade (asset_id, height DESC)
2025-01-30 14:16:44 FINE: main Will apply sql:
CREATE INDEX IF NOT EXISTS trade_seller_id_idx ON trade (seller_id, height DESC)
2025-01-30 14:16:44 FINE: main Will apply sql:
CREATE INDEX IF NOT EXISTS trade_buyer_id_idx ON trade (buyer_id, height DESC)
2025-01-30 14:16:44 FINE: main Will apply sql:
CREATE TABLE IF NOT EXISTS ask_order (db_id IDENTITY, id BIGINT NOT NULL, full_hash BINARY(32) NOT NULL, account_id BIGINT NOT NULL, asset_id BIGINT NOT NULL, price BIGINT NOT NULL, transaction_index SMALLINT NOT NULL, transaction_height INT NOT NULL, quantity BIGINT NOT NULL, creation_height INT NOT NULL, height INT NOT NULL, latest BOOLEAN NOT NULL DEFAULT TRUE)
2025-01-30 14:16:44 FINE: main Will apply sql:
CREATE UNIQUE INDEX IF NOT EXISTS ask_order_id_height_idx ON ask_order (id, height DESC)
2025-01-30 14:16:44 FINE: main Will apply sql:
CREATE INDEX IF NOT EXISTS ask_order_account_id_idx ON ask_order (account_id, height DESC)
2025-01-30 14:16:44 FINE: main Will apply sql:
CREATE INDEX IF NOT EXISTS ask_order_asset_id_price_idx ON ask_order (asset_id, price)
2025-01-30 14:16:44 FINE: main Will apply sql:
CREATE TABLE IF NOT EXISTS bid_order (db_id IDENTITY, id BIGINT NOT NULL, full_hash BINARY(32) NOT NULL, account_id BIGINT NOT NULL, asset_id BIGINT NOT NULL, price BIGINT NOT NULL, transaction_index SMALLINT NOT NULL, transaction_height INT NOT NULL, amount BIGINT NOT NULL, quantity BIGINT NOT NULL, creation_height INT NOT NULL, height INT NOT NULL, latest BOOLEAN NOT NULL DEFAULT TRUE)
2025-01-30 14:16:44 FINE: main Will apply sql:
CREATE UNIQUE INDEX IF NOT EXISTS bid_order_id_height_idx ON bid_order (id, height DESC)
2025-01-30 14:16:44 FINE: main Will apply sql:
CREATE INDEX IF NOT EXISTS bid_order_account_id_idx ON bid_order (account_id, height DESC)
2025-01-30 14:16:44 FINE: main Will apply sql:
CREATE INDEX IF NOT EXISTS bid_order_asset_id_price_idx ON bid_order (asset_id, price DESC)
2025-01-30 14:16:44 FINE: main Will apply sql:
CREATE TABLE IF NOT EXISTS goods (db_id IDENTITY, id BIGINT NOT NULL, full_hash BINARY(32), seller_id BIGINT NOT NULL, name VARCHAR NOT NULL, description VARCHAR, parsed_tags ARRAY, has_image BOOLEAN NOT NULL, tags VARCHAR, timestamp INT NOT NULL, quantity INT NOT NULL, price BIGINT NOT NULL, delisted BOOLEAN NOT NULL, height INT NOT NULL, latest BOOLEAN NOT NULL DEFAULT TRUE)
2025-01-30 14:16:44 FINE: main Will apply sql:
CREATE UNIQUE INDEX IF NOT EXISTS goods_id_height_idx ON goods (id, height DESC)
2025-01-30 14:16:44 FINE: main Will apply sql:
CREATE INDEX IF NOT EXISTS goods_seller_id_name_idx ON goods (seller_id, name)
2025-01-30 14:16:44 FINE: main Will apply sql:
CREATE INDEX IF NOT EXISTS goods_timestamp_idx ON goods (timestamp DESC, height DESC)
2025-01-30 14:16:44 FINE: main Will apply sql:
CREATE TABLE IF NOT EXISTS purchase (db_id IDENTITY, id BIGINT NOT NULL, buyer_id BIGINT NOT NULL, goods_id BIGINT NOT NULL, seller_id BIGINT NOT NULL, quantity INT NOT NULL, price BIGINT NOT NULL, deadline INT NOT NULL, note VARBINARY, nonce BINARY(32), timestamp INT NOT NULL, pending BOOLEAN NOT NULL, goods VARBINARY, goods_nonce BINARY(32), goods_is_text BOOLEAN NOT NULL DEFAULT TRUE, refund_note VARBINARY, refund_nonce BINARY(32), has_feedback_notes BOOLEAN NOT NULL DEFAULT FALSE, has_public_feedbacks BOOLEAN NOT NULL DEFAULT FALSE, discount BIGINT NOT NULL, refund BIGINT NOT NULL, height INT NOT NULL, latest BOOLEAN NOT NULL DEFAULT TRUE)
2025-01-30 14:16:44 FINE: main Will apply sql:
CREATE UNIQUE INDEX IF NOT EXISTS purchase_id_height_idx ON purchase (id, height DESC)
2025-01-30 14:16:44 FINE: main Will apply sql:
CREATE INDEX IF NOT EXISTS purchase_buyer_id_height_idx ON purchase (buyer_id, height DESC)
2025-01-30 14:16:44 FINE: main Will apply sql:
CREATE INDEX IF NOT EXISTS purchase_seller_id_height_idx ON purchase (seller_id, height DESC)
2025-01-30 14:16:44 FINE: main Will apply sql:
CREATE INDEX IF NOT EXISTS purchase_deadline_idx ON purchase (deadline DESC, height DESC)
2025-01-30 14:16:44 FINE: main Will apply sql:
CREATE TABLE IF NOT EXISTS balance (db_id IDENTITY, account_id BIGINT NOT NULL, balance BIGINT NOT NULL, unconfirmed_balance BIGINT NOT NULL, height INT NOT NULL, latest BOOLEAN NOT NULL DEFAULT TRUE)
2025-01-30 14:16:44 FINE: main Will apply sql:
CREATE UNIQUE INDEX IF NOT EXISTS balance_id_height_idx ON balance (account_id, height DESC)
2025-01-30 14:16:44 FINE: main Will apply sql:
CREATE TABLE IF NOT EXISTS purchase_feedback (db_id IDENTITY, id BIGINT NOT NULL, feedback_data VARBINARY NOT NULL, feedback_nonce BINARY(32) NOT NULL, height INT NOT NULL, latest BOOLEAN NOT NULL DEFAULT TRUE)
2025-01-30 14:16:44 FINE: main Will apply sql:
CREATE INDEX IF NOT EXISTS purchase_feedback_id_height_idx ON purchase_feedback (id, height DESC)
2025-01-30 14:16:44 FINE: main Will apply sql:
CREATE TABLE IF NOT EXISTS purchase_public_feedback (db_id IDENTITY, id BIGINT NOT NULL, public_feedback VARCHAR NOT NULL, height INT NOT NULL, latest BOOLEAN NOT NULL DEFAULT TRUE)
2025-01-30 14:16:44 FINE: main Will apply sql:
CREATE INDEX IF NOT EXISTS purchase_public_feedback_id_height_idx ON purchase_public_feedback (id, height DESC)
2025-01-30 14:16:44 FINE: main Will apply sql:
CREATE INDEX IF NOT EXISTS purchase_timestamp_idx ON purchase (timestamp DESC, id)
2025-01-30 14:16:44 FINE: main Will apply sql:
CREATE INDEX IF NOT EXISTS ask_order_creation_idx ON ask_order (creation_height DESC)
2025-01-30 14:16:44 FINE: main Will apply sql:
CREATE INDEX IF NOT EXISTS bid_order_creation_idx ON bid_order (creation_height DESC)
2025-01-30 14:16:44 FINE: main Will apply sql:
CREATE TABLE IF NOT EXISTS tag (db_id IDENTITY, tag VARCHAR NOT NULL, in_stock_count INT NOT NULL, total_count INT NOT NULL, height INT NOT NULL, latest BOOLEAN NOT NULL DEFAULT TRUE)
2025-01-30 14:16:44 FINE: main Will apply sql:
CREATE UNIQUE INDEX IF NOT EXISTS tag_tag_idx ON tag (tag, height DESC)
2025-01-30 14:16:44 FINE: main Will apply sql:
CREATE INDEX IF NOT EXISTS tag_in_stock_count_idx ON tag (in_stock_count DESC, height DESC)
2025-01-30 14:16:44 FINE: main Will apply sql:
CREATE TABLE IF NOT EXISTS currency_founder (db_id IDENTITY, currency_id BIGINT NOT NULL, account_id BIGINT NOT NULL, amount_per_unit BIGINT NOT NULL, amount BIGINT NOT NULL, height INT NOT NULL, latest BOOLEAN NOT NULL DEFAULT TRUE)
2025-01-30 14:16:44 FINE: main Will apply sql:
CREATE UNIQUE INDEX IF NOT EXISTS currency_founder_currency_id_idx ON currency_founder (currency_id, account_id, height DESC)
2025-01-30 14:16:44 FINE: main Will apply sql:
CREATE TABLE IF NOT EXISTS buy_offer (db_id IDENTITY, id BIGINT NOT NULL, full_hash BINARY(32) NOT NULL, currency_id BIGINT NOT NULL, account_id BIGINT NOT NULL,rate BIGINT NOT NULL, unit_limit BIGINT NOT NULL, supply BIGINT NOT NULL, expiration_height INT NOT NULL, amount BIGINT NOT NULL, creation_height INT NOT NULL, transaction_index SMALLINT NOT NULL, transaction_height INT NOT NULL, height INT NOT NULL, latest BOOLEAN NOT NULL DEFAULT TRUE)
2025-01-30 14:16:44 FINE: main Will apply sql:
CREATE UNIQUE INDEX IF NOT EXISTS buy_offer_id_idx ON buy_offer (id, height DESC)
2025-01-30 14:16:44 FINE: main Will apply sql:
CREATE INDEX IF NOT EXISTS buy_offer_currency_id_account_id_idx ON buy_offer (currency_id, account_id, height DESC)
2025-01-30 14:16:44 FINE: main Will apply sql:
CREATE TABLE IF NOT EXISTS sell_offer (db_id IDENTITY, id BIGINT NOT NULL, full_hash BINARY(32) NOT NULL, currency_id BIGINT NOT NULL, account_id BIGINT NOT NULL, rate BIGINT NOT NULL, unit_limit BIGINT NOT NULL, supply BIGINT NOT NULL, expiration_height INT NOT NULL, creation_height INT NOT NULL, transaction_index SMALLINT NOT NULL, transaction_height INT NOT NULL, height INT NOT NULL, latest BOOLEAN NOT NULL DEFAULT TRUE)
2025-01-30 14:16:44 FINE: main Will apply sql:
CREATE UNIQUE INDEX IF NOT EXISTS sell_offer_id_idx ON sell_offer (id, height DESC)
2025-01-30 14:16:44 FINE: main Will apply sql:
CREATE INDEX IF NOT EXISTS sell_offer_currency_id_account_id_idx ON sell_offer (currency_id, account_id, height DESC)
2025-01-30 14:16:44 FINE: main Will apply sql:
CREATE TABLE IF NOT EXISTS exchange (db_id IDENTITY, transaction_id BIGINT NOT NULL, transaction_full_hash BINARY(32) NOT NULL, currency_id BIGINT NOT NULL, block_id BIGINT NOT NULL, offer_id BIGINT NOT NULL, offer_full_hash BINARY(32) NOT NULL, seller_id BIGINT NOT NULL, buyer_id BIGINT NOT NULL, units BIGINT NOT NULL, rate BIGINT NOT NULL, timestamp INT NOT NULL, height INT NOT NULL)
2025-01-30 14:16:44 FINE: main Will apply sql:
CREATE INDEX IF NOT EXISTS exchange_offer_idx ON exchange (transaction_id, offer_id)
2025-01-30 14:16:44 FINE: main Will apply sql:
CREATE INDEX IF NOT EXISTS exchange_currency_id_idx ON exchange (currency_id, height DESC)
2025-01-30 14:16:44 FINE: main Will apply sql:
CREATE INDEX IF NOT EXISTS exchange_seller_id_idx ON exchange (seller_id, height DESC)
2025-01-30 14:16:44 FINE: main Will apply sql:
CREATE INDEX IF NOT EXISTS exchange_buyer_id_idx ON exchange (buyer_id, height DESC)
2025-01-30 14:16:44 FINE: main Will apply sql:
CREATE INDEX IF NOT EXISTS buy_offer_rate_height_idx ON buy_offer (rate DESC, creation_height ASC)
2025-01-30 14:16:44 FINE: main Will apply sql:
CREATE INDEX IF NOT EXISTS sell_offer_rate_height_idx ON sell_offer (rate ASC, creation_height ASC)
2025-01-30 14:16:44 FINE: main Will apply sql:
CREATE INDEX IF NOT EXISTS exchange_height_idx ON exchange(height)
2025-01-30 14:16:44 FINE: main Will apply sql:
CREATE INDEX IF NOT EXISTS trade_height_idx ON trade(height)
2025-01-30 14:16:44 FINE: main Will apply sql:
CREATE TABLE IF NOT EXISTS vote (db_id IDENTITY, id BIGINT NOT NULL, full_hash BINARY(32) NOT NULL, poll_id BIGINT NOT NULL, voter_id BIGINT NOT NULL, vote_bytes VARBINARY NOT NULL, height INT NOT NULL)
2025-01-30 14:16:44 FINE: main Will apply sql:
CREATE INDEX IF NOT EXISTS vote_id_idx ON vote (id)
2025-01-30 14:16:44 FINE: main Will apply sql:
CREATE UNIQUE INDEX IF NOT EXISTS vote_poll_id_idx ON vote (poll_id, voter_id)
2025-01-30 14:16:44 FINE: main Will apply sql:
CREATE TABLE IF NOT EXISTS poll (db_id IDENTITY, id BIGINT NOT NULL, account_id BIGINT NOT NULL, name VARCHAR NOT NULL, description VARCHAR, options ARRAY NOT NULL, min_num_options TINYINT, max_num_options TINYINT, min_range_value TINYINT, max_range_value TINYINT, timestamp INT NOT NULL, finish_height INT NOT NULL, voting_model TINYINT NOT NULL, min_balance BIGINT, min_balance_model TINYINT, holding_id BIGINT, height INT NOT NULL)
2025-01-30 14:16:44 FINE: main Will apply sql:
CREATE TABLE IF NOT EXISTS poll_result (db_id IDENTITY, poll_id BIGINT NOT NULL, result BIGINT, weight BIGINT NOT NULL, height INT NOT NULL)
2025-01-30 14:16:44 FINE: main Will apply sql:
CREATE TABLE IF NOT EXISTS phasing_poll (db_id IDENTITY, id BIGINT NOT NULL, full_hash BINARY(32) NOT NULL, account_id BIGINT NOT NULL, whitelist_size TINYINT NOT NULL DEFAULT 0, finish_height INT NOT NULL, voting_model TINYINT NOT NULL, quorum BIGINT, min_balance BIGINT, holding_id BIGINT, min_balance_model TINYINT, expression VARCHAR, recipient_account_id BIGINT, sender_property_setter_id BIGINT, sender_property_name VARCHAR, sender_property_value VARCHAR, recipient_property_setter_id BIGINT, recipient_property_name VARCHAR, recipient_property_value VARCHAR, hashed_secret VARBINARY, algorithm TINYINT, height INT NOT NULL)
2025-01-30 14:16:44 FINE: main Will apply sql:
CREATE TABLE IF NOT EXISTS phasing_vote (db_id IDENTITY, vote_id BIGINT NOT NULL, vote_full_hash BINARY(32) NOT NULL, transaction_id BIGINT NOT NULL, transaction_full_hash BINARY(32) NOT NULL, voter_id BIGINT NOT NULL, height INT NOT NULL)
2025-01-30 14:16:44 FINE: main Will apply sql:
CREATE TABLE IF NOT EXISTS phasing_poll_voter (db_id IDENTITY, transaction_id BIGINT NOT NULL, transaction_full_hash BINARY(32) NOT NULL, voter_id BIGINT NOT NULL, sub_poll_name VARCHAR, height INT NOT NULL)
2025-01-30 14:16:44 FINE: main Will apply sql:
CREATE INDEX IF NOT EXISTS vote_height_idx ON vote(height)
2025-01-30 14:16:44 FINE: main Will apply sql:
CREATE UNIQUE INDEX IF NOT EXISTS poll_id_idx ON poll(id)
2025-01-30 14:16:44 FINE: main Will apply sql:
CREATE INDEX IF NOT EXISTS poll_height_idx ON poll(height)
2025-01-30 14:16:44 FINE: main Will apply sql:
CREATE INDEX IF NOT EXISTS poll_account_idx ON poll(account_id)
2025-01-30 14:16:44 FINE: main Will apply sql:
CREATE INDEX IF NOT EXISTS poll_finish_height_idx ON poll(finish_height DESC)
2025-01-30 14:16:44 FINE: main Will apply sql:
CREATE INDEX IF NOT EXISTS poll_result_poll_id_idx ON poll_result(poll_id)
2025-01-30 14:16:44 FINE: main Will apply sql:
CREATE INDEX IF NOT EXISTS poll_result_height_idx ON poll_result(height)
2025-01-30 14:16:44 FINE: main Will apply sql:
CREATE INDEX IF NOT EXISTS phasing_poll_id_idx ON phasing_poll(id)
2025-01-30 14:16:44 FINE: main Will apply sql:
CREATE INDEX IF NOT EXISTS phasing_poll_height_idx ON phasing_poll(height)
2025-01-30 14:16:44 FINE: main Will apply sql:
CREATE INDEX IF NOT EXISTS phasing_poll_account_id_idx ON phasing_poll(account_id, height DESC)
2025-01-30 14:16:44 FINE: main Will apply sql:
CREATE INDEX IF NOT EXISTS phasing_poll_holding_id_idx ON phasing_poll(holding_id, height DESC)
2025-01-30 14:16:44 FINE: main Will apply sql:
CREATE INDEX IF NOT EXISTS phasing_vote_transaction_voter_idx ON phasing_vote(transaction_id, voter_id)
2025-01-30 14:16:44 FINE: main Will apply sql:
CREATE INDEX IF NOT EXISTS phasing_poll_voter_transaction_voter_idx ON phasing_poll_voter(transaction_id, voter_id)
2025-01-30 14:16:44 FINE: main Will apply sql:
CREATE INDEX IF NOT EXISTS currency_founder_account_id_idx ON currency_founder (account_id, height DESC)
2025-01-30 14:16:44 FINE: main Will apply sql:
CREATE INDEX IF NOT EXISTS phasing_poll_voter_height_idx ON phasing_poll_voter(height)
2025-01-30 14:16:44 FINE: main Will apply sql:
CREATE INDEX IF NOT EXISTS phasing_vote_height_idx ON phasing_vote(height)
2025-01-30 14:16:44 FINE: main Will apply sql:
CREATE INDEX IF NOT EXISTS trade_ask_idx ON trade (ask_order_id, height DESC)
2025-01-30 14:16:44 FINE: main Will apply sql:
CREATE INDEX IF NOT EXISTS trade_bid_idx ON trade (bid_order_id, height DESC)
2025-01-30 14:16:44 FINE: main Will apply sql:
CREATE TABLE IF NOT EXISTS prunable_message (db_id IDENTITY, id BIGINT NOT NULL, full_hash BINARY(32) NOT NULL, sender_id BIGINT NOT NULL, recipient_id BIGINT, message VARBINARY, message_is_text BOOLEAN NOT NULL, is_compressed BOOLEAN NOT NULL, encrypted_message VARBINARY, encrypted_is_text BOOLEAN DEFAULT FALSE, block_timestamp INT NOT NULL, transaction_timestamp INT NOT NULL, height INT NOT NULL)
2025-01-30 14:16:44 FINE: main Will apply sql:
CREATE INDEX IF NOT EXISTS prunable_message_id_idx ON prunable_message (id)
2025-01-30 14:16:44 FINE: main Will apply sql:
CREATE INDEX IF NOT EXISTS prunable_message_transaction_timestamp_idx ON prunable_message (transaction_timestamp DESC)
2025-01-30 14:16:44 FINE: main Will apply sql:
CREATE INDEX IF NOT EXISTS prunable_message_sender_idx ON prunable_message (sender_id)
2025-01-30 14:16:44 FINE: main Will apply sql:
CREATE INDEX IF NOT EXISTS prunable_message_recipient_idx ON prunable_message (recipient_id)
2025-01-30 14:16:44 FINE: main Will apply sql:
CREATE INDEX IF NOT EXISTS prunable_message_block_timestamp_dbid_idx ON prunable_message (block_timestamp DESC, db_id DESC)
2025-01-30 14:16:44 FINE: main Will apply sql:
CREATE TABLE IF NOT EXISTS tagged_data (db_id IDENTITY, id BIGINT NOT NULL, full_hash BINARY(32) NOT NULL, account_id BIGINT NOT NULL, name VARCHAR NOT NULL, description VARCHAR, tags VARCHAR, parsed_tags ARRAY, type VARCHAR, data VARBINARY NOT NULL, is_text BOOLEAN NOT NULL, channel VARCHAR, filename VARCHAR, block_timestamp INT NOT NULL, transaction_timestamp INT NOT NULL, height INT NOT NULL)
2025-01-30 14:16:44 FINE: main Will apply sql:
CREATE INDEX IF NOT EXISTS tagged_data_id_idx ON tagged_data (id)
2025-01-30 14:16:44 FINE: main Will apply sql:
CREATE INDEX IF NOT EXISTS tagged_data_expiration_idx ON tagged_data (transaction_timestamp DESC)
2025-01-30 14:16:44 FINE: main Will apply sql:
CREATE INDEX IF NOT EXISTS tagged_data_account_id_height_idx ON tagged_data (account_id, height DESC)
2025-01-30 14:16:44 FINE: main Will apply sql:
CREATE INDEX IF NOT EXISTS tagged_data_block_timestamp_db_id_idx ON tagged_data (block_timestamp DESC, db_id DESC)
2025-01-30 14:16:44 FINE: main Will apply sql:
CREATE TABLE IF NOT EXISTS data_tag (db_id IDENTITY, tag VARCHAR NOT NULL, tag_count INT NOT NULL, height INT NOT NULL, latest BOOLEAN NOT NULL DEFAULT TRUE)
2025-01-30 14:16:44 FINE: main Will apply sql:
CREATE UNIQUE INDEX IF NOT EXISTS data_tag_tag_height_idx ON data_tag (tag, height DESC)
2025-01-30 14:16:44 FINE: main Will apply sql:
CREATE INDEX IF NOT EXISTS data_tag_count_height_idx ON data_tag (tag_count DESC, height DESC)
2025-01-30 14:16:44 FINE: main Will apply sql:
CREATE INDEX IF NOT EXISTS tagged_data_channel_idx ON tagged_data (channel, height DESC)
2025-01-30 14:16:44 FINE: main Will apply sql:
CREATE INDEX IF NOT EXISTS balance_height_id_idx ON balance (height, account_id)
2025-01-30 14:16:44 FINE: main Will apply sql:
CREATE INDEX IF NOT EXISTS alias_height_id_idx ON alias (height, id)
2025-01-30 14:16:44 FINE: main Will apply sql:
CREATE INDEX IF NOT EXISTS alias_offer_height_id_idx ON alias_offer (height, id)
2025-01-30 14:16:44 FINE: main Will apply sql:
CREATE INDEX IF NOT EXISTS ask_order_height_id_idx ON ask_order (height, id)
2025-01-30 14:16:44 FINE: main Will apply sql:
CREATE INDEX IF NOT EXISTS bid_order_height_id_idx ON bid_order (height, id)
2025-01-30 14:16:44 FINE: main Will apply sql:
CREATE INDEX IF NOT EXISTS buy_offer_height_id_idx ON buy_offer (height, id)
2025-01-30 14:16:44 FINE: main Will apply sql:
CREATE INDEX IF NOT EXISTS currency_founder_height_id_idx ON currency_founder (height, currency_id, account_id)
2025-01-30 14:16:44 FINE: main Will apply sql:
CREATE INDEX IF NOT EXISTS goods_height_id_idx ON goods (height, id)
2025-01-30 14:16:44 FINE: main Will apply sql:
CREATE INDEX IF NOT EXISTS purchase_height_id_idx ON purchase (height, id)
2025-01-30 14:16:44 FINE: main Will apply sql:
CREATE INDEX IF NOT EXISTS purchase_feedback_height_id_idx ON purchase_feedback (height, id)
2025-01-30 14:16:44 FINE: main Will apply sql:
CREATE INDEX IF NOT EXISTS purchase_public_feedback_height_id_idx ON purchase_public_feedback (height, id)
2025-01-30 14:16:44 FINE: main Will apply sql:
CREATE INDEX IF NOT EXISTS sell_offer_height_id_idx ON sell_offer (height, id)
2025-01-30 14:16:44 FINE: main Will apply sql:
CREATE INDEX IF NOT EXISTS tag_height_tag_idx ON tag (height, tag)
2025-01-30 14:16:44 FINE: main Will apply sql:
CREATE INDEX IF NOT EXISTS trade_height_db_id_idx ON trade (height DESC, db_id DESC)
2025-01-30 14:16:44 FINE: main Will apply sql:
CREATE INDEX IF NOT EXISTS exchange_height_db_id_idx ON exchange (height DESC, db_id DESC)
2025-01-30 14:16:44 FINE: main Will apply sql:
CREATE TABLE IF NOT EXISTS exchange_request (db_id IDENTITY, id BIGINT NOT NULL, full_hash BINARY(32) NOT NULL, account_id BIGINT NOT NULL, currency_id BIGINT NOT NULL, units BIGINT NOT NULL, rate BIGINT NOT NULL, is_buy BOOLEAN NOT NULL, timestamp INT NOT NULL, height INT NOT NULL)
2025-01-30 14:16:44 FINE: main Will apply sql:
CREATE INDEX IF NOT EXISTS exchange_request_id_idx ON exchange_request (id)
2025-01-30 14:16:44 FINE: main Will apply sql:
CREATE INDEX IF NOT EXISTS exchange_request_account_currency_idx ON exchange_request (account_id, currency_id, height DESC)
2025-01-30 14:16:44 FINE: main Will apply sql:
CREATE INDEX IF NOT EXISTS exchange_request_currency_idx ON exchange_request (currency_id, height DESC)
2025-01-30 14:16:44 FINE: main Will apply sql:
CREATE INDEX IF NOT EXISTS exchange_request_height_db_id_idx ON exchange_request (height DESC, db_id DESC)
2025-01-30 14:16:44 FINE: main Will apply sql:
CREATE INDEX IF NOT EXISTS exchange_request_height_idx ON exchange_request (height)
2025-01-30 14:16:44 INFO: main Lucene search index deleted
2025-01-30 14:16:44 INFO: main H2 fulltext function aliases dropped
2025-01-30 14:16:44 INFO: main NRS fulltext schema created
2025-01-30 14:16:44 INFO: main Rebuilding the Lucene search index
2025-01-30 14:16:44 INFO: main Lucene search index deleted
2025-01-30 14:16:44 INFO: main Lucene search index successfully rebuilt
2025-01-30 14:16:44 INFO: main NRS fulltext aliases created
2025-01-30 14:16:44 FINE: main Will apply sql:
CREATE TABLE IF NOT EXISTS shuffling (db_id IDENTITY, id BIGINT NOT NULL, full_hash BINARY(32) NOT NULL, holding_id BIGINT NULL, holding_type TINYINT NOT NULL, issuer_id BIGINT NOT NULL, amount BIGINT NOT NULL, participant_count TINYINT NOT NULL, blocks_remaining SMALLINT NULL, stage TINYINT NOT NULL, assignee_account_id BIGINT NULL, registrant_count TINYINT NOT NULL, recipient_public_keys ARRAY, height INT NOT NULL, latest BOOLEAN NOT NULL DEFAULT TRUE)
2025-01-30 14:16:44 FINE: main Will apply sql:
CREATE INDEX IF NOT EXISTS shuffling_id_height_idx ON shuffling (id, height DESC)
2025-01-30 14:16:44 FINE: main Will apply sql:
CREATE INDEX IF NOT EXISTS shuffling_holding_id_height_idx ON shuffling (holding_id, height DESC)
2025-01-30 14:16:44 FINE: main Will apply sql:
CREATE INDEX IF NOT EXISTS shuffling_assignee_account_id_height_idx ON shuffling (assignee_account_id, height DESC)
2025-01-30 14:16:44 FINE: main Will apply sql:
CREATE INDEX IF NOT EXISTS shuffling_height_id_idx ON shuffling (height, id)
2025-01-30 14:16:44 FINE: main Will apply sql:
CREATE TABLE IF NOT EXISTS shuffling_participant (db_id IDENTITY, shuffling_id BIGINT NOT NULL, shuffling_full_hash BINARY(32) NOT NULL, account_id BIGINT NOT NULL, next_account_id BIGINT NULL, participant_index TINYINT NOT NULL, state TINYINT NOT NULL, blame_data ARRAY, key_seeds ARRAY, data_transaction_full_hash BINARY(32), height INT NOT NULL, latest BOOLEAN NOT NULL DEFAULT TRUE)
2025-01-30 14:16:44 FINE: main Will apply sql:
CREATE INDEX IF NOT EXISTS shuffling_participant_shuffling_id_account_id_idx ON shuffling_participant (shuffling_id, account_id, height DESC)
2025-01-30 14:16:44 FINE: main Will apply sql:
CREATE INDEX IF NOT EXISTS shuffling_participant_height_idx ON shuffling_participant (height, shuffling_id, account_id)
2025-01-30 14:16:44 FINE: main Will apply sql:
CREATE TABLE IF NOT EXISTS shuffling_data (db_id IDENTITY, shuffling_id BIGINT NOT NULL, shuffling_full_hash BINARY(32) NOT NULL, account_id BIGINT NOT NULL, data ARRAY, transaction_timestamp INT NOT NULL, height INT NOT NULL)
2025-01-30 14:16:44 FINE: main Will apply sql:
CREATE INDEX IF NOT EXISTS shuffling_data_id_height_idx ON shuffling_data (shuffling_id, height DESC)
2025-01-30 14:16:44 FINE: main Will apply sql:
CREATE INDEX shuffling_data_transaction_timestamp_idx ON shuffling_data (transaction_timestamp DESC)
2025-01-30 14:16:44 FINE: main Will apply sql:
CREATE INDEX IF NOT EXISTS transaction_referenced_transaction_id_idx ON transaction (referenced_transaction_id)
2025-01-30 14:16:44 FINE: main Will apply sql:
CREATE INDEX IF NOT EXISTS shuffling_blocks_remaining_height_idx ON shuffling (blocks_remaining, height DESC)
2025-01-30 14:16:44 FINE: main Will apply sql:
CREATE TABLE IF NOT EXISTS asset_dividend (db_id IDENTITY, id BIGINT NOT NULL, full_hash BINARY(32) NOT NULL, asset_id BIGINT NOT NULL, holding_id BIGINT NOT NULL, holding_type TINYINT NOT NULL, amount BIGINT NOT NULL, dividend_height INT NOT NULL, total_dividend BIGINT NOT NULL, num_accounts BIGINT NOT NULL, timestamp INT NOT NULL, height INT NOT NULL)
2025-01-30 14:16:44 FINE: main Will apply sql:
CREATE INDEX IF NOT EXISTS asset_dividend_id_idx ON asset_dividend (id)
2025-01-30 14:16:44 FINE: main Will apply sql:
CREATE INDEX IF NOT EXISTS asset_dividend_asset_id_idx ON asset_dividend (asset_id, height DESC)
2025-01-30 14:16:44 FINE: main Will apply sql:
CREATE INDEX IF NOT EXISTS asset_dividend_height_idx ON asset_dividend (height)
2025-01-30 14:16:44 FINE: main Will apply sql:
CREATE INDEX IF NOT EXISTS fxt_transaction_id_idx ON transaction (fxt_transaction_id, transaction_index)
2025-01-30 14:16:44 FINE: main Will apply sql:
CREATE TABLE IF NOT EXISTS phasing_sub_poll (db_id IDENTITY, transaction_id BIGINT NOT NULL, transaction_full_hash BINARY(32) NOT NULL, name VARCHAR, whitelist_size TINYINT NOT NULL DEFAULT 0, voting_model TINYINT NOT NULL, quorum BIGINT, min_balance BIGINT, holding_id BIGINT, min_balance_model TINYINT, sender_property_setter_id BIGINT, sender_property_name VARCHAR, sender_property_value VARCHAR, recipient_property_setter_id BIGINT, recipient_property_name VARCHAR, recipient_property_value VARCHAR, hashed_secret VARBINARY, algorithm TINYINT, height INT NOT NULL)
2025-01-30 14:16:44 FINE: main Will apply sql:
CREATE TABLE IF NOT EXISTS phasing_vote_sub_poll (db_id IDENTITY, transaction_id BIGINT NOT NULL, transaction_full_hash BINARY(32) NOT NULL, voter_id BIGINT NOT NULL, sub_poll_name VARCHAR NOT NULL, height INT NOT NULL)
2025-01-30 14:16:44 FINE: main Will apply sql:
CREATE INDEX IF NOT EXISTS phasing_vote_sub_poll_transaction_id_idx ON phasing_vote_sub_poll(transaction_id, voter_id)
2025-01-30 14:16:44 FINE: main Will apply sql:
CREATE INDEX IF NOT EXISTS phasing_vote_sub_poll_height_idx ON phasing_vote_sub_poll(height)
2025-01-30 14:16:44 FINE: main Will apply sql:
CREATE INDEX IF NOT EXISTS phasing_sub_poll_id_idx ON phasing_sub_poll(transaction_id)
2025-01-30 14:16:44 FINE: main Will apply sql:
CREATE INDEX IF NOT EXISTS phasing_sub_poll_height_idx ON phasing_sub_poll(height)
2025-01-30 14:16:44 FINE: main Will apply sql:
CREATE INDEX IF NOT EXISTS prunable_message_height_idx ON prunable_message (height)
2025-01-30 14:16:44 FINE: main Will apply sql:
CREATE INDEX IF NOT EXISTS tagged_data_height_idx ON tagged_data (height)
2025-01-30 14:16:44 FINE: main Will apply sql:
CREATE INDEX IF NOT EXISTS data_tag_height_idx ON data_tag (height)
2025-01-30 14:16:44 FINE: main Will apply sql:
CREATE INDEX IF NOT EXISTS shuffling_data_height_idx ON shuffling_data (height)
2025-01-30 14:16:44 FINE: main Will apply sql:
CREATE INDEX IF NOT EXISTS transaction_block_id_idx ON transaction (block_id)
2025-01-30 14:16:44 FINE: main Will apply sql:
DELETE FROM tagged_data WHERE id IN (SELECT id FROM tagged_data GROUP BY id HAVING count(*) > 1) AND db_id NOT IN (SELECT min(db_id) AS db_id FROM tagged_data GROUP BY id HAVING count(*) > 1)
2025-01-30 14:16:44 FINE: main Will apply sql:
CREATE TABLE IF NOT EXISTS account_permission (db_id IDENTITY,   account_id BIGINT NOT NULL,    permission_id INT NOT NULL,    granter_id BIGINT NOT NULL,    height INT NOT NULL,    latest BOOLEAN NOT NULL DEFAULT TRUE)
2025-01-30 14:16:44 FINE: main Will apply sql:
CREATE UNIQUE INDEX IF NOT EXISTS account_permission_account_permission_height_idx ON account_permission (account_id, permission_id, height DESC)
2025-01-30 14:16:44 FINE: main Will apply sql:
CREATE INDEX IF NOT EXISTS account_permission_height_account_idx ON account_permission (height, account_id)
2025-01-30 14:16:44 FINE: main Will apply sql:
CREATE INDEX IF NOT EXISTS account_permission_granter_height_idx ON account_permission (granter_id, height DESC)
2025-01-30 14:16:44 FINE: main Will apply sql:
CREATE INDEX IF NOT EXISTS account_permission_permission_height_idx ON account_permission (permission_id, height DESC)
2025-01-30 14:16:44 FINE: main Will apply sql:
DROP INDEX IF EXISTS ask_order_asset_id_price_idx
2025-01-30 14:16:44 FINE: main Will apply sql:
CREATE INDEX IF NOT EXISTS ask_order_asset_id_price_idx ON ask_order (asset_id, latest, price)
2025-01-30 14:16:44 FINE: main Will apply sql:
DROP INDEX IF EXISTS bid_order_asset_id_price_idx
2025-01-30 14:16:44 FINE: main Will apply sql:
CREATE INDEX IF NOT EXISTS bid_order_asset_id_price_idx ON bid_order (asset_id, latest, price DESC)
2025-01-30 14:16:44 FINE: main Will apply sql:
DROP INDEX IF EXISTS transaction_sender_id_idx
2025-01-30 14:16:44 FINE: main Will apply sql:
CREATE INDEX IF NOT EXISTS transaction_sender_id_time_idx ON transaction (sender_id, block_timestamp DESC)
2025-01-30 14:16:44 FINE: main Will apply sql:
DROP INDEX IF EXISTS transaction_recipient_id_idx
2025-01-30 14:16:44 FINE: main Will apply sql:
CREATE INDEX IF NOT EXISTS transaction_recipient_id_time_idx ON transaction (recipient_id, block_timestamp DESC)
2025-01-30 14:16:44 INFO: main Initializing an empty database
2025-01-30 14:16:44 FINE: main Will apply sql:
CREATE TABLE IF NOT EXISTS transaction (db_id IDENTITY, id BIGINT NOT NULL, deadline SMALLINT NOT NULL, recipient_id BIGINT, transaction_index SMALLINT NOT NULL, amount BIGINT NOT NULL, fee BIGINT NOT NULL, full_hash BINARY(32) NOT NULL, height INT NOT NULL, block_id BIGINT NOT NULL, signature BINARY(64) NOT NULL, timestamp INT NOT NULL, type TINYINT NOT NULL, subtype TINYINT NOT NULL, sender_id BIGINT NOT NULL, block_timestamp INT NOT NULL, referenced_transaction_chain_id INT, referenced_transaction_full_hash BINARY(32), referenced_transaction_id BIGINT, phased BOOLEAN NOT NULL DEFAULT FALSE, fxt_transaction_id BIGINT NOT NULL, attachment_bytes VARBINARY, version TINYINT NOT NULL, has_message BOOLEAN NOT NULL DEFAULT FALSE, has_encrypted_message BOOLEAN NOT NULL DEFAULT FALSE, has_public_key_announcement BOOLEAN NOT NULL DEFAULT FALSE, ec_block_height INT DEFAULT NULL, ec_block_id BIGINT DEFAULT NULL, has_encrypttoself_message BOOLEAN NOT NULL DEFAULT FALSE, has_prunable_message BOOLEAN NOT NULL DEFAULT FALSE, has_prunable_encrypted_message BOOLEAN NOT NULL DEFAULT FALSE, has_prunable_attachment BOOLEAN NOT NULL DEFAULT FALSE)
2025-01-30 14:16:44 FINE: main Will apply sql:
CREATE INDEX IF NOT EXISTS transaction_id_idx ON transaction (id)
2025-01-30 14:16:44 FINE: main Will apply sql:
CREATE INDEX IF NOT EXISTS transaction_sender_id_idx ON transaction (sender_id)
2025-01-30 14:16:44 FINE: main Will apply sql:
CREATE INDEX IF NOT EXISTS transaction_recipient_id_idx ON transaction (recipient_id)
2025-01-30 14:16:44 FINE: main Will apply sql:
CREATE INDEX IF NOT EXISTS transaction_block_timestamp_idx ON transaction (block_timestamp DESC)
2025-01-30 14:16:44 FINE: main Will apply sql:
CREATE TABLE IF NOT EXISTS alias (db_id IDENTITY, id BIGINT NOT NULL, account_id BIGINT NOT NULL, alias_name VARCHAR NOT NULL, alias_name_lower VARCHAR NOT NULL, alias_uri VARCHAR NOT NULL, timestamp INT NOT NULL, height INT NOT NULL, latest BOOLEAN NOT NULL DEFAULT TRUE)
2025-01-30 14:16:44 FINE: main Will apply sql:
CREATE UNIQUE INDEX IF NOT EXISTS alias_id_height_idx ON alias (id, height DESC)
2025-01-30 14:16:44 FINE: main Will apply sql:
CREATE INDEX IF NOT EXISTS alias_account_id_idx ON alias (account_id, height DESC)
2025-01-30 14:16:44 FINE: main Will apply sql:
CREATE INDEX IF NOT EXISTS alias_name_lower_idx ON alias (alias_name_lower)
2025-01-30 14:16:44 FINE: main Will apply sql:
CREATE TABLE IF NOT EXISTS alias_offer (db_id IDENTITY, id BIGINT NOT NULL, price BIGINT NOT NULL, buyer_id BIGINT, height INT NOT NULL, latest BOOLEAN DEFAULT TRUE NOT NULL)
2025-01-30 14:16:44 FINE: main Will apply sql:
CREATE UNIQUE INDEX IF NOT EXISTS alias_offer_id_height_idx ON alias_offer (id, height DESC)
2025-01-30 14:16:44 FINE: main Will apply sql:
CREATE TABLE IF NOT EXISTS trade (db_id IDENTITY, asset_id BIGINT NOT NULL, block_id BIGINT NOT NULL, ask_order_id BIGINT NOT NULL, ask_order_full_hash BINARY(32) NOT NULL, bid_order_id BIGINT NOT NULL, bid_order_full_hash BINARY(32) NOT NULL, ask_order_height INT NOT NULL, bid_order_height INT NOT NULL, seller_id BIGINT NOT NULL, buyer_id BIGINT NOT NULL, is_buy BOOLEAN NOT NULL, quantity BIGINT NOT NULL, price BIGINT NOT NULL, timestamp INT NOT NULL, height INT NOT NULL)
2025-01-30 14:16:44 FINE: main Will apply sql:
CREATE INDEX IF NOT EXISTS trade_asset_id_idx ON trade (asset_id, height DESC)
2025-01-30 14:16:44 FINE: main Will apply sql:
CREATE INDEX IF NOT EXISTS trade_seller_id_idx ON trade (seller_id, height DESC)
2025-01-30 14:16:44 FINE: main Will apply sql:
CREATE INDEX IF NOT EXISTS trade_buyer_id_idx ON trade (buyer_id, height DESC)
2025-01-30 14:16:44 FINE: main Will apply sql:
CREATE TABLE IF NOT EXISTS ask_order (db_id IDENTITY, id BIGINT NOT NULL, full_hash BINARY(32) NOT NULL, account_id BIGINT NOT NULL, asset_id BIGINT NOT NULL, price BIGINT NOT NULL, transaction_index SMALLINT NOT NULL, transaction_height INT NOT NULL, quantity BIGINT NOT NULL, creation_height INT NOT NULL, height INT NOT NULL, latest BOOLEAN NOT NULL DEFAULT TRUE)
2025-01-30 14:16:44 FINE: main Will apply sql:
CREATE UNIQUE INDEX IF NOT EXISTS ask_order_id_height_idx ON ask_order (id, height DESC)
2025-01-30 14:16:44 FINE: main Will apply sql:
CREATE INDEX IF NOT EXISTS ask_order_account_id_idx ON ask_order (account_id, height DESC)
2025-01-30 14:16:44 FINE: main Will apply sql:
CREATE INDEX IF NOT EXISTS ask_order_asset_id_price_idx ON ask_order (asset_id, price)
2025-01-30 14:16:44 FINE: main Will apply sql:
CREATE TABLE IF NOT EXISTS bid_order (db_id IDENTITY, id BIGINT NOT NULL, full_hash BINARY(32) NOT NULL, account_id BIGINT NOT NULL, asset_id BIGINT NOT NULL, price BIGINT NOT NULL, transaction_index SMALLINT NOT NULL, transaction_height INT NOT NULL, amount BIGINT NOT NULL, quantity BIGINT NOT NULL, creation_height INT NOT NULL, height INT NOT NULL, latest BOOLEAN NOT NULL DEFAULT TRUE)
2025-01-30 14:16:44 FINE: main Will apply sql:
CREATE UNIQUE INDEX IF NOT EXISTS bid_order_id_height_idx ON bid_order (id, height DESC)
2025-01-30 14:16:44 FINE: main Will apply sql:
CREATE INDEX IF NOT EXISTS bid_order_account_id_idx ON bid_order (account_id, height DESC)
2025-01-30 14:16:44 FINE: main Will apply sql:
CREATE INDEX IF NOT EXISTS bid_order_asset_id_price_idx ON bid_order (asset_id, price DESC)
2025-01-30 14:16:44 FINE: main Will apply sql:
CREATE TABLE IF NOT EXISTS goods (db_id IDENTITY, id BIGINT NOT NULL, full_hash BINARY(32), seller_id BIGINT NOT NULL, name VARCHAR NOT NULL, description VARCHAR, parsed_tags ARRAY, has_image BOOLEAN NOT NULL, tags VARCHAR, timestamp INT NOT NULL, quantity INT NOT NULL, price BIGINT NOT NULL, delisted BOOLEAN NOT NULL, height INT NOT NULL, latest BOOLEAN NOT NULL DEFAULT TRUE)
2025-01-30 14:16:44 FINE: main Will apply sql:
CREATE UNIQUE INDEX IF NOT EXISTS goods_id_height_idx ON goods (id, height DESC)
2025-01-30 14:16:44 FINE: main Will apply sql:
CREATE INDEX IF NOT EXISTS goods_seller_id_name_idx ON goods (seller_id, name)
2025-01-30 14:16:44 FINE: main Will apply sql:
CREATE INDEX IF NOT EXISTS goods_timestamp_idx ON goods (timestamp DESC, height DESC)
2025-01-30 14:16:44 FINE: main Will apply sql:
CREATE TABLE IF NOT EXISTS purchase (db_id IDENTITY, id BIGINT NOT NULL, buyer_id BIGINT NOT NULL, goods_id BIGINT NOT NULL, seller_id BIGINT NOT NULL, quantity INT NOT NULL, price BIGINT NOT NULL, deadline INT NOT NULL, note VARBINARY, nonce BINARY(32), timestamp INT NOT NULL, pending BOOLEAN NOT NULL, goods VARBINARY, goods_nonce BINARY(32), goods_is_text BOOLEAN NOT NULL DEFAULT TRUE, refund_note VARBINARY, refund_nonce BINARY(32), has_feedback_notes BOOLEAN NOT NULL DEFAULT FALSE, has_public_feedbacks BOOLEAN NOT NULL DEFAULT FALSE, discount BIGINT NOT NULL, refund BIGINT NOT NULL, height INT NOT NULL, latest BOOLEAN NOT NULL DEFAULT TRUE)
2025-01-30 14:16:44 FINE: main Will apply sql:
CREATE UNIQUE INDEX IF NOT EXISTS purchase_id_height_idx ON purchase (id, height DESC)
2025-01-30 14:16:44 FINE: main Will apply sql:
CREATE INDEX IF NOT EXISTS purchase_buyer_id_height_idx ON purchase (buyer_id, height DESC)
2025-01-30 14:16:44 FINE: main Will apply sql:
CREATE INDEX IF NOT EXISTS purchase_seller_id_height_idx ON purchase (seller_id, height DESC)
2025-01-30 14:16:44 FINE: main Will apply sql:
CREATE INDEX IF NOT EXISTS purchase_deadline_idx ON purchase (deadline DESC, height DESC)
2025-01-30 14:16:44 FINE: main Will apply sql:
CREATE TABLE IF NOT EXISTS balance (db_id IDENTITY, account_id BIGINT NOT NULL, balance BIGINT NOT NULL, unconfirmed_balance BIGINT NOT NULL, height INT NOT NULL, latest BOOLEAN NOT NULL DEFAULT TRUE)
2025-01-30 14:16:44 FINE: main Will apply sql:
CREATE UNIQUE INDEX IF NOT EXISTS balance_id_height_idx ON balance (account_id, height DESC)
2025-01-30 14:16:44 FINE: main Will apply sql:
CREATE TABLE IF NOT EXISTS purchase_feedback (db_id IDENTITY, id BIGINT NOT NULL, feedback_data VARBINARY NOT NULL, feedback_nonce BINARY(32) NOT NULL, height INT NOT NULL, latest BOOLEAN NOT NULL DEFAULT TRUE)
2025-01-30 14:16:44 FINE: main Will apply sql:
CREATE INDEX IF NOT EXISTS purchase_feedback_id_height_idx ON purchase_feedback (id, height DESC)
2025-01-30 14:16:44 FINE: main Will apply sql:
CREATE TABLE IF NOT EXISTS purchase_public_feedback (db_id IDENTITY, id BIGINT NOT NULL, public_feedback VARCHAR NOT NULL, height INT NOT NULL, latest BOOLEAN NOT NULL DEFAULT TRUE)
2025-01-30 14:16:44 FINE: main Will apply sql:
CREATE INDEX IF NOT EXISTS purchase_public_feedback_id_height_idx ON purchase_public_feedback (id, height DESC)
2025-01-30 14:16:44 FINE: main Will apply sql:
CREATE INDEX IF NOT EXISTS purchase_timestamp_idx ON purchase (timestamp DESC, id)
2025-01-30 14:16:44 FINE: main Will apply sql:
CREATE INDEX IF NOT EXISTS ask_order_creation_idx ON ask_order (creation_height DESC)
2025-01-30 14:16:44 FINE: main Will apply sql:
CREATE INDEX IF NOT EXISTS bid_order_creation_idx ON bid_order (creation_height DESC)
2025-01-30 14:16:44 FINE: main Will apply sql:
CREATE TABLE IF NOT EXISTS tag (db_id IDENTITY, tag VARCHAR NOT NULL, in_stock_count INT NOT NULL, total_count INT NOT NULL, height INT NOT NULL, latest BOOLEAN NOT NULL DEFAULT TRUE)
2025-01-30 14:16:44 FINE: main Will apply sql:
CREATE UNIQUE INDEX IF NOT EXISTS tag_tag_idx ON tag (tag, height DESC)
2025-01-30 14:16:44 FINE: main Will apply sql:
CREATE INDEX IF NOT EXISTS tag_in_stock_count_idx ON tag (in_stock_count DESC, height DESC)
2025-01-30 14:16:44 FINE: main Will apply sql:
CREATE TABLE IF NOT EXISTS currency_founder (db_id IDENTITY, currency_id BIGINT NOT NULL, account_id BIGINT NOT NULL, amount_per_unit BIGINT NOT NULL, amount BIGINT NOT NULL, height INT NOT NULL, latest BOOLEAN NOT NULL DEFAULT TRUE)
2025-01-30 14:16:44 FINE: main Will apply sql:
CREATE UNIQUE INDEX IF NOT EXISTS currency_founder_currency_id_idx ON currency_founder (currency_id, account_id, height DESC)
2025-01-30 14:16:44 FINE: main Will apply sql:
CREATE TABLE IF NOT EXISTS buy_offer (db_id IDENTITY, id BIGINT NOT NULL, full_hash BINARY(32) NOT NULL, currency_id BIGINT NOT NULL, account_id BIGINT NOT NULL,rate BIGINT NOT NULL, unit_limit BIGINT NOT NULL, supply BIGINT NOT NULL, expiration_height INT NOT NULL, amount BIGINT NOT NULL, creation_height INT NOT NULL, transaction_index SMALLINT NOT NULL, transaction_height INT NOT NULL, height INT NOT NULL, latest BOOLEAN NOT NULL DEFAULT TRUE)
2025-01-30 14:16:44 FINE: main Will apply sql:
CREATE UNIQUE INDEX IF NOT EXISTS buy_offer_id_idx ON buy_offer (id, height DESC)
2025-01-30 14:16:44 FINE: main Will apply sql:
CREATE INDEX IF NOT EXISTS buy_offer_currency_id_account_id_idx ON buy_offer (currency_id, account_id, height DESC)
2025-01-30 14:16:44 FINE: main Will apply sql:
CREATE TABLE IF NOT EXISTS sell_offer (db_id IDENTITY, id BIGINT NOT NULL, full_hash BINARY(32) NOT NULL, currency_id BIGINT NOT NULL, account_id BIGINT NOT NULL, rate BIGINT NOT NULL, unit_limit BIGINT NOT NULL, supply BIGINT NOT NULL, expiration_height INT NOT NULL, creation_height INT NOT NULL, transaction_index SMALLINT NOT NULL, transaction_height INT NOT NULL, height INT NOT NULL, latest BOOLEAN NOT NULL DEFAULT TRUE)
2025-01-30 14:16:44 FINE: main Will apply sql:
CREATE UNIQUE INDEX IF NOT EXISTS sell_offer_id_idx ON sell_offer (id, height DESC)
2025-01-30 14:16:44 FINE: main Will apply sql:
CREATE INDEX IF NOT EXISTS sell_offer_currency_id_account_id_idx ON sell_offer (currency_id, account_id, height DESC)
2025-01-30 14:16:44 FINE: main Will apply sql:
CREATE TABLE IF NOT EXISTS exchange (db_id IDENTITY, transaction_id BIGINT NOT NULL, transaction_full_hash BINARY(32) NOT NULL, currency_id BIGINT NOT NULL, block_id BIGINT NOT NULL, offer_id BIGINT NOT NULL, offer_full_hash BINARY(32) NOT NULL, seller_id BIGINT NOT NULL, buyer_id BIGINT NOT NULL, units BIGINT NOT NULL, rate BIGINT NOT NULL, timestamp INT NOT NULL, height INT NOT NULL)
2025-01-30 14:16:44 FINE: main Will apply sql:
CREATE INDEX IF NOT EXISTS exchange_offer_idx ON exchange (transaction_id, offer_id)
2025-01-30 14:16:44 FINE: main Will apply sql:
CREATE INDEX IF NOT EXISTS exchange_currency_id_idx ON exchange (currency_id, height DESC)
2025-01-30 14:16:44 FINE: main Will apply sql:
CREATE INDEX IF NOT EXISTS exchange_seller_id_idx ON exchange (seller_id, height DESC)
2025-01-30 14:16:44 FINE: main Will apply sql:
CREATE INDEX IF NOT EXISTS exchange_buyer_id_idx ON exchange (buyer_id, height DESC)
2025-01-30 14:16:44 FINE: main Will apply sql:
CREATE INDEX IF NOT EXISTS buy_offer_rate_height_idx ON buy_offer (rate DESC, creation_height ASC)
2025-01-30 14:16:44 FINE: main Will apply sql:
CREATE INDEX IF NOT EXISTS sell_offer_rate_height_idx ON sell_offer (rate ASC, creation_height ASC)
2025-01-30 14:16:44 FINE: main Will apply sql:
CREATE INDEX IF NOT EXISTS exchange_height_idx ON exchange(height)
2025-01-30 14:16:44 FINE: main Will apply sql:
CREATE INDEX IF NOT EXISTS trade_height_idx ON trade(height)
2025-01-30 14:16:44 FINE: main Will apply sql:
CREATE TABLE IF NOT EXISTS vote (db_id IDENTITY, id BIGINT NOT NULL, full_hash BINARY(32) NOT NULL, poll_id BIGINT NOT NULL, voter_id BIGINT NOT NULL, vote_bytes VARBINARY NOT NULL, height INT NOT NULL)
2025-01-30 14:16:44 FINE: main Will apply sql:
CREATE INDEX IF NOT EXISTS vote_id_idx ON vote (id)
2025-01-30 14:16:44 FINE: main Will apply sql:
CREATE UNIQUE INDEX IF NOT EXISTS vote_poll_id_idx ON vote (poll_id, voter_id)
2025-01-30 14:16:44 FINE: main Will apply sql:
CREATE TABLE IF NOT EXISTS poll (db_id IDENTITY, id BIGINT NOT NULL, account_id BIGINT NOT NULL, name VARCHAR NOT NULL, description VARCHAR, options ARRAY NOT NULL, min_num_options TINYINT, max_num_options TINYINT, min_range_value TINYINT, max_range_value TINYINT, timestamp INT NOT NULL, finish_height INT NOT NULL, voting_model TINYINT NOT NULL, min_balance BIGINT, min_balance_model TINYINT, holding_id BIGINT, height INT NOT NULL)
2025-01-30 14:16:44 FINE: main Will apply sql:
CREATE TABLE IF NOT EXISTS poll_result (db_id IDENTITY, poll_id BIGINT NOT NULL, result BIGINT, weight BIGINT NOT NULL, height INT NOT NULL)
2025-01-30 14:16:44 FINE: main Will apply sql:
CREATE TABLE IF NOT EXISTS phasing_poll (db_id IDENTITY, id BIGINT NOT NULL, full_hash BINARY(32) NOT NULL, account_id BIGINT NOT NULL, whitelist_size TINYINT NOT NULL DEFAULT 0, finish_height INT NOT NULL, voting_model TINYINT NOT NULL, quorum BIGINT, min_balance BIGINT, holding_id BIGINT, min_balance_model TINYINT, expression VARCHAR, recipient_account_id BIGINT, sender_property_setter_id BIGINT, sender_property_name VARCHAR, sender_property_value VARCHAR, recipient_property_setter_id BIGINT, recipient_property_name VARCHAR, recipient_property_value VARCHAR, hashed_secret VARBINARY, algorithm TINYINT, height INT NOT NULL)
2025-01-30 14:16:44 FINE: main Will apply sql:
CREATE TABLE IF NOT EXISTS phasing_vote (db_id IDENTITY, vote_id BIGINT NOT NULL, vote_full_hash BINARY(32) NOT NULL, transaction_id BIGINT NOT NULL, transaction_full_hash BINARY(32) NOT NULL, voter_id BIGINT NOT NULL, height INT NOT NULL)
2025-01-30 14:16:44 FINE: main Will apply sql:
CREATE TABLE IF NOT EXISTS phasing_poll_voter (db_id IDENTITY, transaction_id BIGINT NOT NULL, transaction_full_hash BINARY(32) NOT NULL, voter_id BIGINT NOT NULL, sub_poll_name VARCHAR, height INT NOT NULL)
2025-01-30 14:16:44 FINE: main Will apply sql:
CREATE INDEX IF NOT EXISTS vote_height_idx ON vote(height)
2025-01-30 14:16:44 FINE: main Will apply sql:
CREATE UNIQUE INDEX IF NOT EXISTS poll_id_idx ON poll(id)
2025-01-30 14:16:44 FINE: main Will apply sql:
CREATE INDEX IF NOT EXISTS poll_height_idx ON poll(height)
2025-01-30 14:16:44 FINE: main Will apply sql:
CREATE INDEX IF NOT EXISTS poll_account_idx ON poll(account_id)
2025-01-30 14:16:44 FINE: main Will apply sql:
CREATE INDEX IF NOT EXISTS poll_finish_height_idx ON poll(finish_height DESC)
2025-01-30 14:16:44 FINE: main Will apply sql:
CREATE INDEX IF NOT EXISTS poll_result_poll_id_idx ON poll_result(poll_id)
2025-01-30 14:16:44 FINE: main Will apply sql:
CREATE INDEX IF NOT EXISTS poll_result_height_idx ON poll_result(height)
2025-01-30 14:16:44 FINE: main Will apply sql:
CREATE INDEX IF NOT EXISTS phasing_poll_id_idx ON phasing_poll(id)
2025-01-30 14:16:44 FINE: main Will apply sql:
CREATE INDEX IF NOT EXISTS phasing_poll_height_idx ON phasing_poll(height)
2025-01-30 14:16:44 FINE: main Will apply sql:
CREATE INDEX IF NOT EXISTS phasing_poll_account_id_idx ON phasing_poll(account_id, height DESC)
2025-01-30 14:16:44 FINE: main Will apply sql:
CREATE INDEX IF NOT EXISTS phasing_poll_holding_id_idx ON phasing_poll(holding_id, height DESC)
2025-01-30 14:16:44 FINE: main Will apply sql:
CREATE INDEX IF NOT EXISTS phasing_vote_transaction_voter_idx ON phasing_vote(transaction_id, voter_id)
2025-01-30 14:16:44 FINE: main Will apply sql:
CREATE INDEX IF NOT EXISTS phasing_poll_voter_transaction_voter_idx ON phasing_poll_voter(transaction_id, voter_id)
2025-01-30 14:16:44 FINE: main Will apply sql:
CREATE INDEX IF NOT EXISTS currency_founder_account_id_idx ON currency_founder (account_id, height DESC)
2025-01-30 14:16:44 FINE: main Will apply sql:
CREATE INDEX IF NOT EXISTS phasing_poll_voter_height_idx ON phasing_poll_voter(height)
2025-01-30 14:16:44 FINE: main Will apply sql:
CREATE INDEX IF NOT EXISTS phasing_vote_height_idx ON phasing_vote(height)
2025-01-30 14:16:44 FINE: main Will apply sql:
CREATE INDEX IF NOT EXISTS trade_ask_idx ON trade (ask_order_id, height DESC)
2025-01-30 14:16:44 FINE: main Will apply sql:
CREATE INDEX IF NOT EXISTS trade_bid_idx ON trade (bid_order_id, height DESC)
2025-01-30 14:16:44 FINE: main Will apply sql:
CREATE TABLE IF NOT EXISTS prunable_message (db_id IDENTITY, id BIGINT NOT NULL, full_hash BINARY(32) NOT NULL, sender_id BIGINT NOT NULL, recipient_id BIGINT, message VARBINARY, message_is_text BOOLEAN NOT NULL, is_compressed BOOLEAN NOT NULL, encrypted_message VARBINARY, encrypted_is_text BOOLEAN DEFAULT FALSE, block_timestamp INT NOT NULL, transaction_timestamp INT NOT NULL, height INT NOT NULL)
2025-01-30 14:16:44 FINE: main Will apply sql:
CREATE INDEX IF NOT EXISTS prunable_message_id_idx ON prunable_message (id)
2025-01-30 14:16:44 FINE: main Will apply sql:
CREATE INDEX IF NOT EXISTS prunable_message_transaction_timestamp_idx ON prunable_message (transaction_timestamp DESC)
2025-01-30 14:16:44 FINE: main Will apply sql:
CREATE INDEX IF NOT EXISTS prunable_message_sender_idx ON prunable_message (sender_id)
2025-01-30 14:16:44 FINE: main Will apply sql:
CREATE INDEX IF NOT EXISTS prunable_message_recipient_idx ON prunable_message (recipient_id)
2025-01-30 14:16:44 FINE: main Will apply sql:
CREATE INDEX IF NOT EXISTS prunable_message_block_timestamp_dbid_idx ON prunable_message (block_timestamp DESC, db_id DESC)
2025-01-30 14:16:44 FINE: main Will apply sql:
CREATE TABLE IF NOT EXISTS tagged_data (db_id IDENTITY, id BIGINT NOT NULL, full_hash BINARY(32) NOT NULL, account_id BIGINT NOT NULL, name VARCHAR NOT NULL, description VARCHAR, tags VARCHAR, parsed_tags ARRAY, type VARCHAR, data VARBINARY NOT NULL, is_text BOOLEAN NOT NULL, channel VARCHAR, filename VARCHAR, block_timestamp INT NOT NULL, transaction_timestamp INT NOT NULL, height INT NOT NULL)
2025-01-30 14:16:44 FINE: main Will apply sql:
CREATE INDEX IF NOT EXISTS tagged_data_id_idx ON tagged_data (id)
2025-01-30 14:16:44 FINE: main Will apply sql:
CREATE INDEX IF NOT EXISTS tagged_data_expiration_idx ON tagged_data (transaction_timestamp DESC)
2025-01-30 14:16:44 FINE: main Will apply sql:
CREATE INDEX IF NOT EXISTS tagged_data_account_id_height_idx ON tagged_data (account_id, height DESC)
2025-01-30 14:16:44 FINE: main Will apply sql:
CREATE INDEX IF NOT EXISTS tagged_data_block_timestamp_db_id_idx ON tagged_data (block_timestamp DESC, db_id DESC)
2025-01-30 14:16:44 FINE: main Will apply sql:
CREATE TABLE IF NOT EXISTS data_tag (db_id IDENTITY, tag VARCHAR NOT NULL, tag_count INT NOT NULL, height INT NOT NULL, latest BOOLEAN NOT NULL DEFAULT TRUE)
2025-01-30 14:16:44 FINE: main Will apply sql:
CREATE UNIQUE INDEX IF NOT EXISTS data_tag_tag_height_idx ON data_tag (tag, height DESC)
2025-01-30 14:16:44 FINE: main Will apply sql:
CREATE INDEX IF NOT EXISTS data_tag_count_height_idx ON data_tag (tag_count DESC, height DESC)
2025-01-30 14:16:44 FINE: main Will apply sql:
CREATE INDEX IF NOT EXISTS tagged_data_channel_idx ON tagged_data (channel, height DESC)
2025-01-30 14:16:44 FINE: main Will apply sql:
CREATE INDEX IF NOT EXISTS balance_height_id_idx ON balance (height, account_id)
2025-01-30 14:16:44 FINE: main Will apply sql:
CREATE INDEX IF NOT EXISTS alias_height_id_idx ON alias (height, id)
2025-01-30 14:16:44 FINE: main Will apply sql:
CREATE INDEX IF NOT EXISTS alias_offer_height_id_idx ON alias_offer (height, id)
2025-01-30 14:16:44 FINE: main Will apply sql:
CREATE INDEX IF NOT EXISTS ask_order_height_id_idx ON ask_order (height, id)
2025-01-30 14:16:44 FINE: main Will apply sql:
CREATE INDEX IF NOT EXISTS bid_order_height_id_idx ON bid_order (height, id)
2025-01-30 14:16:44 FINE: main Will apply sql:
CREATE INDEX IF NOT EXISTS buy_offer_height_id_idx ON buy_offer (height, id)
2025-01-30 14:16:44 FINE: main Will apply sql:
CREATE INDEX IF NOT EXISTS currency_founder_height_id_idx ON currency_founder (height, currency_id, account_id)
2025-01-30 14:16:44 FINE: main Will apply sql:
CREATE INDEX IF NOT EXISTS goods_height_id_idx ON goods (height, id)
2025-01-30 14:16:44 FINE: main Will apply sql:
CREATE INDEX IF NOT EXISTS purchase_height_id_idx ON purchase (height, id)
2025-01-30 14:16:44 FINE: main Will apply sql:
CREATE INDEX IF NOT EXISTS purchase_feedback_height_id_idx ON purchase_feedback (height, id)
2025-01-30 14:16:44 FINE: main Will apply sql:
CREATE INDEX IF NOT EXISTS purchase_public_feedback_height_id_idx ON purchase_public_feedback (height, id)
2025-01-30 14:16:44 FINE: main Will apply sql:
CREATE INDEX IF NOT EXISTS sell_offer_height_id_idx ON sell_offer (height, id)
2025-01-30 14:16:44 FINE: main Will apply sql:
CREATE INDEX IF NOT EXISTS tag_height_tag_idx ON tag (height, tag)
2025-01-30 14:16:44 FINE: main Will apply sql:
CREATE INDEX IF NOT EXISTS trade_height_db_id_idx ON trade (height DESC, db_id DESC)
2025-01-30 14:16:44 FINE: main Will apply sql:
CREATE INDEX IF NOT EXISTS exchange_height_db_id_idx ON exchange (height DESC, db_id DESC)
2025-01-30 14:16:44 FINE: main Will apply sql:
CREATE TABLE IF NOT EXISTS exchange_request (db_id IDENTITY, id BIGINT NOT NULL, full_hash BINARY(32) NOT NULL, account_id BIGINT NOT NULL, currency_id BIGINT NOT NULL, units BIGINT NOT NULL, rate BIGINT NOT NULL, is_buy BOOLEAN NOT NULL, timestamp INT NOT NULL, height INT NOT NULL)
2025-01-30 14:16:44 FINE: main Will apply sql:
CREATE INDEX IF NOT EXISTS exchange_request_id_idx ON exchange_request (id)
2025-01-30 14:16:44 FINE: main Will apply sql:
CREATE INDEX IF NOT EXISTS exchange_request_account_currency_idx ON exchange_request (account_id, currency_id, height DESC)
2025-01-30 14:16:44 FINE: main Will apply sql:
CREATE INDEX IF NOT EXISTS exchange_request_currency_idx ON exchange_request (currency_id, height DESC)
2025-01-30 14:16:44 FINE: main Will apply sql:
CREATE INDEX IF NOT EXISTS exchange_request_height_db_id_idx ON exchange_request (height DESC, db_id DESC)
2025-01-30 14:16:44 FINE: main Will apply sql:
CREATE INDEX IF NOT EXISTS exchange_request_height_idx ON exchange_request (height)
2025-01-30 14:16:44 INFO: main Lucene search index deleted
2025-01-30 14:16:44 INFO: main H2 fulltext function aliases dropped
2025-01-30 14:16:44 INFO: main NRS fulltext schema created
2025-01-30 14:16:44 INFO: main Rebuilding the Lucene search index
2025-01-30 14:16:44 INFO: main Lucene search index deleted
2025-01-30 14:16:44 INFO: main Lucene search index successfully rebuilt
2025-01-30 14:16:44 INFO: main NRS fulltext aliases created
2025-01-30 14:16:44 FINE: main Will apply sql:
CREATE TABLE IF NOT EXISTS shuffling (db_id IDENTITY, id BIGINT NOT NULL, full_hash BINARY(32) NOT NULL, holding_id BIGINT NULL, holding_type TINYINT NOT NULL, issuer_id BIGINT NOT NULL, amount BIGINT NOT NULL, participant_count TINYINT NOT NULL, blocks_remaining SMALLINT NULL, stage TINYINT NOT NULL, assignee_account_id BIGINT NULL, registrant_count TINYINT NOT NULL, recipient_public_keys ARRAY, height INT NOT NULL, latest BOOLEAN NOT NULL DEFAULT TRUE)
2025-01-30 14:16:44 FINE: main Will apply sql:
CREATE INDEX IF NOT EXISTS shuffling_id_height_idx ON shuffling (id, height DESC)
2025-01-30 14:16:44 FINE: main Will apply sql:
CREATE INDEX IF NOT EXISTS shuffling_holding_id_height_idx ON shuffling (holding_id, height DESC)
2025-01-30 14:16:44 FINE: main Will apply sql:
CREATE INDEX IF NOT EXISTS shuffling_assignee_account_id_height_idx ON shuffling (assignee_account_id, height DESC)
2025-01-30 14:16:44 FINE: main Will apply sql:
CREATE INDEX IF NOT EXISTS shuffling_height_id_idx ON shuffling (height, id)
2025-01-30 14:16:44 FINE: main Will apply sql:
CREATE TABLE IF NOT EXISTS shuffling_participant (db_id IDENTITY, shuffling_id BIGINT NOT NULL, shuffling_full_hash BINARY(32) NOT NULL, account_id BIGINT NOT NULL, next_account_id BIGINT NULL, participant_index TINYINT NOT NULL, state TINYINT NOT NULL, blame_data ARRAY, key_seeds ARRAY, data_transaction_full_hash BINARY(32), height INT NOT NULL, latest BOOLEAN NOT NULL DEFAULT TRUE)
2025-01-30 14:16:44 FINE: main Will apply sql:
CREATE INDEX IF NOT EXISTS shuffling_participant_shuffling_id_account_id_idx ON shuffling_participant (shuffling_id, account_id, height DESC)
2025-01-30 14:16:44 FINE: main Will apply sql:
CREATE INDEX IF NOT EXISTS shuffling_participant_height_idx ON shuffling_participant (height, shuffling_id, account_id)
2025-01-30 14:16:44 FINE: main Will apply sql:
CREATE TABLE IF NOT EXISTS shuffling_data (db_id IDENTITY, shuffling_id BIGINT NOT NULL, shuffling_full_hash BINARY(32) NOT NULL, account_id BIGINT NOT NULL, data ARRAY, transaction_timestamp INT NOT NULL, height INT NOT NULL)
2025-01-30 14:16:44 FINE: main Will apply sql:
CREATE INDEX IF NOT EXISTS shuffling_data_id_height_idx ON shuffling_data (shuffling_id, height DESC)
2025-01-30 14:16:44 FINE: main Will apply sql:
CREATE INDEX shuffling_data_transaction_timestamp_idx ON shuffling_data (transaction_timestamp DESC)
2025-01-30 14:16:44 FINE: main Will apply sql:
CREATE INDEX IF NOT EXISTS transaction_referenced_transaction_id_idx ON transaction (referenced_transaction_id)
2025-01-30 14:16:44 FINE: main Will apply sql:
CREATE INDEX IF NOT EXISTS shuffling_blocks_remaining_height_idx ON shuffling (blocks_remaining, height DESC)
2025-01-30 14:16:44 FINE: main Will apply sql:
CREATE TABLE IF NOT EXISTS asset_dividend (db_id IDENTITY, id BIGINT NOT NULL, full_hash BINARY(32) NOT NULL, asset_id BIGINT NOT NULL, holding_id BIGINT NOT NULL, holding_type TINYINT NOT NULL, amount BIGINT NOT NULL, dividend_height INT NOT NULL, total_dividend BIGINT NOT NULL, num_accounts BIGINT NOT NULL, timestamp INT NOT NULL, height INT NOT NULL)
2025-01-30 14:16:44 FINE: main Will apply sql:
CREATE INDEX IF NOT EXISTS asset_dividend_id_idx ON asset_dividend (id)
2025-01-30 14:16:44 FINE: main Will apply sql:
CREATE INDEX IF NOT EXISTS asset_dividend_asset_id_idx ON asset_dividend (asset_id, height DESC)
2025-01-30 14:16:44 FINE: main Will apply sql:
CREATE INDEX IF NOT EXISTS asset_dividend_height_idx ON asset_dividend (height)
2025-01-30 14:16:44 FINE: main Will apply sql:
CREATE INDEX IF NOT EXISTS fxt_transaction_id_idx ON transaction (fxt_transaction_id, transaction_index)
2025-01-30 14:16:44 FINE: main Will apply sql:
CREATE TABLE IF NOT EXISTS phasing_sub_poll (db_id IDENTITY, transaction_id BIGINT NOT NULL, transaction_full_hash BINARY(32) NOT NULL, name VARCHAR, whitelist_size TINYINT NOT NULL DEFAULT 0, voting_model TINYINT NOT NULL, quorum BIGINT, min_balance BIGINT, holding_id BIGINT, min_balance_model TINYINT, sender_property_setter_id BIGINT, sender_property_name VARCHAR, sender_property_value VARCHAR, recipient_property_setter_id BIGINT, recipient_property_name VARCHAR, recipient_property_value VARCHAR, hashed_secret VARBINARY, algorithm TINYINT, height INT NOT NULL)
2025-01-30 14:16:44 FINE: main Will apply sql:
CREATE TABLE IF NOT EXISTS phasing_vote_sub_poll (db_id IDENTITY, transaction_id BIGINT NOT NULL, transaction_full_hash BINARY(32) NOT NULL, voter_id BIGINT NOT NULL, sub_poll_name VARCHAR NOT NULL, height INT NOT NULL)
2025-01-30 14:16:44 FINE: main Will apply sql:
CREATE INDEX IF NOT EXISTS phasing_vote_sub_poll_transaction_id_idx ON phasing_vote_sub_poll(transaction_id, voter_id)
2025-01-30 14:16:44 FINE: main Will apply sql:
CREATE INDEX IF NOT EXISTS phasing_vote_sub_poll_height_idx ON phasing_vote_sub_poll(height)
2025-01-30 14:16:44 FINE: main Will apply sql:
CREATE INDEX IF NOT EXISTS phasing_sub_poll_id_idx ON phasing_sub_poll(transaction_id)
2025-01-30 14:16:44 FINE: main Will apply sql:
CREATE INDEX IF NOT EXISTS phasing_sub_poll_height_idx ON phasing_sub_poll(height)
2025-01-30 14:16:44 FINE: main Will apply sql:
CREATE INDEX IF NOT EXISTS prunable_message_height_idx ON prunable_message (height)
2025-01-30 14:16:44 FINE: main Will apply sql:
CREATE INDEX IF NOT EXISTS tagged_data_height_idx ON tagged_data (height)
2025-01-30 14:16:44 FINE: main Will apply sql:
CREATE INDEX IF NOT EXISTS data_tag_height_idx ON data_tag (height)
2025-01-30 14:16:44 FINE: main Will apply sql:
CREATE INDEX IF NOT EXISTS shuffling_data_height_idx ON shuffling_data (height)
2025-01-30 14:16:44 FINE: main Will apply sql:
CREATE INDEX IF NOT EXISTS transaction_block_id_idx ON transaction (block_id)
2025-01-30 14:16:44 FINE: main Will apply sql:
DELETE FROM tagged_data WHERE id IN (SELECT id FROM tagged_data GROUP BY id HAVING count(*) > 1) AND db_id NOT IN (SELECT min(db_id) AS db_id FROM tagged_data GROUP BY id HAVING count(*) > 1)
2025-01-30 14:16:44 FINE: main Will apply sql:
CREATE TABLE IF NOT EXISTS account_permission (db_id IDENTITY,   account_id BIGINT NOT NULL,    permission_id INT NOT NULL,    granter_id BIGINT NOT NULL,    height INT NOT NULL,    latest BOOLEAN NOT NULL DEFAULT TRUE)
2025-01-30 14:16:44 FINE: main Will apply sql:
CREATE UNIQUE INDEX IF NOT EXISTS account_permission_account_permission_height_idx ON account_permission (account_id, permission_id, height DESC)
2025-01-30 14:16:44 FINE: main Will apply sql:
CREATE INDEX IF NOT EXISTS account_permission_height_account_idx ON account_permission (height, account_id)
2025-01-30 14:16:44 FINE: main Will apply sql:
CREATE INDEX IF NOT EXISTS account_permission_granter_height_idx ON account_permission (granter_id, height DESC)
2025-01-30 14:16:44 FINE: main Will apply sql:
CREATE INDEX IF NOT EXISTS account_permission_permission_height_idx ON account_permission (permission_id, height DESC)
2025-01-30 14:16:44 FINE: main Will apply sql:
DROP INDEX IF EXISTS ask_order_asset_id_price_idx
2025-01-30 14:16:44 FINE: main Will apply sql:
CREATE INDEX IF NOT EXISTS ask_order_asset_id_price_idx ON ask_order (asset_id, latest, price)
2025-01-30 14:16:44 FINE: main Will apply sql:
DROP INDEX IF EXISTS bid_order_asset_id_price_idx
2025-01-30 14:16:44 FINE: main Will apply sql:
CREATE INDEX IF NOT EXISTS bid_order_asset_id_price_idx ON bid_order (asset_id, latest, price DESC)
2025-01-30 14:16:44 FINE: main Will apply sql:
DROP INDEX IF EXISTS transaction_sender_id_idx
2025-01-30 14:16:44 FINE: main Will apply sql:
CREATE INDEX IF NOT EXISTS transaction_sender_id_time_idx ON transaction (sender_id, block_timestamp DESC)
2025-01-30 14:16:44 FINE: main Will apply sql:
DROP INDEX IF EXISTS transaction_recipient_id_idx
2025-01-30 14:16:44 FINE: main Will apply sql:
CREATE INDEX IF NOT EXISTS transaction_recipient_id_time_idx ON transaction (recipient_id, block_timestamp DESC)
2025-01-30 14:16:44 INFO: main Initializing an empty database
2025-01-30 14:16:44 FINE: main Will apply sql:
CREATE TABLE IF NOT EXISTS transaction (db_id IDENTITY, id BIGINT NOT NULL, deadline SMALLINT NOT NULL, recipient_id BIGINT, transaction_index SMALLINT NOT NULL, amount BIGINT NOT NULL, fee BIGINT NOT NULL, full_hash BINARY(32) NOT NULL, height INT NOT NULL, block_id BIGINT NOT NULL, signature BINARY(64) NOT NULL, timestamp INT NOT NULL, type TINYINT NOT NULL, subtype TINYINT NOT NULL, sender_id BIGINT NOT NULL, block_timestamp INT NOT NULL, referenced_transaction_chain_id INT, referenced_transaction_full_hash BINARY(32), referenced_transaction_id BIGINT, phased BOOLEAN NOT NULL DEFAULT FALSE, fxt_transaction_id BIGINT NOT NULL, attachment_bytes VARBINARY, version TINYINT NOT NULL, has_message BOOLEAN NOT NULL DEFAULT FALSE, has_encrypted_message BOOLEAN NOT NULL DEFAULT FALSE, has_public_key_announcement BOOLEAN NOT NULL DEFAULT FALSE, ec_block_height INT DEFAULT NULL, ec_block_id BIGINT DEFAULT NULL, has_encrypttoself_message BOOLEAN NOT NULL DEFAULT FALSE, has_prunable_message BOOLEAN NOT NULL DEFAULT FALSE, has_prunable_encrypted_message BOOLEAN NOT NULL DEFAULT FALSE, has_prunable_attachment BOOLEAN NOT NULL DEFAULT FALSE)
2025-01-30 14:16:44 FINE: main Will apply sql:
CREATE INDEX IF NOT EXISTS transaction_id_idx ON transaction (id)
2025-01-30 14:16:44 FINE: main Will apply sql:
CREATE INDEX IF NOT EXISTS transaction_sender_id_idx ON transaction (sender_id)
2025-01-30 14:16:44 FINE: main Will apply sql:
CREATE INDEX IF NOT EXISTS transaction_recipient_id_idx ON transaction (recipient_id)
2025-01-30 14:16:44 FINE: main Will apply sql:
CREATE INDEX IF NOT EXISTS transaction_block_timestamp_idx ON transaction (block_timestamp DESC)
2025-01-30 14:16:44 FINE: main Will apply sql:
CREATE TABLE IF NOT EXISTS alias (db_id IDENTITY, id BIGINT NOT NULL, account_id BIGINT NOT NULL, alias_name VARCHAR NOT NULL, alias_name_lower VARCHAR NOT NULL, alias_uri VARCHAR NOT NULL, timestamp INT NOT NULL, height INT NOT NULL, latest BOOLEAN NOT NULL DEFAULT TRUE)
2025-01-30 14:16:44 FINE: main Will apply sql:
CREATE UNIQUE INDEX IF NOT EXISTS alias_id_height_idx ON alias (id, height DESC)
2025-01-30 14:16:44 FINE: main Will apply sql:
CREATE INDEX IF NOT EXISTS alias_account_id_idx ON alias (account_id, height DESC)
2025-01-30 14:16:44 FINE: main Will apply sql:
CREATE INDEX IF NOT EXISTS alias_name_lower_idx ON alias (alias_name_lower)
2025-01-30 14:16:44 FINE: main Will apply sql:
CREATE TABLE IF NOT EXISTS alias_offer (db_id IDENTITY, id BIGINT NOT NULL, price BIGINT NOT NULL, buyer_id BIGINT, height INT NOT NULL, latest BOOLEAN DEFAULT TRUE NOT NULL)
2025-01-30 14:16:44 FINE: main Will apply sql:
CREATE UNIQUE INDEX IF NOT EXISTS alias_offer_id_height_idx ON alias_offer (id, height DESC)
2025-01-30 14:16:44 FINE: main Will apply sql:
CREATE TABLE IF NOT EXISTS trade (db_id IDENTITY, asset_id BIGINT NOT NULL, block_id BIGINT NOT NULL, ask_order_id BIGINT NOT NULL, ask_order_full_hash BINARY(32) NOT NULL, bid_order_id BIGINT NOT NULL, bid_order_full_hash BINARY(32) NOT NULL, ask_order_height INT NOT NULL, bid_order_height INT NOT NULL, seller_id BIGINT NOT NULL, buyer_id BIGINT NOT NULL, is_buy BOOLEAN NOT NULL, quantity BIGINT NOT NULL, price BIGINT NOT NULL, timestamp INT NOT NULL, height INT NOT NULL)
2025-01-30 14:16:44 FINE: main Will apply sql:
CREATE INDEX IF NOT EXISTS trade_asset_id_idx ON trade (asset_id, height DESC)
2025-01-30 14:16:44 FINE: main Will apply sql:
CREATE INDEX IF NOT EXISTS trade_seller_id_idx ON trade (seller_id, height DESC)
2025-01-30 14:16:44 FINE: main Will apply sql:
CREATE INDEX IF NOT EXISTS trade_buyer_id_idx ON trade (buyer_id, height DESC)
2025-01-30 14:16:44 FINE: main Will apply sql:
CREATE TABLE IF NOT EXISTS ask_order (db_id IDENTITY, id BIGINT NOT NULL, full_hash BINARY(32) NOT NULL, account_id BIGINT NOT NULL, asset_id BIGINT NOT NULL, price BIGINT NOT NULL, transaction_index SMALLINT NOT NULL, transaction_height INT NOT NULL, quantity BIGINT NOT NULL, creation_height INT NOT NULL, height INT NOT NULL, latest BOOLEAN NOT NULL DEFAULT TRUE)
2025-01-30 14:16:44 FINE: main Will apply sql:
CREATE UNIQUE INDEX IF NOT EXISTS ask_order_id_height_idx ON ask_order (id, height DESC)
2025-01-30 14:16:44 FINE: main Will apply sql:
CREATE INDEX IF NOT EXISTS ask_order_account_id_idx ON ask_order (account_id, height DESC)
2025-01-30 14:16:44 FINE: main Will apply sql:
CREATE INDEX IF NOT EXISTS ask_order_asset_id_price_idx ON ask_order (asset_id, price)
2025-01-30 14:16:44 FINE: main Will apply sql:
CREATE TABLE IF NOT EXISTS bid_order (db_id IDENTITY, id BIGINT NOT NULL, full_hash BINARY(32) NOT NULL, account_id BIGINT NOT NULL, asset_id BIGINT NOT NULL, price BIGINT NOT NULL, transaction_index SMALLINT NOT NULL, transaction_height INT NOT NULL, amount BIGINT NOT NULL, quantity BIGINT NOT NULL, creation_height INT NOT NULL, height INT NOT NULL, latest BOOLEAN NOT NULL DEFAULT TRUE)
2025-01-30 14:16:44 FINE: main Will apply sql:
CREATE UNIQUE INDEX IF NOT EXISTS bid_order_id_height_idx ON bid_order (id, height DESC)
2025-01-30 14:16:44 FINE: main Will apply sql:
CREATE INDEX IF NOT EXISTS bid_order_account_id_idx ON bid_order (account_id, height DESC)
2025-01-30 14:16:44 FINE: main Will apply sql:
CREATE INDEX IF NOT EXISTS bid_order_asset_id_price_idx ON bid_order (asset_id, price DESC)
2025-01-30 14:16:44 FINE: main Will apply sql:
CREATE TABLE IF NOT EXISTS goods (db_id IDENTITY, id BIGINT NOT NULL, full_hash BINARY(32), seller_id BIGINT NOT NULL, name VARCHAR NOT NULL, description VARCHAR, parsed_tags ARRAY, has_image BOOLEAN NOT NULL, tags VARCHAR, timestamp INT NOT NULL, quantity INT NOT NULL, price BIGINT NOT NULL, delisted BOOLEAN NOT NULL, height INT NOT NULL, latest BOOLEAN NOT NULL DEFAULT TRUE)
2025-01-30 14:16:44 FINE: main Will apply sql:
CREATE UNIQUE INDEX IF NOT EXISTS goods_id_height_idx ON goods (id, height DESC)
2025-01-30 14:16:44 FINE: main Will apply sql:
CREATE INDEX IF NOT EXISTS goods_seller_id_name_idx ON goods (seller_id, name)
2025-01-30 14:16:44 FINE: main Will apply sql:
CREATE INDEX IF NOT EXISTS goods_timestamp_idx ON goods (timestamp DESC, height DESC)
2025-01-30 14:16:44 FINE: main Will apply sql:
CREATE TABLE IF NOT EXISTS purchase (db_id IDENTITY, id BIGINT NOT NULL, buyer_id BIGINT NOT NULL, goods_id BIGINT NOT NULL, seller_id BIGINT NOT NULL, quantity INT NOT NULL, price BIGINT NOT NULL, deadline INT NOT NULL, note VARBINARY, nonce BINARY(32), timestamp INT NOT NULL, pending BOOLEAN NOT NULL, goods VARBINARY, goods_nonce BINARY(32), goods_is_text BOOLEAN NOT NULL DEFAULT TRUE, refund_note VARBINARY, refund_nonce BINARY(32), has_feedback_notes BOOLEAN NOT NULL DEFAULT FALSE, has_public_feedbacks BOOLEAN NOT NULL DEFAULT FALSE, discount BIGINT NOT NULL, refund BIGINT NOT NULL, height INT NOT NULL, latest BOOLEAN NOT NULL DEFAULT TRUE)
2025-01-30 14:16:44 FINE: main Will apply sql:
CREATE UNIQUE INDEX IF NOT EXISTS purchase_id_height_idx ON purchase (id, height DESC)
2025-01-30 14:16:44 FINE: main Will apply sql:
CREATE INDEX IF NOT EXISTS purchase_buyer_id_height_idx ON purchase (buyer_id, height DESC)
2025-01-30 14:16:44 FINE: main Will apply sql:
CREATE INDEX IF NOT EXISTS purchase_seller_id_height_idx ON purchase (seller_id, height DESC)
2025-01-30 14:16:44 FINE: main Will apply sql:
CREATE INDEX IF NOT EXISTS purchase_deadline_idx ON purchase (deadline DESC, height DESC)
2025-01-30 14:16:44 FINE: main Will apply sql:
CREATE TABLE IF NOT EXISTS balance (db_id IDENTITY, account_id BIGINT NOT NULL, balance BIGINT NOT NULL, unconfirmed_balance BIGINT NOT NULL, height INT NOT NULL, latest BOOLEAN NOT NULL DEFAULT TRUE)
2025-01-30 14:16:44 FINE: main Will apply sql:
CREATE UNIQUE INDEX IF NOT EXISTS balance_id_height_idx ON balance (account_id, height DESC)
2025-01-30 14:16:44 FINE: main Will apply sql:
CREATE TABLE IF NOT EXISTS purchase_feedback (db_id IDENTITY, id BIGINT NOT NULL, feedback_data VARBINARY NOT NULL, feedback_nonce BINARY(32) NOT NULL, height INT NOT NULL, latest BOOLEAN NOT NULL DEFAULT TRUE)
2025-01-30 14:16:44 FINE: main Will apply sql:
CREATE INDEX IF NOT EXISTS purchase_feedback_id_height_idx ON purchase_feedback (id, height DESC)
2025-01-30 14:16:44 FINE: main Will apply sql:
CREATE TABLE IF NOT EXISTS purchase_public_feedback (db_id IDENTITY, id BIGINT NOT NULL, public_feedback VARCHAR NOT NULL, height INT NOT NULL, latest BOOLEAN NOT NULL DEFAULT TRUE)
2025-01-30 14:16:44 FINE: main Will apply sql:
CREATE INDEX IF NOT EXISTS purchase_public_feedback_id_height_idx ON purchase_public_feedback (id, height DESC)
2025-01-30 14:16:44 FINE: main Will apply sql:
CREATE INDEX IF NOT EXISTS purchase_timestamp_idx ON purchase (timestamp DESC, id)
2025-01-30 14:16:44 FINE: main Will apply sql:
CREATE INDEX IF NOT EXISTS ask_order_creation_idx ON ask_order (creation_height DESC)
2025-01-30 14:16:44 FINE: main Will apply sql:
CREATE INDEX IF NOT EXISTS bid_order_creation_idx ON bid_order (creation_height DESC)
2025-01-30 14:16:44 FINE: main Will apply sql:
CREATE TABLE IF NOT EXISTS tag (db_id IDENTITY, tag VARCHAR NOT NULL, in_stock_count INT NOT NULL, total_count INT NOT NULL, height INT NOT NULL, latest BOOLEAN NOT NULL DEFAULT TRUE)
2025-01-30 14:16:44 FINE: main Will apply sql:
CREATE UNIQUE INDEX IF NOT EXISTS tag_tag_idx ON tag (tag, height DESC)
2025-01-30 14:16:44 FINE: main Will apply sql:
CREATE INDEX IF NOT EXISTS tag_in_stock_count_idx ON tag (in_stock_count DESC, height DESC)
2025-01-30 14:16:44 FINE: main Will apply sql:
CREATE TABLE IF NOT EXISTS currency_founder (db_id IDENTITY, currency_id BIGINT NOT NULL, account_id BIGINT NOT NULL, amount_per_unit BIGINT NOT NULL, amount BIGINT NOT NULL, height INT NOT NULL, latest BOOLEAN NOT NULL DEFAULT TRUE)
2025-01-30 14:16:44 FINE: main Will apply sql:
CREATE UNIQUE INDEX IF NOT EXISTS currency_founder_currency_id_idx ON currency_founder (currency_id, account_id, height DESC)
2025-01-30 14:16:44 FINE: main Will apply sql:
CREATE TABLE IF NOT EXISTS buy_offer (db_id IDENTITY, id BIGINT NOT NULL, full_hash BINARY(32) NOT NULL, currency_id BIGINT NOT NULL, account_id BIGINT NOT NULL,rate BIGINT NOT NULL, unit_limit BIGINT NOT NULL, supply BIGINT NOT NULL, expiration_height INT NOT NULL, amount BIGINT NOT NULL, creation_height INT NOT NULL, transaction_index SMALLINT NOT NULL, transaction_height INT NOT NULL, height INT NOT NULL, latest BOOLEAN NOT NULL DEFAULT TRUE)
2025-01-30 14:16:44 FINE: main Will apply sql:
CREATE UNIQUE INDEX IF NOT EXISTS buy_offer_id_idx ON buy_offer (id, height DESC)
2025-01-30 14:16:44 FINE: main Will apply sql:
CREATE INDEX IF NOT EXISTS buy_offer_currency_id_account_id_idx ON buy_offer (currency_id, account_id, height DESC)
2025-01-30 14:16:44 FINE: main Will apply sql:
CREATE TABLE IF NOT EXISTS sell_offer (db_id IDENTITY, id BIGINT NOT NULL, full_hash BINARY(32) NOT NULL, currency_id BIGINT NOT NULL, account_id BIGINT NOT NULL, rate BIGINT NOT NULL, unit_limit BIGINT NOT NULL, supply BIGINT NOT NULL, expiration_height INT NOT NULL, creation_height INT NOT NULL, transaction_index SMALLINT NOT NULL, transaction_height INT NOT NULL, height INT NOT NULL, latest BOOLEAN NOT NULL DEFAULT TRUE)
2025-01-30 14:16:44 FINE: main Will apply sql:
CREATE UNIQUE INDEX IF NOT EXISTS sell_offer_id_idx ON sell_offer (id, height DESC)
2025-01-30 14:16:44 FINE: main Will apply sql:
CREATE INDEX IF NOT EXISTS sell_offer_currency_id_account_id_idx ON sell_offer (currency_id, account_id, height DESC)
2025-01-30 14:16:44 FINE: main Will apply sql:
CREATE TABLE IF NOT EXISTS exchange (db_id IDENTITY, transaction_id BIGINT NOT NULL, transaction_full_hash BINARY(32) NOT NULL, currency_id BIGINT NOT NULL, block_id BIGINT NOT NULL, offer_id BIGINT NOT NULL, offer_full_hash BINARY(32) NOT NULL, seller_id BIGINT NOT NULL, buyer_id BIGINT NOT NULL, units BIGINT NOT NULL, rate BIGINT NOT NULL, timestamp INT NOT NULL, height INT NOT NULL)
2025-01-30 14:16:44 FINE: main Will apply sql:
CREATE INDEX IF NOT EXISTS exchange_offer_idx ON exchange (transaction_id, offer_id)
2025-01-30 14:16:44 FINE: main Will apply sql:
CREATE INDEX IF NOT EXISTS exchange_currency_id_idx ON exchange (currency_id, height DESC)
2025-01-30 14:16:44 FINE: main Will apply sql:
CREATE INDEX IF NOT EXISTS exchange_seller_id_idx ON exchange (seller_id, height DESC)
2025-01-30 14:16:44 FINE: main Will apply sql:
CREATE INDEX IF NOT EXISTS exchange_buyer_id_idx ON exchange (buyer_id, height DESC)
2025-01-30 14:16:44 FINE: main Will apply sql:
CREATE INDEX IF NOT EXISTS buy_offer_rate_height_idx ON buy_offer (rate DESC, creation_height ASC)
2025-01-30 14:16:44 FINE: main Will apply sql:
CREATE INDEX IF NOT EXISTS sell_offer_rate_height_idx ON sell_offer (rate ASC, creation_height ASC)
2025-01-30 14:16:44 FINE: main Will apply sql:
CREATE INDEX IF NOT EXISTS exchange_height_idx ON exchange(height)
2025-01-30 14:16:44 FINE: main Will apply sql:
CREATE INDEX IF NOT EXISTS trade_height_idx ON trade(height)
2025-01-30 14:16:44 FINE: main Will apply sql:
CREATE TABLE IF NOT EXISTS vote (db_id IDENTITY, id BIGINT NOT NULL, full_hash BINARY(32) NOT NULL, poll_id BIGINT NOT NULL, voter_id BIGINT NOT NULL, vote_bytes VARBINARY NOT NULL, height INT NOT NULL)
2025-01-30 14:16:44 FINE: main Will apply sql:
CREATE INDEX IF NOT EXISTS vote_id_idx ON vote (id)
2025-01-30 14:16:44 FINE: main Will apply sql:
CREATE UNIQUE INDEX IF NOT EXISTS vote_poll_id_idx ON vote (poll_id, voter_id)
2025-01-30 14:16:44 FINE: main Will apply sql:
CREATE TABLE IF NOT EXISTS poll (db_id IDENTITY, id BIGINT NOT NULL, account_id BIGINT NOT NULL, name VARCHAR NOT NULL, description VARCHAR, options ARRAY NOT NULL, min_num_options TINYINT, max_num_options TINYINT, min_range_value TINYINT, max_range_value TINYINT, timestamp INT NOT NULL, finish_height INT NOT NULL, voting_model TINYINT NOT NULL, min_balance BIGINT, min_balance_model TINYINT, holding_id BIGINT, height INT NOT NULL)
2025-01-30 14:16:44 FINE: main Will apply sql:
CREATE TABLE IF NOT EXISTS poll_result (db_id IDENTITY, poll_id BIGINT NOT NULL, result BIGINT, weight BIGINT NOT NULL, height INT NOT NULL)
2025-01-30 14:16:44 FINE: main Will apply sql:
CREATE TABLE IF NOT EXISTS phasing_poll (db_id IDENTITY, id BIGINT NOT NULL, full_hash BINARY(32) NOT NULL, account_id BIGINT NOT NULL, whitelist_size TINYINT NOT NULL DEFAULT 0, finish_height INT NOT NULL, voting_model TINYINT NOT NULL, quorum BIGINT, min_balance BIGINT, holding_id BIGINT, min_balance_model TINYINT, expression VARCHAR, recipient_account_id BIGINT, sender_property_setter_id BIGINT, sender_property_name VARCHAR, sender_property_value VARCHAR, recipient_property_setter_id BIGINT, recipient_property_name VARCHAR, recipient_property_value VARCHAR, hashed_secret VARBINARY, algorithm TINYINT, height INT NOT NULL)
2025-01-30 14:16:44 FINE: main Will apply sql:
CREATE TABLE IF NOT EXISTS phasing_vote (db_id IDENTITY, vote_id BIGINT NOT NULL, vote_full_hash BINARY(32) NOT NULL, transaction_id BIGINT NOT NULL, transaction_full_hash BINARY(32) NOT NULL, voter_id BIGINT NOT NULL, height INT NOT NULL)
2025-01-30 14:16:44 FINE: main Will apply sql:
CREATE TABLE IF NOT EXISTS phasing_poll_voter (db_id IDENTITY, transaction_id BIGINT NOT NULL, transaction_full_hash BINARY(32) NOT NULL, voter_id BIGINT NOT NULL, sub_poll_name VARCHAR, height INT NOT NULL)
2025-01-30 14:16:44 FINE: main Will apply sql:
CREATE INDEX IF NOT EXISTS vote_height_idx ON vote(height)
2025-01-30 14:16:44 FINE: main Will apply sql:
CREATE UNIQUE INDEX IF NOT EXISTS poll_id_idx ON poll(id)
2025-01-30 14:16:44 FINE: main Will apply sql:
CREATE INDEX IF NOT EXISTS poll_height_idx ON poll(height)
2025-01-30 14:16:44 FINE: main Will apply sql:
CREATE INDEX IF NOT EXISTS poll_account_idx ON poll(account_id)
2025-01-30 14:16:44 FINE: main Will apply sql:
CREATE INDEX IF NOT EXISTS poll_finish_height_idx ON poll(finish_height DESC)
2025-01-30 14:16:44 FINE: main Will apply sql:
CREATE INDEX IF NOT EXISTS poll_result_poll_id_idx ON poll_result(poll_id)
2025-01-30 14:16:44 FINE: main Will apply sql:
CREATE INDEX IF NOT EXISTS poll_result_height_idx ON poll_result(height)
2025-01-30 14:16:44 FINE: main Will apply sql:
CREATE INDEX IF NOT EXISTS phasing_poll_id_idx ON phasing_poll(id)
2025-01-30 14:16:44 FINE: main Will apply sql:
CREATE INDEX IF NOT EXISTS phasing_poll_height_idx ON phasing_poll(height)
2025-01-30 14:16:44 FINE: main Will apply sql:
CREATE INDEX IF NOT EXISTS phasing_poll_account_id_idx ON phasing_poll(account_id, height DESC)
2025-01-30 14:16:44 FINE: main Will apply sql:
CREATE INDEX IF NOT EXISTS phasing_poll_holding_id_idx ON phasing_poll(holding_id, height DESC)
2025-01-30 14:16:44 FINE: main Will apply sql:
CREATE INDEX IF NOT EXISTS phasing_vote_transaction_voter_idx ON phasing_vote(transaction_id, voter_id)
2025-01-30 14:16:44 FINE: main Will apply sql:
CREATE INDEX IF NOT EXISTS phasing_poll_voter_transaction_voter_idx ON phasing_poll_voter(transaction_id, voter_id)
2025-01-30 14:16:44 FINE: main Will apply sql:
CREATE INDEX IF NOT EXISTS currency_founder_account_id_idx ON currency_founder (account_id, height DESC)
2025-01-30 14:16:44 FINE: main Will apply sql:
CREATE INDEX IF NOT EXISTS phasing_poll_voter_height_idx ON phasing_poll_voter(height)
2025-01-30 14:16:44 FINE: main Will apply sql:
CREATE INDEX IF NOT EXISTS phasing_vote_height_idx ON phasing_vote(height)
2025-01-30 14:16:44 FINE: main Will apply sql:
CREATE INDEX IF NOT EXISTS trade_ask_idx ON trade (ask_order_id, height DESC)
2025-01-30 14:16:44 FINE: main Will apply sql:
CREATE INDEX IF NOT EXISTS trade_bid_idx ON trade (bid_order_id, height DESC)
2025-01-30 14:16:44 FINE: main Will apply sql:
CREATE TABLE IF NOT EXISTS prunable_message (db_id IDENTITY, id BIGINT NOT NULL, full_hash BINARY(32) NOT NULL, sender_id BIGINT NOT NULL, recipient_id BIGINT, message VARBINARY, message_is_text BOOLEAN NOT NULL, is_compressed BOOLEAN NOT NULL, encrypted_message VARBINARY, encrypted_is_text BOOLEAN DEFAULT FALSE, block_timestamp INT NOT NULL, transaction_timestamp INT NOT NULL, height INT NOT NULL)
2025-01-30 14:16:44 FINE: main Will apply sql:
CREATE INDEX IF NOT EXISTS prunable_message_id_idx ON prunable_message (id)
2025-01-30 14:16:44 FINE: main Will apply sql:
CREATE INDEX IF NOT EXISTS prunable_message_transaction_timestamp_idx ON prunable_message (transaction_timestamp DESC)
2025-01-30 14:16:44 FINE: main Will apply sql:
CREATE INDEX IF NOT EXISTS prunable_message_sender_idx ON prunable_message (sender_id)
2025-01-30 14:16:44 FINE: main Will apply sql:
CREATE INDEX IF NOT EXISTS prunable_message_recipient_idx ON prunable_message (recipient_id)
2025-01-30 14:16:44 FINE: main Will apply sql:
CREATE INDEX IF NOT EXISTS prunable_message_block_timestamp_dbid_idx ON prunable_message (block_timestamp DESC, db_id DESC)
2025-01-30 14:16:44 FINE: main Will apply sql:
CREATE TABLE IF NOT EXISTS tagged_data (db_id IDENTITY, id BIGINT NOT NULL, full_hash BINARY(32) NOT NULL, account_id BIGINT NOT NULL, name VARCHAR NOT NULL, description VARCHAR, tags VARCHAR, parsed_tags ARRAY, type VARCHAR, data VARBINARY NOT NULL, is_text BOOLEAN NOT NULL, channel VARCHAR, filename VARCHAR, block_timestamp INT NOT NULL, transaction_timestamp INT NOT NULL, height INT NOT NULL)
2025-01-30 14:16:44 FINE: main Will apply sql:
CREATE INDEX IF NOT EXISTS tagged_data_id_idx ON tagged_data (id)
2025-01-30 14:16:44 FINE: main Will apply sql:
CREATE INDEX IF NOT EXISTS tagged_data_expiration_idx ON tagged_data (transaction_timestamp DESC)
2025-01-30 14:16:44 FINE: main Will apply sql:
CREATE INDEX IF NOT EXISTS tagged_data_account_id_height_idx ON tagged_data (account_id, height DESC)
2025-01-30 14:16:44 FINE: main Will apply sql:
CREATE INDEX IF NOT EXISTS tagged_data_block_timestamp_db_id_idx ON tagged_data (block_timestamp DESC, db_id DESC)
2025-01-30 14:16:44 FINE: main Will apply sql:
CREATE TABLE IF NOT EXISTS data_tag (db_id IDENTITY, tag VARCHAR NOT NULL, tag_count INT NOT NULL, height INT NOT NULL, latest BOOLEAN NOT NULL DEFAULT TRUE)
2025-01-30 14:16:44 FINE: main Will apply sql:
CREATE UNIQUE INDEX IF NOT EXISTS data_tag_tag_height_idx ON data_tag (tag, height DESC)
2025-01-30 14:16:44 FINE: main Will apply sql:
CREATE INDEX IF NOT EXISTS data_tag_count_height_idx ON data_tag (tag_count DESC, height DESC)
2025-01-30 14:16:44 FINE: main Will apply sql:
CREATE INDEX IF NOT EXISTS tagged_data_channel_idx ON tagged_data (channel, height DESC)
2025-01-30 14:16:44 FINE: main Will apply sql:
CREATE INDEX IF NOT EXISTS balance_height_id_idx ON balance (height, account_id)
2025-01-30 14:16:44 FINE: main Will apply sql:
CREATE INDEX IF NOT EXISTS alias_height_id_idx ON alias (height, id)
2025-01-30 14:16:44 FINE: main Will apply sql:
CREATE INDEX IF NOT EXISTS alias_offer_height_id_idx ON alias_offer (height, id)
2025-01-30 14:16:44 FINE: main Will apply sql:
CREATE INDEX IF NOT EXISTS ask_order_height_id_idx ON ask_order (height, id)
2025-01-30 14:16:44 FINE: main Will apply sql:
CREATE INDEX IF NOT EXISTS bid_order_height_id_idx ON bid_order (height, id)
2025-01-30 14:16:44 FINE: main Will apply sql:
CREATE INDEX IF NOT EXISTS buy_offer_height_id_idx ON buy_offer (height, id)
2025-01-30 14:16:44 FINE: main Will apply sql:
CREATE INDEX IF NOT EXISTS currency_founder_height_id_idx ON currency_founder (height, currency_id, account_id)
2025-01-30 14:16:44 FINE: main Will apply sql:
CREATE INDEX IF NOT EXISTS goods_height_id_idx ON goods (height, id)
2025-01-30 14:16:44 FINE: main Will apply sql:
CREATE INDEX IF NOT EXISTS purchase_height_id_idx ON purchase (height, id)
2025-01-30 14:16:44 FINE: main Will apply sql:
CREATE INDEX IF NOT EXISTS purchase_feedback_height_id_idx ON purchase_feedback (height, id)
2025-01-30 14:16:44 FINE: main Will apply sql:
CREATE INDEX IF NOT EXISTS purchase_public_feedback_height_id_idx ON purchase_public_feedback (height, id)
2025-01-30 14:16:44 FINE: main Will apply sql:
CREATE INDEX IF NOT EXISTS sell_offer_height_id_idx ON sell_offer (height, id)
2025-01-30 14:16:44 FINE: main Will apply sql:
CREATE INDEX IF NOT EXISTS tag_height_tag_idx ON tag (height, tag)
2025-01-30 14:16:44 FINE: main Will apply sql:
CREATE INDEX IF NOT EXISTS trade_height_db_id_idx ON trade (height DESC, db_id DESC)
2025-01-30 14:16:44 FINE: main Will apply sql:
CREATE INDEX IF NOT EXISTS exchange_height_db_id_idx ON exchange (height DESC, db_id DESC)
2025-01-30 14:16:44 FINE: main Will apply sql:
CREATE TABLE IF NOT EXISTS exchange_request (db_id IDENTITY, id BIGINT NOT NULL, full_hash BINARY(32) NOT NULL, account_id BIGINT NOT NULL, currency_id BIGINT NOT NULL, units BIGINT NOT NULL, rate BIGINT NOT NULL, is_buy BOOLEAN NOT NULL, timestamp INT NOT NULL, height INT NOT NULL)
2025-01-30 14:16:44 FINE: main Will apply sql:
CREATE INDEX IF NOT EXISTS exchange_request_id_idx ON exchange_request (id)
2025-01-30 14:16:44 FINE: main Will apply sql:
CREATE INDEX IF NOT EXISTS exchange_request_account_currency_idx ON exchange_request (account_id, currency_id, height DESC)
2025-01-30 14:16:44 FINE: main Will apply sql:
CREATE INDEX IF NOT EXISTS exchange_request_currency_idx ON exchange_request (currency_id, height DESC)
2025-01-30 14:16:44 FINE: main Will apply sql:
CREATE INDEX IF NOT EXISTS exchange_request_height_db_id_idx ON exchange_request (height DESC, db_id DESC)
2025-01-30 14:16:44 FINE: main Will apply sql:
CREATE INDEX IF NOT EXISTS exchange_request_height_idx ON exchange_request (height)
2025-01-30 14:16:44 INFO: main Lucene search index deleted
2025-01-30 14:16:45 INFO: main H2 fulltext function aliases dropped
2025-01-30 14:16:45 INFO: main NRS fulltext schema created
2025-01-30 14:16:45 INFO: main Rebuilding the Lucene search index
2025-01-30 14:16:45 INFO: main Lucene search index deleted
2025-01-30 14:16:45 INFO: main Lucene search index successfully rebuilt
2025-01-30 14:16:45 INFO: main NRS fulltext aliases created
2025-01-30 14:16:45 FINE: main Will apply sql:
CREATE TABLE IF NOT EXISTS shuffling (db_id IDENTITY, id BIGINT NOT NULL, full_hash BINARY(32) NOT NULL, holding_id BIGINT NULL, holding_type TINYINT NOT NULL, issuer_id BIGINT NOT NULL, amount BIGINT NOT NULL, participant_count TINYINT NOT NULL, blocks_remaining SMALLINT NULL, stage TINYINT NOT NULL, assignee_account_id BIGINT NULL, registrant_count TINYINT NOT NULL, recipient_public_keys ARRAY, height INT NOT NULL, latest BOOLEAN NOT NULL DEFAULT TRUE)
2025-01-30 14:16:45 FINE: main Will apply sql:
CREATE INDEX IF NOT EXISTS shuffling_id_height_idx ON shuffling (id, height DESC)
2025-01-30 14:16:45 FINE: main Will apply sql:
CREATE INDEX IF NOT EXISTS shuffling_holding_id_height_idx ON shuffling (holding_id, height DESC)
2025-01-30 14:16:45 FINE: main Will apply sql:
CREATE INDEX IF NOT EXISTS shuffling_assignee_account_id_height_idx ON shuffling (assignee_account_id, height DESC)
2025-01-30 14:16:45 FINE: main Will apply sql:
CREATE INDEX IF NOT EXISTS shuffling_height_id_idx ON shuffling (height, id)
2025-01-30 14:16:45 FINE: main Will apply sql:
CREATE TABLE IF NOT EXISTS shuffling_participant (db_id IDENTITY, shuffling_id BIGINT NOT NULL, shuffling_full_hash BINARY(32) NOT NULL, account_id BIGINT NOT NULL, next_account_id BIGINT NULL, participant_index TINYINT NOT NULL, state TINYINT NOT NULL, blame_data ARRAY, key_seeds ARRAY, data_transaction_full_hash BINARY(32), height INT NOT NULL, latest BOOLEAN NOT NULL DEFAULT TRUE)
2025-01-30 14:16:45 FINE: main Will apply sql:
CREATE INDEX IF NOT EXISTS shuffling_participant_shuffling_id_account_id_idx ON shuffling_participant (shuffling_id, account_id, height DESC)
2025-01-30 14:16:45 FINE: main Will apply sql:
CREATE INDEX IF NOT EXISTS shuffling_participant_height_idx ON shuffling_participant (height, shuffling_id, account_id)
2025-01-30 14:16:45 FINE: main Will apply sql:
CREATE TABLE IF NOT EXISTS shuffling_data (db_id IDENTITY, shuffling_id BIGINT NOT NULL, shuffling_full_hash BINARY(32) NOT NULL, account_id BIGINT NOT NULL, data ARRAY, transaction_timestamp INT NOT NULL, height INT NOT NULL)
2025-01-30 14:16:45 FINE: main Will apply sql:
CREATE INDEX IF NOT EXISTS shuffling_data_id_height_idx ON shuffling_data (shuffling_id, height DESC)
2025-01-30 14:16:45 FINE: main Will apply sql:
CREATE INDEX shuffling_data_transaction_timestamp_idx ON shuffling_data (transaction_timestamp DESC)
2025-01-30 14:16:45 FINE: main Will apply sql:
CREATE INDEX IF NOT EXISTS transaction_referenced_transaction_id_idx ON transaction (referenced_transaction_id)
2025-01-30 14:16:45 FINE: main Will apply sql:
CREATE INDEX IF NOT EXISTS shuffling_blocks_remaining_height_idx ON shuffling (blocks_remaining, height DESC)
2025-01-30 14:16:45 FINE: main Will apply sql:
CREATE TABLE IF NOT EXISTS asset_dividend (db_id IDENTITY, id BIGINT NOT NULL, full_hash BINARY(32) NOT NULL, asset_id BIGINT NOT NULL, holding_id BIGINT NOT NULL, holding_type TINYINT NOT NULL, amount BIGINT NOT NULL, dividend_height INT NOT NULL, total_dividend BIGINT NOT NULL, num_accounts BIGINT NOT NULL, timestamp INT NOT NULL, height INT NOT NULL)
2025-01-30 14:16:45 FINE: main Will apply sql:
CREATE INDEX IF NOT EXISTS asset_dividend_id_idx ON asset_dividend (id)
2025-01-30 14:16:45 FINE: main Will apply sql:
CREATE INDEX IF NOT EXISTS asset_dividend_asset_id_idx ON asset_dividend (asset_id, height DESC)
2025-01-30 14:16:45 FINE: main Will apply sql:
CREATE INDEX IF NOT EXISTS asset_dividend_height_idx ON asset_dividend (height)
2025-01-30 14:16:45 FINE: main Will apply sql:
CREATE INDEX IF NOT EXISTS fxt_transaction_id_idx ON transaction (fxt_transaction_id, transaction_index)
2025-01-30 14:16:45 FINE: main Will apply sql:
CREATE TABLE IF NOT EXISTS phasing_sub_poll (db_id IDENTITY, transaction_id BIGINT NOT NULL, transaction_full_hash BINARY(32) NOT NULL, name VARCHAR, whitelist_size TINYINT NOT NULL DEFAULT 0, voting_model TINYINT NOT NULL, quorum BIGINT, min_balance BIGINT, holding_id BIGINT, min_balance_model TINYINT, sender_property_setter_id BIGINT, sender_property_name VARCHAR, sender_property_value VARCHAR, recipient_property_setter_id BIGINT, recipient_property_name VARCHAR, recipient_property_value VARCHAR, hashed_secret VARBINARY, algorithm TINYINT, height INT NOT NULL)
2025-01-30 14:16:45 FINE: main Will apply sql:
CREATE TABLE IF NOT EXISTS phasing_vote_sub_poll (db_id IDENTITY, transaction_id BIGINT NOT NULL, transaction_full_hash BINARY(32) NOT NULL, voter_id BIGINT NOT NULL, sub_poll_name VARCHAR NOT NULL, height INT NOT NULL)
2025-01-30 14:16:45 FINE: main Will apply sql:
CREATE INDEX IF NOT EXISTS phasing_vote_sub_poll_transaction_id_idx ON phasing_vote_sub_poll(transaction_id, voter_id)
2025-01-30 14:16:45 FINE: main Will apply sql:
CREATE INDEX IF NOT EXISTS phasing_vote_sub_poll_height_idx ON phasing_vote_sub_poll(height)
2025-01-30 14:16:45 FINE: main Will apply sql:
CREATE INDEX IF NOT EXISTS phasing_sub_poll_id_idx ON phasing_sub_poll(transaction_id)
2025-01-30 14:16:45 FINE: main Will apply sql:
CREATE INDEX IF NOT EXISTS phasing_sub_poll_height_idx ON phasing_sub_poll(height)
2025-01-30 14:16:45 FINE: main Will apply sql:
CREATE INDEX IF NOT EXISTS prunable_message_height_idx ON prunable_message (height)
2025-01-30 14:16:45 FINE: main Will apply sql:
CREATE INDEX IF NOT EXISTS tagged_data_height_idx ON tagged_data (height)
2025-01-30 14:16:45 FINE: main Will apply sql:
CREATE INDEX IF NOT EXISTS data_tag_height_idx ON data_tag (height)
2025-01-30 14:16:45 FINE: main Will apply sql:
CREATE INDEX IF NOT EXISTS shuffling_data_height_idx ON shuffling_data (height)
2025-01-30 14:16:45 FINE: main Will apply sql:
CREATE INDEX IF NOT EXISTS transaction_block_id_idx ON transaction (block_id)
2025-01-30 14:16:45 FINE: main Will apply sql:
DELETE FROM tagged_data WHERE id IN (SELECT id FROM tagged_data GROUP BY id HAVING count(*) > 1) AND db_id NOT IN (SELECT min(db_id) AS db_id FROM tagged_data GROUP BY id HAVING count(*) > 1)
2025-01-30 14:16:45 FINE: main Will apply sql:
CREATE TABLE IF NOT EXISTS account_permission (db_id IDENTITY,   account_id BIGINT NOT NULL,    permission_id INT NOT NULL,    granter_id BIGINT NOT NULL,    height INT NOT NULL,    latest BOOLEAN NOT NULL DEFAULT TRUE)
2025-01-30 14:16:45 FINE: main Will apply sql:
CREATE UNIQUE INDEX IF NOT EXISTS account_permission_account_permission_height_idx ON account_permission (account_id, permission_id, height DESC)
2025-01-30 14:16:45 FINE: main Will apply sql:
CREATE INDEX IF NOT EXISTS account_permission_height_account_idx ON account_permission (height, account_id)
2025-01-30 14:16:45 FINE: main Will apply sql:
CREATE INDEX IF NOT EXISTS account_permission_granter_height_idx ON account_permission (granter_id, height DESC)
2025-01-30 14:16:45 FINE: main Will apply sql:
CREATE INDEX IF NOT EXISTS account_permission_permission_height_idx ON account_permission (permission_id, height DESC)
2025-01-30 14:16:45 FINE: main Will apply sql:
DROP INDEX IF EXISTS ask_order_asset_id_price_idx
2025-01-30 14:16:45 FINE: main Will apply sql:
CREATE INDEX IF NOT EXISTS ask_order_asset_id_price_idx ON ask_order (asset_id, latest, price)
2025-01-30 14:16:45 FINE: main Will apply sql:
DROP INDEX IF EXISTS bid_order_asset_id_price_idx
2025-01-30 14:16:45 FINE: main Will apply sql:
CREATE INDEX IF NOT EXISTS bid_order_asset_id_price_idx ON bid_order (asset_id, latest, price DESC)
2025-01-30 14:16:45 FINE: main Will apply sql:
DROP INDEX IF EXISTS transaction_sender_id_idx
2025-01-30 14:16:45 FINE: main Will apply sql:
CREATE INDEX IF NOT EXISTS transaction_sender_id_time_idx ON transaction (sender_id, block_timestamp DESC)
2025-01-30 14:16:45 FINE: main Will apply sql:
DROP INDEX IF EXISTS transaction_recipient_id_idx
2025-01-30 14:16:45 FINE: main Will apply sql:
CREATE INDEX IF NOT EXISTS transaction_recipient_id_time_idx ON transaction (recipient_id, block_timestamp DESC)
2025-01-30 14:16:45 INFO: main Initializing an empty database
2025-01-30 14:16:45 FINE: main Will apply sql:
CREATE TABLE IF NOT EXISTS transaction (db_id IDENTITY, id BIGINT NOT NULL, deadline SMALLINT NOT NULL, recipient_id BIGINT, transaction_index SMALLINT NOT NULL, amount BIGINT NOT NULL, fee BIGINT NOT NULL, full_hash BINARY(32) NOT NULL, height INT NOT NULL, block_id BIGINT NOT NULL, signature BINARY(64) NOT NULL, timestamp INT NOT NULL, type TINYINT NOT NULL, subtype TINYINT NOT NULL, sender_id BIGINT NOT NULL, block_timestamp INT NOT NULL, referenced_transaction_chain_id INT, referenced_transaction_full_hash BINARY(32), referenced_transaction_id BIGINT, phased BOOLEAN NOT NULL DEFAULT FALSE, fxt_transaction_id BIGINT NOT NULL, attachment_bytes VARBINARY, version TINYINT NOT NULL, has_message BOOLEAN NOT NULL DEFAULT FALSE, has_encrypted_message BOOLEAN NOT NULL DEFAULT FALSE, has_public_key_announcement BOOLEAN NOT NULL DEFAULT FALSE, ec_block_height INT DEFAULT NULL, ec_block_id BIGINT DEFAULT NULL, has_encrypttoself_message BOOLEAN NOT NULL DEFAULT FALSE, has_prunable_message BOOLEAN NOT NULL DEFAULT FALSE, has_prunable_encrypted_message BOOLEAN NOT NULL DEFAULT FALSE, has_prunable_attachment BOOLEAN NOT NULL DEFAULT FALSE)
2025-01-30 14:16:45 FINE: main Will apply sql:
CREATE INDEX IF NOT EXISTS transaction_id_idx ON transaction (id)
2025-01-30 14:16:45 FINE: main Will apply sql:
CREATE INDEX IF NOT EXISTS transaction_sender_id_idx ON transaction (sender_id)
2025-01-30 14:16:45 FINE: main Will apply sql:
CREATE INDEX IF NOT EXISTS transaction_recipient_id_idx ON transaction (recipient_id)
2025-01-30 14:16:45 FINE: main Will apply sql:
CREATE INDEX IF NOT EXISTS transaction_block_timestamp_idx ON transaction (block_timestamp DESC)
2025-01-30 14:16:45 FINE: main Will apply sql:
CREATE TABLE IF NOT EXISTS alias (db_id IDENTITY, id BIGINT NOT NULL, account_id BIGINT NOT NULL, alias_name VARCHAR NOT NULL, alias_name_lower VARCHAR NOT NULL, alias_uri VARCHAR NOT NULL, timestamp INT NOT NULL, height INT NOT NULL, latest BOOLEAN NOT NULL DEFAULT TRUE)
2025-01-30 14:16:45 FINE: main Will apply sql:
CREATE UNIQUE INDEX IF NOT EXISTS alias_id_height_idx ON alias (id, height DESC)
2025-01-30 14:16:45 FINE: main Will apply sql:
CREATE INDEX IF NOT EXISTS alias_account_id_idx ON alias (account_id, height DESC)
2025-01-30 14:16:45 FINE: main Will apply sql:
CREATE INDEX IF NOT EXISTS alias_name_lower_idx ON alias (alias_name_lower)
2025-01-30 14:16:45 FINE: main Will apply sql:
CREATE TABLE IF NOT EXISTS alias_offer (db_id IDENTITY, id BIGINT NOT NULL, price BIGINT NOT NULL, buyer_id BIGINT, height INT NOT NULL, latest BOOLEAN DEFAULT TRUE NOT NULL)
2025-01-30 14:16:45 FINE: main Will apply sql:
CREATE UNIQUE INDEX IF NOT EXISTS alias_offer_id_height_idx ON alias_offer (id, height DESC)
2025-01-30 14:16:45 FINE: main Will apply sql:
CREATE TABLE IF NOT EXISTS trade (db_id IDENTITY, asset_id BIGINT NOT NULL, block_id BIGINT NOT NULL, ask_order_id BIGINT NOT NULL, ask_order_full_hash BINARY(32) NOT NULL, bid_order_id BIGINT NOT NULL, bid_order_full_hash BINARY(32) NOT NULL, ask_order_height INT NOT NULL, bid_order_height INT NOT NULL, seller_id BIGINT NOT NULL, buyer_id BIGINT NOT NULL, is_buy BOOLEAN NOT NULL, quantity BIGINT NOT NULL, price BIGINT NOT NULL, timestamp INT NOT NULL, height INT NOT NULL)
2025-01-30 14:16:45 FINE: main Will apply sql:
CREATE INDEX IF NOT EXISTS trade_asset_id_idx ON trade (asset_id, height DESC)
2025-01-30 14:16:45 FINE: main Will apply sql:
CREATE INDEX IF NOT EXISTS trade_seller_id_idx ON trade (seller_id, height DESC)
2025-01-30 14:16:45 FINE: main Will apply sql:
CREATE INDEX IF NOT EXISTS trade_buyer_id_idx ON trade (buyer_id, height DESC)
2025-01-30 14:16:45 FINE: main Will apply sql:
CREATE TABLE IF NOT EXISTS ask_order (db_id IDENTITY, id BIGINT NOT NULL, full_hash BINARY(32) NOT NULL, account_id BIGINT NOT NULL, asset_id BIGINT NOT NULL, price BIGINT NOT NULL, transaction_index SMALLINT NOT NULL, transaction_height INT NOT NULL, quantity BIGINT NOT NULL, creation_height INT NOT NULL, height INT NOT NULL, latest BOOLEAN NOT NULL DEFAULT TRUE)
2025-01-30 14:16:45 FINE: main Will apply sql:
CREATE UNIQUE INDEX IF NOT EXISTS ask_order_id_height_idx ON ask_order (id, height DESC)
2025-01-30 14:16:45 FINE: main Will apply sql:
CREATE INDEX IF NOT EXISTS ask_order_account_id_idx ON ask_order (account_id, height DESC)
2025-01-30 14:16:45 FINE: main Will apply sql:
CREATE INDEX IF NOT EXISTS ask_order_asset_id_price_idx ON ask_order (asset_id, price)
2025-01-30 14:16:45 FINE: main Will apply sql:
CREATE TABLE IF NOT EXISTS bid_order (db_id IDENTITY, id BIGINT NOT NULL, full_hash BINARY(32) NOT NULL, account_id BIGINT NOT NULL, asset_id BIGINT NOT NULL, price BIGINT NOT NULL, transaction_index SMALLINT NOT NULL, transaction_height INT NOT NULL, amount BIGINT NOT NULL, quantity BIGINT NOT NULL, creation_height INT NOT NULL, height INT NOT NULL, latest BOOLEAN NOT NULL DEFAULT TRUE)
2025-01-30 14:16:45 FINE: main Will apply sql:
CREATE UNIQUE INDEX IF NOT EXISTS bid_order_id_height_idx ON bid_order (id, height DESC)
2025-01-30 14:16:45 FINE: main Will apply sql:
CREATE INDEX IF NOT EXISTS bid_order_account_id_idx ON bid_order (account_id, height DESC)
2025-01-30 14:16:45 FINE: main Will apply sql:
CREATE INDEX IF NOT EXISTS bid_order_asset_id_price_idx ON bid_order (asset_id, price DESC)
2025-01-30 14:16:45 FINE: main Will apply sql:
CREATE TABLE IF NOT EXISTS goods (db_id IDENTITY, id BIGINT NOT NULL, full_hash BINARY(32), seller_id BIGINT NOT NULL, name VARCHAR NOT NULL, description VARCHAR, parsed_tags ARRAY, has_image BOOLEAN NOT NULL, tags VARCHAR, timestamp INT NOT NULL, quantity INT NOT NULL, price BIGINT NOT NULL, delisted BOOLEAN NOT NULL, height INT NOT NULL, latest BOOLEAN NOT NULL DEFAULT TRUE)
2025-01-30 14:16:45 FINE: main Will apply sql:
CREATE UNIQUE INDEX IF NOT EXISTS goods_id_height_idx ON goods (id, height DESC)
2025-01-30 14:16:45 FINE: main Will apply sql:
CREATE INDEX IF NOT EXISTS goods_seller_id_name_idx ON goods (seller_id, name)
2025-01-30 14:16:45 FINE: main Will apply sql:
CREATE INDEX IF NOT EXISTS goods_timestamp_idx ON goods (timestamp DESC, height DESC)
2025-01-30 14:16:45 FINE: main Will apply sql:
CREATE TABLE IF NOT EXISTS purchase (db_id IDENTITY, id BIGINT NOT NULL, buyer_id BIGINT NOT NULL, goods_id BIGINT NOT NULL, seller_id BIGINT NOT NULL, quantity INT NOT NULL, price BIGINT NOT NULL, deadline INT NOT NULL, note VARBINARY, nonce BINARY(32), timestamp INT NOT NULL, pending BOOLEAN NOT NULL, goods VARBINARY, goods_nonce BINARY(32), goods_is_text BOOLEAN NOT NULL DEFAULT TRUE, refund_note VARBINARY, refund_nonce BINARY(32), has_feedback_notes BOOLEAN NOT NULL DEFAULT FALSE, has_public_feedbacks BOOLEAN NOT NULL DEFAULT FALSE, discount BIGINT NOT NULL, refund BIGINT NOT NULL, height INT NOT NULL, latest BOOLEAN NOT NULL DEFAULT TRUE)
2025-01-30 14:16:45 FINE: main Will apply sql:
CREATE UNIQUE INDEX IF NOT EXISTS purchase_id_height_idx ON purchase (id, height DESC)
2025-01-30 14:16:45 FINE: main Will apply sql:
CREATE INDEX IF NOT EXISTS purchase_buyer_id_height_idx ON purchase (buyer_id, height DESC)
2025-01-30 14:16:45 FINE: main Will apply sql:
CREATE INDEX IF NOT EXISTS purchase_seller_id_height_idx ON purchase (seller_id, height DESC)
2025-01-30 14:16:45 FINE: main Will apply sql:
CREATE INDEX IF NOT EXISTS purchase_deadline_idx ON purchase (deadline DESC, height DESC)
2025-01-30 14:16:45 FINE: main Will apply sql:
CREATE TABLE IF NOT EXISTS balance (db_id IDENTITY, account_id BIGINT NOT NULL, balance BIGINT NOT NULL, unconfirmed_balance BIGINT NOT NULL, height INT NOT NULL, latest BOOLEAN NOT NULL DEFAULT TRUE)
2025-01-30 14:16:45 FINE: main Will apply sql:
CREATE UNIQUE INDEX IF NOT EXISTS balance_id_height_idx ON balance (account_id, height DESC)
2025-01-30 14:16:45 FINE: main Will apply sql:
CREATE TABLE IF NOT EXISTS purchase_feedback (db_id IDENTITY, id BIGINT NOT NULL, feedback_data VARBINARY NOT NULL, feedback_nonce BINARY(32) NOT NULL, height INT NOT NULL, latest BOOLEAN NOT NULL DEFAULT TRUE)
2025-01-30 14:16:45 FINE: main Will apply sql:
CREATE INDEX IF NOT EXISTS purchase_feedback_id_height_idx ON purchase_feedback (id, height DESC)
2025-01-30 14:16:45 FINE: main Will apply sql:
CREATE TABLE IF NOT EXISTS purchase_public_feedback (db_id IDENTITY, id BIGINT NOT NULL, public_feedback VARCHAR NOT NULL, height INT NOT NULL, latest BOOLEAN NOT NULL DEFAULT TRUE)
2025-01-30 14:16:45 FINE: main Will apply sql:
CREATE INDEX IF NOT EXISTS purchase_public_feedback_id_height_idx ON purchase_public_feedback (id, height DESC)
2025-01-30 14:16:45 FINE: main Will apply sql:
CREATE INDEX IF NOT EXISTS purchase_timestamp_idx ON purchase (timestamp DESC, id)
2025-01-30 14:16:45 FINE: main Will apply sql:
CREATE INDEX IF NOT EXISTS ask_order_creation_idx ON ask_order (creation_height DESC)
2025-01-30 14:16:45 FINE: main Will apply sql:
CREATE INDEX IF NOT EXISTS bid_order_creation_idx ON bid_order (creation_height DESC)
2025-01-30 14:16:45 FINE: main Will apply sql:
CREATE TABLE IF NOT EXISTS tag (db_id IDENTITY, tag VARCHAR NOT NULL, in_stock_count INT NOT NULL, total_count INT NOT NULL, height INT NOT NULL, latest BOOLEAN NOT NULL DEFAULT TRUE)
2025-01-30 14:16:45 FINE: main Will apply sql:
CREATE UNIQUE INDEX IF NOT EXISTS tag_tag_idx ON tag (tag, height DESC)
2025-01-30 14:16:45 FINE: main Will apply sql:
CREATE INDEX IF NOT EXISTS tag_in_stock_count_idx ON tag (in_stock_count DESC, height DESC)
2025-01-30 14:16:45 FINE: main Will apply sql:
CREATE TABLE IF NOT EXISTS currency_founder (db_id IDENTITY, currency_id BIGINT NOT NULL, account_id BIGINT NOT NULL, amount_per_unit BIGINT NOT NULL, amount BIGINT NOT NULL, height INT NOT NULL, latest BOOLEAN NOT NULL DEFAULT TRUE)
2025-01-30 14:16:45 FINE: main Will apply sql:
CREATE UNIQUE INDEX IF NOT EXISTS currency_founder_currency_id_idx ON currency_founder (currency_id, account_id, height DESC)
2025-01-30 14:16:45 FINE: main Will apply sql:
CREATE TABLE IF NOT EXISTS buy_offer (db_id IDENTITY, id BIGINT NOT NULL, full_hash BINARY(32) NOT NULL, currency_id BIGINT NOT NULL, account_id BIGINT NOT NULL,rate BIGINT NOT NULL, unit_limit BIGINT NOT NULL, supply BIGINT NOT NULL, expiration_height INT NOT NULL, amount BIGINT NOT NULL, creation_height INT NOT NULL, transaction_index SMALLINT NOT NULL, transaction_height INT NOT NULL, height INT NOT NULL, latest BOOLEAN NOT NULL DEFAULT TRUE)
2025-01-30 14:16:45 FINE: main Will apply sql:
CREATE UNIQUE INDEX IF NOT EXISTS buy_offer_id_idx ON buy_offer (id, height DESC)
2025-01-30 14:16:45 FINE: main Will apply sql:
CREATE INDEX IF NOT EXISTS buy_offer_currency_id_account_id_idx ON buy_offer (currency_id, account_id, height DESC)
2025-01-30 14:16:45 FINE: main Will apply sql:
CREATE TABLE IF NOT EXISTS sell_offer (db_id IDENTITY, id BIGINT NOT NULL, full_hash BINARY(32) NOT NULL, currency_id BIGINT NOT NULL, account_id BIGINT NOT NULL, rate BIGINT NOT NULL, unit_limit BIGINT NOT NULL, supply BIGINT NOT NULL, expiration_height INT NOT NULL, creation_height INT NOT NULL, transaction_index SMALLINT NOT NULL, transaction_height INT NOT NULL, height INT NOT NULL, latest BOOLEAN NOT NULL DEFAULT TRUE)
2025-01-30 14:16:45 FINE: main Will apply sql:
CREATE UNIQUE INDEX IF NOT EXISTS sell_offer_id_idx ON sell_offer (id, height DESC)
2025-01-30 14:16:45 FINE: main Will apply sql:
CREATE INDEX IF NOT EXISTS sell_offer_currency_id_account_id_idx ON sell_offer (currency_id, account_id, height DESC)
2025-01-30 14:16:45 FINE: main Will apply sql:
CREATE TABLE IF NOT EXISTS exchange (db_id IDENTITY, transaction_id BIGINT NOT NULL, transaction_full_hash BINARY(32) NOT NULL, currency_id BIGINT NOT NULL, block_id BIGINT NOT NULL, offer_id BIGINT NOT NULL, offer_full_hash BINARY(32) NOT NULL, seller_id BIGINT NOT NULL, buyer_id BIGINT NOT NULL, units BIGINT NOT NULL, rate BIGINT NOT NULL, timestamp INT NOT NULL, height INT NOT NULL)
2025-01-30 14:16:45 FINE: main Will apply sql:
CREATE INDEX IF NOT EXISTS exchange_offer_idx ON exchange (transaction_id, offer_id)
2025-01-30 14:16:45 FINE: main Will apply sql:
CREATE INDEX IF NOT EXISTS exchange_currency_id_idx ON exchange (currency_id, height DESC)
2025-01-30 14:16:45 FINE: main Will apply sql:
CREATE INDEX IF NOT EXISTS exchange_seller_id_idx ON exchange (seller_id, height DESC)
2025-01-30 14:16:45 FINE: main Will apply sql:
CREATE INDEX IF NOT EXISTS exchange_buyer_id_idx ON exchange (buyer_id, height DESC)
2025-01-30 14:16:45 FINE: main Will apply sql:
CREATE INDEX IF NOT EXISTS buy_offer_rate_height_idx ON buy_offer (rate DESC, creation_height ASC)
2025-01-30 14:16:45 FINE: main Will apply sql:
CREATE INDEX IF NOT EXISTS sell_offer_rate_height_idx ON sell_offer (rate ASC, creation_height ASC)
2025-01-30 14:16:45 FINE: main Will apply sql:
CREATE INDEX IF NOT EXISTS exchange_height_idx ON exchange(height)
2025-01-30 14:16:45 FINE: main Will apply sql:
CREATE INDEX IF NOT EXISTS trade_height_idx ON trade(height)
2025-01-30 14:16:45 FINE: main Will apply sql:
CREATE TABLE IF NOT EXISTS vote (db_id IDENTITY, id BIGINT NOT NULL, full_hash BINARY(32) NOT NULL, poll_id BIGINT NOT NULL, voter_id BIGINT NOT NULL, vote_bytes VARBINARY NOT NULL, height INT NOT NULL)
2025-01-30 14:16:45 FINE: main Will apply sql:
CREATE INDEX IF NOT EXISTS vote_id_idx ON vote (id)
2025-01-30 14:16:45 FINE: main Will apply sql:
CREATE UNIQUE INDEX IF NOT EXISTS vote_poll_id_idx ON vote (poll_id, voter_id)
2025-01-30 14:16:45 FINE: main Will apply sql:
CREATE TABLE IF NOT EXISTS poll (db_id IDENTITY, id BIGINT NOT NULL, account_id BIGINT NOT NULL, name VARCHAR NOT NULL, description VARCHAR, options ARRAY NOT NULL, min_num_options TINYINT, max_num_options TINYINT, min_range_value TINYINT, max_range_value TINYINT, timestamp INT NOT NULL, finish_height INT NOT NULL, voting_model TINYINT NOT NULL, min_balance BIGINT, min_balance_model TINYINT, holding_id BIGINT, height INT NOT NULL)
2025-01-30 14:16:45 FINE: main Will apply sql:
CREATE TABLE IF NOT EXISTS poll_result (db_id IDENTITY, poll_id BIGINT NOT NULL, result BIGINT, weight BIGINT NOT NULL, height INT NOT NULL)
2025-01-30 14:16:45 FINE: main Will apply sql:
CREATE TABLE IF NOT EXISTS phasing_poll (db_id IDENTITY, id BIGINT NOT NULL, full_hash BINARY(32) NOT NULL, account_id BIGINT NOT NULL, whitelist_size TINYINT NOT NULL DEFAULT 0, finish_height INT NOT NULL, voting_model TINYINT NOT NULL, quorum BIGINT, min_balance BIGINT, holding_id BIGINT, min_balance_model TINYINT, expression VARCHAR, recipient_account_id BIGINT, sender_property_setter_id BIGINT, sender_property_name VARCHAR, sender_property_value VARCHAR, recipient_property_setter_id BIGINT, recipient_property_name VARCHAR, recipient_property_value VARCHAR, hashed_secret VARBINARY, algorithm TINYINT, height INT NOT NULL)
2025-01-30 14:16:45 FINE: main Will apply sql:
CREATE TABLE IF NOT EXISTS phasing_vote (db_id IDENTITY, vote_id BIGINT NOT NULL, vote_full_hash BINARY(32) NOT NULL, transaction_id BIGINT NOT NULL, transaction_full_hash BINARY(32) NOT NULL, voter_id BIGINT NOT NULL, height INT NOT NULL)
2025-01-30 14:16:45 FINE: main Will apply sql:
CREATE TABLE IF NOT EXISTS phasing_poll_voter (db_id IDENTITY, transaction_id BIGINT NOT NULL, transaction_full_hash BINARY(32) NOT NULL, voter_id BIGINT NOT NULL, sub_poll_name VARCHAR, height INT NOT NULL)
2025-01-30 14:16:45 FINE: main Will apply sql:
CREATE INDEX IF NOT EXISTS vote_height_idx ON vote(height)
2025-01-30 14:16:45 FINE: main Will apply sql:
CREATE UNIQUE INDEX IF NOT EXISTS poll_id_idx ON poll(id)
2025-01-30 14:16:45 FINE: main Will apply sql:
CREATE INDEX IF NOT EXISTS poll_height_idx ON poll(height)
2025-01-30 14:16:45 FINE: main Will apply sql:
CREATE INDEX IF NOT EXISTS poll_account_idx ON poll(account_id)
2025-01-30 14:16:45 FINE: main Will apply sql:
CREATE INDEX IF NOT EXISTS poll_finish_height_idx ON poll(finish_height DESC)
2025-01-30 14:16:45 FINE: main Will apply sql:
CREATE INDEX IF NOT EXISTS poll_result_poll_id_idx ON poll_result(poll_id)
2025-01-30 14:16:45 FINE: main Will apply sql:
CREATE INDEX IF NOT EXISTS poll_result_height_idx ON poll_result(height)
2025-01-30 14:16:45 FINE: main Will apply sql:
CREATE INDEX IF NOT EXISTS phasing_poll_id_idx ON phasing_poll(id)
2025-01-30 14:16:45 FINE: main Will apply sql:
CREATE INDEX IF NOT EXISTS phasing_poll_height_idx ON phasing_poll(height)
2025-01-30 14:16:45 FINE: main Will apply sql:
CREATE INDEX IF NOT EXISTS phasing_poll_account_id_idx ON phasing_poll(account_id, height DESC)
2025-01-30 14:16:45 FINE: main Will apply sql:
CREATE INDEX IF NOT EXISTS phasing_poll_holding_id_idx ON phasing_poll(holding_id, height DESC)
2025-01-30 14:16:45 FINE: main Will apply sql:
CREATE INDEX IF NOT EXISTS phasing_vote_transaction_voter_idx ON phasing_vote(transaction_id, voter_id)
2025-01-30 14:16:45 FINE: main Will apply sql:
CREATE INDEX IF NOT EXISTS phasing_poll_voter_transaction_voter_idx ON phasing_poll_voter(transaction_id, voter_id)
2025-01-30 14:16:45 FINE: main Will apply sql:
CREATE INDEX IF NOT EXISTS currency_founder_account_id_idx ON currency_founder (account_id, height DESC)
2025-01-30 14:16:45 FINE: main Will apply sql:
CREATE INDEX IF NOT EXISTS phasing_poll_voter_height_idx ON phasing_poll_voter(height)
2025-01-30 14:16:45 FINE: main Will apply sql:
CREATE INDEX IF NOT EXISTS phasing_vote_height_idx ON phasing_vote(height)
2025-01-30 14:16:45 FINE: main Will apply sql:
CREATE INDEX IF NOT EXISTS trade_ask_idx ON trade (ask_order_id, height DESC)
2025-01-30 14:16:45 FINE: main Will apply sql:
CREATE INDEX IF NOT EXISTS trade_bid_idx ON trade (bid_order_id, height DESC)
2025-01-30 14:16:45 FINE: main Will apply sql:
CREATE TABLE IF NOT EXISTS prunable_message (db_id IDENTITY, id BIGINT NOT NULL, full_hash BINARY(32) NOT NULL, sender_id BIGINT NOT NULL, recipient_id BIGINT, message VARBINARY, message_is_text BOOLEAN NOT NULL, is_compressed BOOLEAN NOT NULL, encrypted_message VARBINARY, encrypted_is_text BOOLEAN DEFAULT FALSE, block_timestamp INT NOT NULL, transaction_timestamp INT NOT NULL, height INT NOT NULL)
2025-01-30 14:16:45 FINE: main Will apply sql:
CREATE INDEX IF NOT EXISTS prunable_message_id_idx ON prunable_message (id)
2025-01-30 14:16:45 FINE: main Will apply sql:
CREATE INDEX IF NOT EXISTS prunable_message_transaction_timestamp_idx ON prunable_message (transaction_timestamp DESC)
2025-01-30 14:16:45 FINE: main Will apply sql:
CREATE INDEX IF NOT EXISTS prunable_message_sender_idx ON prunable_message (sender_id)
2025-01-30 14:16:45 FINE: main Will apply sql:
CREATE INDEX IF NOT EXISTS prunable_message_recipient_idx ON prunable_message (recipient_id)
2025-01-30 14:16:45 FINE: main Will apply sql:
CREATE INDEX IF NOT EXISTS prunable_message_block_timestamp_dbid_idx ON prunable_message (block_timestamp DESC, db_id DESC)
2025-01-30 14:16:45 FINE: main Will apply sql:
CREATE TABLE IF NOT EXISTS tagged_data (db_id IDENTITY, id BIGINT NOT NULL, full_hash BINARY(32) NOT NULL, account_id BIGINT NOT NULL, name VARCHAR NOT NULL, description VARCHAR, tags VARCHAR, parsed_tags ARRAY, type VARCHAR, data VARBINARY NOT NULL, is_text BOOLEAN NOT NULL, channel VARCHAR, filename VARCHAR, block_timestamp INT NOT NULL, transaction_timestamp INT NOT NULL, height INT NOT NULL)
2025-01-30 14:16:45 FINE: main Will apply sql:
CREATE INDEX IF NOT EXISTS tagged_data_id_idx ON tagged_data (id)
2025-01-30 14:16:45 FINE: main Will apply sql:
CREATE INDEX IF NOT EXISTS tagged_data_expiration_idx ON tagged_data (transaction_timestamp DESC)
2025-01-30 14:16:45 FINE: main Will apply sql:
CREATE INDEX IF NOT EXISTS tagged_data_account_id_height_idx ON tagged_data (account_id, height DESC)
2025-01-30 14:16:45 FINE: main Will apply sql:
CREATE INDEX IF NOT EXISTS tagged_data_block_timestamp_db_id_idx ON tagged_data (block_timestamp DESC, db_id DESC)
2025-01-30 14:16:45 FINE: main Will apply sql:
CREATE TABLE IF NOT EXISTS data_tag (db_id IDENTITY, tag VARCHAR NOT NULL, tag_count INT NOT NULL, height INT NOT NULL, latest BOOLEAN NOT NULL DEFAULT TRUE)
2025-01-30 14:16:45 FINE: main Will apply sql:
CREATE UNIQUE INDEX IF NOT EXISTS data_tag_tag_height_idx ON data_tag (tag, height DESC)
2025-01-30 14:16:45 FINE: main Will apply sql:
CREATE INDEX IF NOT EXISTS data_tag_count_height_idx ON data_tag (tag_count DESC, height DESC)
2025-01-30 14:16:45 FINE: main Will apply sql:
CREATE INDEX IF NOT EXISTS tagged_data_channel_idx ON tagged_data (channel, height DESC)
2025-01-30 14:16:45 FINE: main Will apply sql:
CREATE INDEX IF NOT EXISTS balance_height_id_idx ON balance (height, account_id)
2025-01-30 14:16:45 FINE: main Will apply sql:
CREATE INDEX IF NOT EXISTS alias_height_id_idx ON alias (height, id)
2025-01-30 14:16:45 FINE: main Will apply sql:
CREATE INDEX IF NOT EXISTS alias_offer_height_id_idx ON alias_offer (height, id)
2025-01-30 14:16:45 FINE: main Will apply sql:
CREATE INDEX IF NOT EXISTS ask_order_height_id_idx ON ask_order (height, id)
2025-01-30 14:16:45 FINE: main Will apply sql:
CREATE INDEX IF NOT EXISTS bid_order_height_id_idx ON bid_order (height, id)
2025-01-30 14:16:45 FINE: main Will apply sql:
CREATE INDEX IF NOT EXISTS buy_offer_height_id_idx ON buy_offer (height, id)
2025-01-30 14:16:45 FINE: main Will apply sql:
CREATE INDEX IF NOT EXISTS currency_founder_height_id_idx ON currency_founder (height, currency_id, account_id)
2025-01-30 14:16:45 FINE: main Will apply sql:
CREATE INDEX IF NOT EXISTS goods_height_id_idx ON goods (height, id)
2025-01-30 14:16:45 FINE: main Will apply sql:
CREATE INDEX IF NOT EXISTS purchase_height_id_idx ON purchase (height, id)
2025-01-30 14:16:45 FINE: main Will apply sql:
CREATE INDEX IF NOT EXISTS purchase_feedback_height_id_idx ON purchase_feedback (height, id)
2025-01-30 14:16:45 FINE: main Will apply sql:
CREATE INDEX IF NOT EXISTS purchase_public_feedback_height_id_idx ON purchase_public_feedback (height, id)
2025-01-30 14:16:45 FINE: main Will apply sql:
CREATE INDEX IF NOT EXISTS sell_offer_height_id_idx ON sell_offer (height, id)
2025-01-30 14:16:45 FINE: main Will apply sql:
CREATE INDEX IF NOT EXISTS tag_height_tag_idx ON tag (height, tag)
2025-01-30 14:16:45 FINE: main Will apply sql:
CREATE INDEX IF NOT EXISTS trade_height_db_id_idx ON trade (height DESC, db_id DESC)
2025-01-30 14:16:45 FINE: main Will apply sql:
CREATE INDEX IF NOT EXISTS exchange_height_db_id_idx ON exchange (height DESC, db_id DESC)
2025-01-30 14:16:45 FINE: main Will apply sql:
CREATE TABLE IF NOT EXISTS exchange_request (db_id IDENTITY, id BIGINT NOT NULL, full_hash BINARY(32) NOT NULL, account_id BIGINT NOT NULL, currency_id BIGINT NOT NULL, units BIGINT NOT NULL, rate BIGINT NOT NULL, is_buy BOOLEAN NOT NULL, timestamp INT NOT NULL, height INT NOT NULL)
2025-01-30 14:16:45 FINE: main Will apply sql:
CREATE INDEX IF NOT EXISTS exchange_request_id_idx ON exchange_request (id)
2025-01-30 14:16:45 FINE: main Will apply sql:
CREATE INDEX IF NOT EXISTS exchange_request_account_currency_idx ON exchange_request (account_id, currency_id, height DESC)
2025-01-30 14:16:45 FINE: main Will apply sql:
CREATE INDEX IF NOT EXISTS exchange_request_currency_idx ON exchange_request (currency_id, height DESC)
2025-01-30 14:16:45 FINE: main Will apply sql:
CREATE INDEX IF NOT EXISTS exchange_request_height_db_id_idx ON exchange_request (height DESC, db_id DESC)
2025-01-30 14:16:45 FINE: main Will apply sql:
CREATE INDEX IF NOT EXISTS exchange_request_height_idx ON exchange_request (height)
2025-01-30 14:16:45 INFO: main Lucene search index deleted
2025-01-30 14:16:45 INFO: main H2 fulltext function aliases dropped
2025-01-30 14:16:45 INFO: main NRS fulltext schema created
2025-01-30 14:16:45 INFO: main Rebuilding the Lucene search index
2025-01-30 14:16:45 INFO: main Lucene search index deleted
2025-01-30 14:16:45 INFO: main Lucene search index successfully rebuilt
2025-01-30 14:16:45 INFO: main NRS fulltext aliases created
2025-01-30 14:16:45 FINE: main Will apply sql:
CREATE TABLE IF NOT EXISTS shuffling (db_id IDENTITY, id BIGINT NOT NULL, full_hash BINARY(32) NOT NULL, holding_id BIGINT NULL, holding_type TINYINT NOT NULL, issuer_id BIGINT NOT NULL, amount BIGINT NOT NULL, participant_count TINYINT NOT NULL, blocks_remaining SMALLINT NULL, stage TINYINT NOT NULL, assignee_account_id BIGINT NULL, registrant_count TINYINT NOT NULL, recipient_public_keys ARRAY, height INT NOT NULL, latest BOOLEAN NOT NULL DEFAULT TRUE)
2025-01-30 14:16:45 FINE: main Will apply sql:
CREATE INDEX IF NOT EXISTS shuffling_id_height_idx ON shuffling (id, height DESC)
2025-01-30 14:16:45 FINE: main Will apply sql:
CREATE INDEX IF NOT EXISTS shuffling_holding_id_height_idx ON shuffling (holding_id, height DESC)
2025-01-30 14:16:45 FINE: main Will apply sql:
CREATE INDEX IF NOT EXISTS shuffling_assignee_account_id_height_idx ON shuffling (assignee_account_id, height DESC)
2025-01-30 14:16:45 FINE: main Will apply sql:
CREATE INDEX IF NOT EXISTS shuffling_height_id_idx ON shuffling (height, id)
2025-01-30 14:16:45 FINE: main Will apply sql:
CREATE TABLE IF NOT EXISTS shuffling_participant (db_id IDENTITY, shuffling_id BIGINT NOT NULL, shuffling_full_hash BINARY(32) NOT NULL, account_id BIGINT NOT NULL, next_account_id BIGINT NULL, participant_index TINYINT NOT NULL, state TINYINT NOT NULL, blame_data ARRAY, key_seeds ARRAY, data_transaction_full_hash BINARY(32), height INT NOT NULL, latest BOOLEAN NOT NULL DEFAULT TRUE)
2025-01-30 14:16:45 FINE: main Will apply sql:
CREATE INDEX IF NOT EXISTS shuffling_participant_shuffling_id_account_id_idx ON shuffling_participant (shuffling_id, account_id, height DESC)
2025-01-30 14:16:45 FINE: main Will apply sql:
CREATE INDEX IF NOT EXISTS shuffling_participant_height_idx ON shuffling_participant (height, shuffling_id, account_id)
2025-01-30 14:16:45 FINE: main Will apply sql:
CREATE TABLE IF NOT EXISTS shuffling_data (db_id IDENTITY, shuffling_id BIGINT NOT NULL, shuffling_full_hash BINARY(32) NOT NULL, account_id BIGINT NOT NULL, data ARRAY, transaction_timestamp INT NOT NULL, height INT NOT NULL)
2025-01-30 14:16:45 FINE: main Will apply sql:
CREATE INDEX IF NOT EXISTS shuffling_data_id_height_idx ON shuffling_data (shuffling_id, height DESC)
2025-01-30 14:16:45 FINE: main Will apply sql:
CREATE INDEX shuffling_data_transaction_timestamp_idx ON shuffling_data (transaction_timestamp DESC)
2025-01-30 14:16:45 FINE: main Will apply sql:
CREATE INDEX IF NOT EXISTS transaction_referenced_transaction_id_idx ON transaction (referenced_transaction_id)
2025-01-30 14:16:45 FINE: main Will apply sql:
CREATE INDEX IF NOT EXISTS shuffling_blocks_remaining_height_idx ON shuffling (blocks_remaining, height DESC)
2025-01-30 14:16:45 FINE: main Will apply sql:
CREATE TABLE IF NOT EXISTS asset_dividend (db_id IDENTITY, id BIGINT NOT NULL, full_hash BINARY(32) NOT NULL, asset_id BIGINT NOT NULL, holding_id BIGINT NOT NULL, holding_type TINYINT NOT NULL, amount BIGINT NOT NULL, dividend_height INT NOT NULL, total_dividend BIGINT NOT NULL, num_accounts BIGINT NOT NULL, timestamp INT NOT NULL, height INT NOT NULL)
2025-01-30 14:16:45 FINE: main Will apply sql:
CREATE INDEX IF NOT EXISTS asset_dividend_id_idx ON asset_dividend (id)
2025-01-30 14:16:45 FINE: main Will apply sql:
CREATE INDEX IF NOT EXISTS asset_dividend_asset_id_idx ON asset_dividend (asset_id, height DESC)
2025-01-30 14:16:45 FINE: main Will apply sql:
CREATE INDEX IF NOT EXISTS asset_dividend_height_idx ON asset_dividend (height)
2025-01-30 14:16:45 FINE: main Will apply sql:
CREATE INDEX IF NOT EXISTS fxt_transaction_id_idx ON transaction (fxt_transaction_id, transaction_index)
2025-01-30 14:16:45 FINE: main Will apply sql:
CREATE TABLE IF NOT EXISTS phasing_sub_poll (db_id IDENTITY, transaction_id BIGINT NOT NULL, transaction_full_hash BINARY(32) NOT NULL, name VARCHAR, whitelist_size TINYINT NOT NULL DEFAULT 0, voting_model TINYINT NOT NULL, quorum BIGINT, min_balance BIGINT, holding_id BIGINT, min_balance_model TINYINT, sender_property_setter_id BIGINT, sender_property_name VARCHAR, sender_property_value VARCHAR, recipient_property_setter_id BIGINT, recipient_property_name VARCHAR, recipient_property_value VARCHAR, hashed_secret VARBINARY, algorithm TINYINT, height INT NOT NULL)
2025-01-30 14:16:45 FINE: main Will apply sql:
CREATE TABLE IF NOT EXISTS phasing_vote_sub_poll (db_id IDENTITY, transaction_id BIGINT NOT NULL, transaction_full_hash BINARY(32) NOT NULL, voter_id BIGINT NOT NULL, sub_poll_name VARCHAR NOT NULL, height INT NOT NULL)
2025-01-30 14:16:45 FINE: main Will apply sql:
CREATE INDEX IF NOT EXISTS phasing_vote_sub_poll_transaction_id_idx ON phasing_vote_sub_poll(transaction_id, voter_id)
2025-01-30 14:16:45 FINE: main Will apply sql:
CREATE INDEX IF NOT EXISTS phasing_vote_sub_poll_height_idx ON phasing_vote_sub_poll(height)
2025-01-30 14:16:45 FINE: main Will apply sql:
CREATE INDEX IF NOT EXISTS phasing_sub_poll_id_idx ON phasing_sub_poll(transaction_id)
2025-01-30 14:16:45 FINE: main Will apply sql:
CREATE INDEX IF NOT EXISTS phasing_sub_poll_height_idx ON phasing_sub_poll(height)
2025-01-30 14:16:45 FINE: main Will apply sql:
CREATE INDEX IF NOT EXISTS prunable_message_height_idx ON prunable_message (height)
2025-01-30 14:16:45 FINE: main Will apply sql:
CREATE INDEX IF NOT EXISTS tagged_data_height_idx ON tagged_data (height)
2025-01-30 14:16:45 FINE: main Will apply sql:
CREATE INDEX IF NOT EXISTS data_tag_height_idx ON data_tag (height)
2025-01-30 14:16:45 FINE: main Will apply sql:
CREATE INDEX IF NOT EXISTS shuffling_data_height_idx ON shuffling_data (height)
2025-01-30 14:16:45 FINE: main Will apply sql:
CREATE INDEX IF NOT EXISTS transaction_block_id_idx ON transaction (block_id)
2025-01-30 14:16:45 FINE: main Will apply sql:
DELETE FROM tagged_data WHERE id IN (SELECT id FROM tagged_data GROUP BY id HAVING count(*) > 1) AND db_id NOT IN (SELECT min(db_id) AS db_id FROM tagged_data GROUP BY id HAVING count(*) > 1)
2025-01-30 14:16:45 FINE: main Will apply sql:
CREATE TABLE IF NOT EXISTS account_permission (db_id IDENTITY,   account_id BIGINT NOT NULL,    permission_id INT NOT NULL,    granter_id BIGINT NOT NULL,    height INT NOT NULL,    latest BOOLEAN NOT NULL DEFAULT TRUE)
2025-01-30 14:16:45 FINE: main Will apply sql:
CREATE UNIQUE INDEX IF NOT EXISTS account_permission_account_permission_height_idx ON account_permission (account_id, permission_id, height DESC)
2025-01-30 14:16:45 FINE: main Will apply sql:
CREATE INDEX IF NOT EXISTS account_permission_height_account_idx ON account_permission (height, account_id)
2025-01-30 14:16:45 FINE: main Will apply sql:
CREATE INDEX IF NOT EXISTS account_permission_granter_height_idx ON account_permission (granter_id, height DESC)
2025-01-30 14:16:45 FINE: main Will apply sql:
CREATE INDEX IF NOT EXISTS account_permission_permission_height_idx ON account_permission (permission_id, height DESC)
2025-01-30 14:16:45 FINE: main Will apply sql:
DROP INDEX IF EXISTS ask_order_asset_id_price_idx
2025-01-30 14:16:45 FINE: main Will apply sql:
CREATE INDEX IF NOT EXISTS ask_order_asset_id_price_idx ON ask_order (asset_id, latest, price)
2025-01-30 14:16:45 FINE: main Will apply sql:
DROP INDEX IF EXISTS bid_order_asset_id_price_idx
2025-01-30 14:16:45 FINE: main Will apply sql:
CREATE INDEX IF NOT EXISTS bid_order_asset_id_price_idx ON bid_order (asset_id, latest, price DESC)
2025-01-30 14:16:45 FINE: main Will apply sql:
DROP INDEX IF EXISTS transaction_sender_id_idx
2025-01-30 14:16:45 FINE: main Will apply sql:
CREATE INDEX IF NOT EXISTS transaction_sender_id_time_idx ON transaction (sender_id, block_timestamp DESC)
2025-01-30 14:16:45 FINE: main Will apply sql:
DROP INDEX IF EXISTS transaction_recipient_id_idx
2025-01-30 14:16:45 FINE: main Will apply sql:
CREATE INDEX IF NOT EXISTS transaction_recipient_id_time_idx ON transaction (recipient_id, block_timestamp DESC)
2025-01-30 14:16:45 INFO: main Initializing an empty database
2025-01-30 14:16:45 FINE: main Will apply sql:
CREATE TABLE IF NOT EXISTS transaction (db_id IDENTITY, id BIGINT NOT NULL, deadline SMALLINT NOT NULL, recipient_id BIGINT, transaction_index SMALLINT NOT NULL, amount BIGINT NOT NULL, fee BIGINT NOT NULL, full_hash BINARY(32) NOT NULL, height INT NOT NULL, block_id BIGINT NOT NULL, signature BINARY(64) NOT NULL, timestamp INT NOT NULL, type TINYINT NOT NULL, subtype TINYINT NOT NULL, sender_id BIGINT NOT NULL, block_timestamp INT NOT NULL, referenced_transaction_chain_id INT, referenced_transaction_full_hash BINARY(32), referenced_transaction_id BIGINT, phased BOOLEAN NOT NULL DEFAULT FALSE, fxt_transaction_id BIGINT NOT NULL, attachment_bytes VARBINARY, version TINYINT NOT NULL, has_message BOOLEAN NOT NULL DEFAULT FALSE, has_encrypted_message BOOLEAN NOT NULL DEFAULT FALSE, has_public_key_announcement BOOLEAN NOT NULL DEFAULT FALSE, ec_block_height INT DEFAULT NULL, ec_block_id BIGINT DEFAULT NULL, has_encrypttoself_message BOOLEAN NOT NULL DEFAULT FALSE, has_prunable_message BOOLEAN NOT NULL DEFAULT FALSE, has_prunable_encrypted_message BOOLEAN NOT NULL DEFAULT FALSE, has_prunable_attachment BOOLEAN NOT NULL DEFAULT FALSE)
2025-01-30 14:16:45 FINE: main Will apply sql:
CREATE INDEX IF NOT EXISTS transaction_id_idx ON transaction (id)
2025-01-30 14:16:45 FINE: main Will apply sql:
CREATE INDEX IF NOT EXISTS transaction_sender_id_idx ON transaction (sender_id)
2025-01-30 14:16:45 FINE: main Will apply sql:
CREATE INDEX IF NOT EXISTS transaction_recipient_id_idx ON transaction (recipient_id)
2025-01-30 14:16:45 FINE: main Will apply sql:
CREATE INDEX IF NOT EXISTS transaction_block_timestamp_idx ON transaction (block_timestamp DESC)
2025-01-30 14:16:45 FINE: main Will apply sql:
CREATE TABLE IF NOT EXISTS alias (db_id IDENTITY, id BIGINT NOT NULL, account_id BIGINT NOT NULL, alias_name VARCHAR NOT NULL, alias_name_lower VARCHAR NOT NULL, alias_uri VARCHAR NOT NULL, timestamp INT NOT NULL, height INT NOT NULL, latest BOOLEAN NOT NULL DEFAULT TRUE)
2025-01-30 14:16:45 FINE: main Will apply sql:
CREATE UNIQUE INDEX IF NOT EXISTS alias_id_height_idx ON alias (id, height DESC)
2025-01-30 14:16:45 FINE: main Will apply sql:
CREATE INDEX IF NOT EXISTS alias_account_id_idx ON alias (account_id, height DESC)
2025-01-30 14:16:45 FINE: main Will apply sql:
CREATE INDEX IF NOT EXISTS alias_name_lower_idx ON alias (alias_name_lower)
2025-01-30 14:16:45 FINE: main Will apply sql:
CREATE TABLE IF NOT EXISTS alias_offer (db_id IDENTITY, id BIGINT NOT NULL, price BIGINT NOT NULL, buyer_id BIGINT, height INT NOT NULL, latest BOOLEAN DEFAULT TRUE NOT NULL)
2025-01-30 14:16:45 FINE: main Will apply sql:
CREATE UNIQUE INDEX IF NOT EXISTS alias_offer_id_height_idx ON alias_offer (id, height DESC)
2025-01-30 14:16:45 FINE: main Will apply sql:
CREATE TABLE IF NOT EXISTS trade (db_id IDENTITY, asset_id BIGINT NOT NULL, block_id BIGINT NOT NULL, ask_order_id BIGINT NOT NULL, ask_order_full_hash BINARY(32) NOT NULL, bid_order_id BIGINT NOT NULL, bid_order_full_hash BINARY(32) NOT NULL, ask_order_height INT NOT NULL, bid_order_height INT NOT NULL, seller_id BIGINT NOT NULL, buyer_id BIGINT NOT NULL, is_buy BOOLEAN NOT NULL, quantity BIGINT NOT NULL, price BIGINT NOT NULL, timestamp INT NOT NULL, height INT NOT NULL)
2025-01-30 14:16:45 FINE: main Will apply sql:
CREATE INDEX IF NOT EXISTS trade_asset_id_idx ON trade (asset_id, height DESC)
2025-01-30 14:16:45 FINE: main Will apply sql:
CREATE INDEX IF NOT EXISTS trade_seller_id_idx ON trade (seller_id, height DESC)
2025-01-30 14:16:45 FINE: main Will apply sql:
CREATE INDEX IF NOT EXISTS trade_buyer_id_idx ON trade (buyer_id, height DESC)
2025-01-30 14:16:45 FINE: main Will apply sql:
CREATE TABLE IF NOT EXISTS ask_order (db_id IDENTITY, id BIGINT NOT NULL, full_hash BINARY(32) NOT NULL, account_id BIGINT NOT NULL, asset_id BIGINT NOT NULL, price BIGINT NOT NULL, transaction_index SMALLINT NOT NULL, transaction_height INT NOT NULL, quantity BIGINT NOT NULL, creation_height INT NOT NULL, height INT NOT NULL, latest BOOLEAN NOT NULL DEFAULT TRUE)
2025-01-30 14:16:45 FINE: main Will apply sql:
CREATE UNIQUE INDEX IF NOT EXISTS ask_order_id_height_idx ON ask_order (id, height DESC)
2025-01-30 14:16:45 FINE: main Will apply sql:
CREATE INDEX IF NOT EXISTS ask_order_account_id_idx ON ask_order (account_id, height DESC)
2025-01-30 14:16:45 FINE: main Will apply sql:
CREATE INDEX IF NOT EXISTS ask_order_asset_id_price_idx ON ask_order (asset_id, price)
2025-01-30 14:16:45 FINE: main Will apply sql:
CREATE TABLE IF NOT EXISTS bid_order (db_id IDENTITY, id BIGINT NOT NULL, full_hash BINARY(32) NOT NULL, account_id BIGINT NOT NULL, asset_id BIGINT NOT NULL, price BIGINT NOT NULL, transaction_index SMALLINT NOT NULL, transaction_height INT NOT NULL, amount BIGINT NOT NULL, quantity BIGINT NOT NULL, creation_height INT NOT NULL, height INT NOT NULL, latest BOOLEAN NOT NULL DEFAULT TRUE)
2025-01-30 14:16:45 FINE: main Will apply sql:
CREATE UNIQUE INDEX IF NOT EXISTS bid_order_id_height_idx ON bid_order (id, height DESC)
2025-01-30 14:16:45 FINE: main Will apply sql:
CREATE INDEX IF NOT EXISTS bid_order_account_id_idx ON bid_order (account_id, height DESC)
2025-01-30 14:16:45 FINE: main Will apply sql:
CREATE INDEX IF NOT EXISTS bid_order_asset_id_price_idx ON bid_order (asset_id, price DESC)
2025-01-30 14:16:45 FINE: main Will apply sql:
CREATE TABLE IF NOT EXISTS goods (db_id IDENTITY, id BIGINT NOT NULL, full_hash BINARY(32), seller_id BIGINT NOT NULL, name VARCHAR NOT NULL, description VARCHAR, parsed_tags ARRAY, has_image BOOLEAN NOT NULL, tags VARCHAR, timestamp INT NOT NULL, quantity INT NOT NULL, price BIGINT NOT NULL, delisted BOOLEAN NOT NULL, height INT NOT NULL, latest BOOLEAN NOT NULL DEFAULT TRUE)
2025-01-30 14:16:45 FINE: main Will apply sql:
CREATE UNIQUE INDEX IF NOT EXISTS goods_id_height_idx ON goods (id, height DESC)
2025-01-30 14:16:45 FINE: main Will apply sql:
CREATE INDEX IF NOT EXISTS goods_seller_id_name_idx ON goods (seller_id, name)
2025-01-30 14:16:45 FINE: main Will apply sql:
CREATE INDEX IF NOT EXISTS goods_timestamp_idx ON goods (timestamp DESC, height DESC)
2025-01-30 14:16:45 FINE: main Will apply sql:
CREATE TABLE IF NOT EXISTS purchase (db_id IDENTITY, id BIGINT NOT NULL, buyer_id BIGINT NOT NULL, goods_id BIGINT NOT NULL, seller_id BIGINT NOT NULL, quantity INT NOT NULL, price BIGINT NOT NULL, deadline INT NOT NULL, note VARBINARY, nonce BINARY(32), timestamp INT NOT NULL, pending BOOLEAN NOT NULL, goods VARBINARY, goods_nonce BINARY(32), goods_is_text BOOLEAN NOT NULL DEFAULT TRUE, refund_note VARBINARY, refund_nonce BINARY(32), has_feedback_notes BOOLEAN NOT NULL DEFAULT FALSE, has_public_feedbacks BOOLEAN NOT NULL DEFAULT FALSE, discount BIGINT NOT NULL, refund BIGINT NOT NULL, height INT NOT NULL, latest BOOLEAN NOT NULL DEFAULT TRUE)
2025-01-30 14:16:45 FINE: main Will apply sql:
CREATE UNIQUE INDEX IF NOT EXISTS purchase_id_height_idx ON purchase (id, height DESC)
2025-01-30 14:16:45 FINE: main Will apply sql:
CREATE INDEX IF NOT EXISTS purchase_buyer_id_height_idx ON purchase (buyer_id, height DESC)
2025-01-30 14:16:45 FINE: main Will apply sql:
CREATE INDEX IF NOT EXISTS purchase_seller_id_height_idx ON purchase (seller_id, height DESC)
2025-01-30 14:16:45 FINE: main Will apply sql:
CREATE INDEX IF NOT EXISTS purchase_deadline_idx ON purchase (deadline DESC, height DESC)
2025-01-30 14:16:45 FINE: main Will apply sql:
CREATE TABLE IF NOT EXISTS balance (db_id IDENTITY, account_id BIGINT NOT NULL, balance BIGINT NOT NULL, unconfirmed_balance BIGINT NOT NULL, height INT NOT NULL, latest BOOLEAN NOT NULL DEFAULT TRUE)
2025-01-30 14:16:45 FINE: main Will apply sql:
CREATE UNIQUE INDEX IF NOT EXISTS balance_id_height_idx ON balance (account_id, height DESC)
2025-01-30 14:16:45 FINE: main Will apply sql:
CREATE TABLE IF NOT EXISTS purchase_feedback (db_id IDENTITY, id BIGINT NOT NULL, feedback_data VARBINARY NOT NULL, feedback_nonce BINARY(32) NOT NULL, height INT NOT NULL, latest BOOLEAN NOT NULL DEFAULT TRUE)
2025-01-30 14:16:45 FINE: main Will apply sql:
CREATE INDEX IF NOT EXISTS purchase_feedback_id_height_idx ON purchase_feedback (id, height DESC)
2025-01-30 14:16:45 FINE: main Will apply sql:
CREATE TABLE IF NOT EXISTS purchase_public_feedback (db_id IDENTITY, id BIGINT NOT NULL, public_feedback VARCHAR NOT NULL, height INT NOT NULL, latest BOOLEAN NOT NULL DEFAULT TRUE)
2025-01-30 14:16:45 FINE: main Will apply sql:
CREATE INDEX IF NOT EXISTS purchase_public_feedback_id_height_idx ON purchase_public_feedback (id, height DESC)
2025-01-30 14:16:45 FINE: main Will apply sql:
CREATE INDEX IF NOT EXISTS purchase_timestamp_idx ON purchase (timestamp DESC, id)
2025-01-30 14:16:45 FINE: main Will apply sql:
CREATE INDEX IF NOT EXISTS ask_order_creation_idx ON ask_order (creation_height DESC)
2025-01-30 14:16:45 FINE: main Will apply sql:
CREATE INDEX IF NOT EXISTS bid_order_creation_idx ON bid_order (creation_height DESC)
2025-01-30 14:16:45 FINE: main Will apply sql:
CREATE TABLE IF NOT EXISTS tag (db_id IDENTITY, tag VARCHAR NOT NULL, in_stock_count INT NOT NULL, total_count INT NOT NULL, height INT NOT NULL, latest BOOLEAN NOT NULL DEFAULT TRUE)
2025-01-30 14:16:45 FINE: main Will apply sql:
CREATE UNIQUE INDEX IF NOT EXISTS tag_tag_idx ON tag (tag, height DESC)
2025-01-30 14:16:45 FINE: main Will apply sql:
CREATE INDEX IF NOT EXISTS tag_in_stock_count_idx ON tag (in_stock_count DESC, height DESC)
2025-01-30 14:16:45 FINE: main Will apply sql:
CREATE TABLE IF NOT EXISTS currency_founder (db_id IDENTITY, currency_id BIGINT NOT NULL, account_id BIGINT NOT NULL, amount_per_unit BIGINT NOT NULL, amount BIGINT NOT NULL, height INT NOT NULL, latest BOOLEAN NOT NULL DEFAULT TRUE)
2025-01-30 14:16:45 FINE: main Will apply sql:
CREATE UNIQUE INDEX IF NOT EXISTS currency_founder_currency_id_idx ON currency_founder (currency_id, account_id, height DESC)
2025-01-30 14:16:45 FINE: main Will apply sql:
CREATE TABLE IF NOT EXISTS buy_offer (db_id IDENTITY, id BIGINT NOT NULL, full_hash BINARY(32) NOT NULL, currency_id BIGINT NOT NULL, account_id BIGINT NOT NULL,rate BIGINT NOT NULL, unit_limit BIGINT NOT NULL, supply BIGINT NOT NULL, expiration_height INT NOT NULL, amount BIGINT NOT NULL, creation_height INT NOT NULL, transaction_index SMALLINT NOT NULL, transaction_height INT NOT NULL, height INT NOT NULL, latest BOOLEAN NOT NULL DEFAULT TRUE)
2025-01-30 14:16:45 FINE: main Will apply sql:
CREATE UNIQUE INDEX IF NOT EXISTS buy_offer_id_idx ON buy_offer (id, height DESC)
2025-01-30 14:16:45 FINE: main Will apply sql:
CREATE INDEX IF NOT EXISTS buy_offer_currency_id_account_id_idx ON buy_offer (currency_id, account_id, height DESC)
2025-01-30 14:16:45 FINE: main Will apply sql:
CREATE TABLE IF NOT EXISTS sell_offer (db_id IDENTITY, id BIGINT NOT NULL, full_hash BINARY(32) NOT NULL, currency_id BIGINT NOT NULL, account_id BIGINT NOT NULL, rate BIGINT NOT NULL, unit_limit BIGINT NOT NULL, supply BIGINT NOT NULL, expiration_height INT NOT NULL, creation_height INT NOT NULL, transaction_index SMALLINT NOT NULL, transaction_height INT NOT NULL, height INT NOT NULL, latest BOOLEAN NOT NULL DEFAULT TRUE)
2025-01-30 14:16:45 FINE: main Will apply sql:
CREATE UNIQUE INDEX IF NOT EXISTS sell_offer_id_idx ON sell_offer (id, height DESC)
2025-01-30 14:16:45 FINE: main Will apply sql:
CREATE INDEX IF NOT EXISTS sell_offer_currency_id_account_id_idx ON sell_offer (currency_id, account_id, height DESC)
2025-01-30 14:16:45 FINE: main Will apply sql:
CREATE TABLE IF NOT EXISTS exchange (db_id IDENTITY, transaction_id BIGINT NOT NULL, transaction_full_hash BINARY(32) NOT NULL, currency_id BIGINT NOT NULL, block_id BIGINT NOT NULL, offer_id BIGINT NOT NULL, offer_full_hash BINARY(32) NOT NULL, seller_id BIGINT NOT NULL, buyer_id BIGINT NOT NULL, units BIGINT NOT NULL, rate BIGINT NOT NULL, timestamp INT NOT NULL, height INT NOT NULL)
2025-01-30 14:16:45 FINE: main Will apply sql:
CREATE INDEX IF NOT EXISTS exchange_offer_idx ON exchange (transaction_id, offer_id)
2025-01-30 14:16:45 FINE: main Will apply sql:
CREATE INDEX IF NOT EXISTS exchange_currency_id_idx ON exchange (currency_id, height DESC)
2025-01-30 14:16:45 FINE: main Will apply sql:
CREATE INDEX IF NOT EXISTS exchange_seller_id_idx ON exchange (seller_id, height DESC)
2025-01-30 14:16:45 FINE: main Will apply sql:
CREATE INDEX IF NOT EXISTS exchange_buyer_id_idx ON exchange (buyer_id, height DESC)
2025-01-30 14:16:45 FINE: main Will apply sql:
CREATE INDEX IF NOT EXISTS buy_offer_rate_height_idx ON buy_offer (rate DESC, creation_height ASC)
2025-01-30 14:16:45 FINE: main Will apply sql:
CREATE INDEX IF NOT EXISTS sell_offer_rate_height_idx ON sell_offer (rate ASC, creation_height ASC)
2025-01-30 14:16:45 FINE: main Will apply sql:
CREATE INDEX IF NOT EXISTS exchange_height_idx ON exchange(height)
2025-01-30 14:16:45 FINE: main Will apply sql:
CREATE INDEX IF NOT EXISTS trade_height_idx ON trade(height)
2025-01-30 14:16:45 FINE: main Will apply sql:
CREATE TABLE IF NOT EXISTS vote (db_id IDENTITY, id BIGINT NOT NULL, full_hash BINARY(32) NOT NULL, poll_id BIGINT NOT NULL, voter_id BIGINT NOT NULL, vote_bytes VARBINARY NOT NULL, height INT NOT NULL)
2025-01-30 14:16:45 FINE: main Will apply sql:
CREATE INDEX IF NOT EXISTS vote_id_idx ON vote (id)
2025-01-30 14:16:45 FINE: main Will apply sql:
CREATE UNIQUE INDEX IF NOT EXISTS vote_poll_id_idx ON vote (poll_id, voter_id)
2025-01-30 14:16:45 FINE: main Will apply sql:
CREATE TABLE IF NOT EXISTS poll (db_id IDENTITY, id BIGINT NOT NULL, account_id BIGINT NOT NULL, name VARCHAR NOT NULL, description VARCHAR, options ARRAY NOT NULL, min_num_options TINYINT, max_num_options TINYINT, min_range_value TINYINT, max_range_value TINYINT, timestamp INT NOT NULL, finish_height INT NOT NULL, voting_model TINYINT NOT NULL, min_balance BIGINT, min_balance_model TINYINT, holding_id BIGINT, height INT NOT NULL)
2025-01-30 14:16:45 FINE: main Will apply sql:
CREATE TABLE IF NOT EXISTS poll_result (db_id IDENTITY, poll_id BIGINT NOT NULL, result BIGINT, weight BIGINT NOT NULL, height INT NOT NULL)
2025-01-30 14:16:45 FINE: main Will apply sql:
CREATE TABLE IF NOT EXISTS phasing_poll (db_id IDENTITY, id BIGINT NOT NULL, full_hash BINARY(32) NOT NULL, account_id BIGINT NOT NULL, whitelist_size TINYINT NOT NULL DEFAULT 0, finish_height INT NOT NULL, voting_model TINYINT NOT NULL, quorum BIGINT, min_balance BIGINT, holding_id BIGINT, min_balance_model TINYINT, expression VARCHAR, recipient_account_id BIGINT, sender_property_setter_id BIGINT, sender_property_name VARCHAR, sender_property_value VARCHAR, recipient_property_setter_id BIGINT, recipient_property_name VARCHAR, recipient_property_value VARCHAR, hashed_secret VARBINARY, algorithm TINYINT, height INT NOT NULL)
2025-01-30 14:16:45 FINE: main Will apply sql:
CREATE TABLE IF NOT EXISTS phasing_vote (db_id IDENTITY, vote_id BIGINT NOT NULL, vote_full_hash BINARY(32) NOT NULL, transaction_id BIGINT NOT NULL, transaction_full_hash BINARY(32) NOT NULL, voter_id BIGINT NOT NULL, height INT NOT NULL)
2025-01-30 14:16:45 FINE: main Will apply sql:
CREATE TABLE IF NOT EXISTS phasing_poll_voter (db_id IDENTITY, transaction_id BIGINT NOT NULL, transaction_full_hash BINARY(32) NOT NULL, voter_id BIGINT NOT NULL, sub_poll_name VARCHAR, height INT NOT NULL)
2025-01-30 14:16:45 FINE: main Will apply sql:
CREATE INDEX IF NOT EXISTS vote_height_idx ON vote(height)
2025-01-30 14:16:45 FINE: main Will apply sql:
CREATE UNIQUE INDEX IF NOT EXISTS poll_id_idx ON poll(id)
2025-01-30 14:16:45 FINE: main Will apply sql:
CREATE INDEX IF NOT EXISTS poll_height_idx ON poll(height)
2025-01-30 14:16:45 FINE: main Will apply sql:
CREATE INDEX IF NOT EXISTS poll_account_idx ON poll(account_id)
2025-01-30 14:16:45 FINE: main Will apply sql:
CREATE INDEX IF NOT EXISTS poll_finish_height_idx ON poll(finish_height DESC)
2025-01-30 14:16:45 FINE: main Will apply sql:
CREATE INDEX IF NOT EXISTS poll_result_poll_id_idx ON poll_result(poll_id)
2025-01-30 14:16:45 FINE: main Will apply sql:
CREATE INDEX IF NOT EXISTS poll_result_height_idx ON poll_result(height)
2025-01-30 14:16:45 FINE: main Will apply sql:
CREATE INDEX IF NOT EXISTS phasing_poll_id_idx ON phasing_poll(id)
2025-01-30 14:16:45 FINE: main Will apply sql:
CREATE INDEX IF NOT EXISTS phasing_poll_height_idx ON phasing_poll(height)
2025-01-30 14:16:45 FINE: main Will apply sql:
CREATE INDEX IF NOT EXISTS phasing_poll_account_id_idx ON phasing_poll(account_id, height DESC)
2025-01-30 14:16:45 FINE: main Will apply sql:
CREATE INDEX IF NOT EXISTS phasing_poll_holding_id_idx ON phasing_poll(holding_id, height DESC)
2025-01-30 14:16:45 FINE: main Will apply sql:
CREATE INDEX IF NOT EXISTS phasing_vote_transaction_voter_idx ON phasing_vote(transaction_id, voter_id)
2025-01-30 14:16:45 FINE: main Will apply sql:
CREATE INDEX IF NOT EXISTS phasing_poll_voter_transaction_voter_idx ON phasing_poll_voter(transaction_id, voter_id)
2025-01-30 14:16:45 FINE: main Will apply sql:
CREATE INDEX IF NOT EXISTS currency_founder_account_id_idx ON currency_founder (account_id, height DESC)
2025-01-30 14:16:45 FINE: main Will apply sql:
CREATE INDEX IF NOT EXISTS phasing_poll_voter_height_idx ON phasing_poll_voter(height)
2025-01-30 14:16:45 FINE: main Will apply sql:
CREATE INDEX IF NOT EXISTS phasing_vote_height_idx ON phasing_vote(height)
2025-01-30 14:16:45 FINE: main Will apply sql:
CREATE INDEX IF NOT EXISTS trade_ask_idx ON trade (ask_order_id, height DESC)
2025-01-30 14:16:45 FINE: main Will apply sql:
CREATE INDEX IF NOT EXISTS trade_bid_idx ON trade (bid_order_id, height DESC)
2025-01-30 14:16:45 FINE: main Will apply sql:
CREATE TABLE IF NOT EXISTS prunable_message (db_id IDENTITY, id BIGINT NOT NULL, full_hash BINARY(32) NOT NULL, sender_id BIGINT NOT NULL, recipient_id BIGINT, message VARBINARY, message_is_text BOOLEAN NOT NULL, is_compressed BOOLEAN NOT NULL, encrypted_message VARBINARY, encrypted_is_text BOOLEAN DEFAULT FALSE, block_timestamp INT NOT NULL, transaction_timestamp INT NOT NULL, height INT NOT NULL)
2025-01-30 14:16:45 FINE: main Will apply sql:
CREATE INDEX IF NOT EXISTS prunable_message_id_idx ON prunable_message (id)
2025-01-30 14:16:45 FINE: main Will apply sql:
CREATE INDEX IF NOT EXISTS prunable_message_transaction_timestamp_idx ON prunable_message (transaction_timestamp DESC)
2025-01-30 14:16:45 FINE: main Will apply sql:
CREATE INDEX IF NOT EXISTS prunable_message_sender_idx ON prunable_message (sender_id)
2025-01-30 14:16:45 FINE: main Will apply sql:
CREATE INDEX IF NOT EXISTS prunable_message_recipient_idx ON prunable_message (recipient_id)
2025-01-30 14:16:45 FINE: main Will apply sql:
CREATE INDEX IF NOT EXISTS prunable_message_block_timestamp_dbid_idx ON prunable_message (block_timestamp DESC, db_id DESC)
2025-01-30 14:16:45 FINE: main Will apply sql:
CREATE TABLE IF NOT EXISTS tagged_data (db_id IDENTITY, id BIGINT NOT NULL, full_hash BINARY(32) NOT NULL, account_id BIGINT NOT NULL, name VARCHAR NOT NULL, description VARCHAR, tags VARCHAR, parsed_tags ARRAY, type VARCHAR, data VARBINARY NOT NULL, is_text BOOLEAN NOT NULL, channel VARCHAR, filename VARCHAR, block_timestamp INT NOT NULL, transaction_timestamp INT NOT NULL, height INT NOT NULL)
2025-01-30 14:16:45 FINE: main Will apply sql:
CREATE INDEX IF NOT EXISTS tagged_data_id_idx ON tagged_data (id)
2025-01-30 14:16:45 FINE: main Will apply sql:
CREATE INDEX IF NOT EXISTS tagged_data_expiration_idx ON tagged_data (transaction_timestamp DESC)
2025-01-30 14:16:45 FINE: main Will apply sql:
CREATE INDEX IF NOT EXISTS tagged_data_account_id_height_idx ON tagged_data (account_id, height DESC)
2025-01-30 14:16:45 FINE: main Will apply sql:
CREATE INDEX IF NOT EXISTS tagged_data_block_timestamp_db_id_idx ON tagged_data (block_timestamp DESC, db_id DESC)
2025-01-30 14:16:45 FINE: main Will apply sql:
CREATE TABLE IF NOT EXISTS data_tag (db_id IDENTITY, tag VARCHAR NOT NULL, tag_count INT NOT NULL, height INT NOT NULL, latest BOOLEAN NOT NULL DEFAULT TRUE)
2025-01-30 14:16:45 FINE: main Will apply sql:
CREATE UNIQUE INDEX IF NOT EXISTS data_tag_tag_height_idx ON data_tag (tag, height DESC)
2025-01-30 14:16:45 FINE: main Will apply sql:
CREATE INDEX IF NOT EXISTS data_tag_count_height_idx ON data_tag (tag_count DESC, height DESC)
2025-01-30 14:16:45 FINE: main Will apply sql:
CREATE INDEX IF NOT EXISTS tagged_data_channel_idx ON tagged_data (channel, height DESC)
2025-01-30 14:16:45 FINE: main Will apply sql:
CREATE INDEX IF NOT EXISTS balance_height_id_idx ON balance (height, account_id)
2025-01-30 14:16:45 FINE: main Will apply sql:
CREATE INDEX IF NOT EXISTS alias_height_id_idx ON alias (height, id)
2025-01-30 14:16:45 FINE: main Will apply sql:
CREATE INDEX IF NOT EXISTS alias_offer_height_id_idx ON alias_offer (height, id)
2025-01-30 14:16:45 FINE: main Will apply sql:
CREATE INDEX IF NOT EXISTS ask_order_height_id_idx ON ask_order (height, id)
2025-01-30 14:16:45 FINE: main Will apply sql:
CREATE INDEX IF NOT EXISTS bid_order_height_id_idx ON bid_order (height, id)
2025-01-30 14:16:45 FINE: main Will apply sql:
CREATE INDEX IF NOT EXISTS buy_offer_height_id_idx ON buy_offer (height, id)
2025-01-30 14:16:45 FINE: main Will apply sql:
CREATE INDEX IF NOT EXISTS currency_founder_height_id_idx ON currency_founder (height, currency_id, account_id)
2025-01-30 14:16:45 FINE: main Will apply sql:
CREATE INDEX IF NOT EXISTS goods_height_id_idx ON goods (height, id)
2025-01-30 14:16:45 FINE: main Will apply sql:
CREATE INDEX IF NOT EXISTS purchase_height_id_idx ON purchase (height, id)
2025-01-30 14:16:45 FINE: main Will apply sql:
CREATE INDEX IF NOT EXISTS purchase_feedback_height_id_idx ON purchase_feedback (height, id)
2025-01-30 14:16:45 FINE: main Will apply sql:
CREATE INDEX IF NOT EXISTS purchase_public_feedback_height_id_idx ON purchase_public_feedback (height, id)
2025-01-30 14:16:45 FINE: main Will apply sql:
CREATE INDEX IF NOT EXISTS sell_offer_height_id_idx ON sell_offer (height, id)
2025-01-30 14:16:45 FINE: main Will apply sql:
CREATE INDEX IF NOT EXISTS tag_height_tag_idx ON tag (height, tag)
2025-01-30 14:16:45 FINE: main Will apply sql:
CREATE INDEX IF NOT EXISTS trade_height_db_id_idx ON trade (height DESC, db_id DESC)
2025-01-30 14:16:45 FINE: main Will apply sql:
CREATE INDEX IF NOT EXISTS exchange_height_db_id_idx ON exchange (height DESC, db_id DESC)
2025-01-30 14:16:45 FINE: main Will apply sql:
CREATE TABLE IF NOT EXISTS exchange_request (db_id IDENTITY, id BIGINT NOT NULL, full_hash BINARY(32) NOT NULL, account_id BIGINT NOT NULL, currency_id BIGINT NOT NULL, units BIGINT NOT NULL, rate BIGINT NOT NULL, is_buy BOOLEAN NOT NULL, timestamp INT NOT NULL, height INT NOT NULL)
2025-01-30 14:16:45 FINE: main Will apply sql:
CREATE INDEX IF NOT EXISTS exchange_request_id_idx ON exchange_request (id)
2025-01-30 14:16:45 FINE: main Will apply sql:
CREATE INDEX IF NOT EXISTS exchange_request_account_currency_idx ON exchange_request (account_id, currency_id, height DESC)
2025-01-30 14:16:45 FINE: main Will apply sql:
CREATE INDEX IF NOT EXISTS exchange_request_currency_idx ON exchange_request (currency_id, height DESC)
2025-01-30 14:16:45 FINE: main Will apply sql:
CREATE INDEX IF NOT EXISTS exchange_request_height_db_id_idx ON exchange_request (height DESC, db_id DESC)
2025-01-30 14:16:45 FINE: main Will apply sql:
CREATE INDEX IF NOT EXISTS exchange_request_height_idx ON exchange_request (height)
2025-01-30 14:16:45 INFO: main Lucene search index deleted
2025-01-30 14:16:45 INFO: main H2 fulltext function aliases dropped
2025-01-30 14:16:45 INFO: main NRS fulltext schema created
2025-01-30 14:16:45 INFO: main Rebuilding the Lucene search index
2025-01-30 14:16:45 INFO: main Lucene search index deleted
2025-01-30 14:16:45 INFO: main Lucene search index successfully rebuilt
2025-01-30 14:16:45 INFO: main NRS fulltext aliases created
2025-01-30 14:16:45 FINE: main Will apply sql:
CREATE TABLE IF NOT EXISTS shuffling (db_id IDENTITY, id BIGINT NOT NULL, full_hash BINARY(32) NOT NULL, holding_id BIGINT NULL, holding_type TINYINT NOT NULL, issuer_id BIGINT NOT NULL, amount BIGINT NOT NULL, participant_count TINYINT NOT NULL, blocks_remaining SMALLINT NULL, stage TINYINT NOT NULL, assignee_account_id BIGINT NULL, registrant_count TINYINT NOT NULL, recipient_public_keys ARRAY, height INT NOT NULL, latest BOOLEAN NOT NULL DEFAULT TRUE)
2025-01-30 14:16:45 FINE: main Will apply sql:
CREATE INDEX IF NOT EXISTS shuffling_id_height_idx ON shuffling (id, height DESC)
2025-01-30 14:16:45 FINE: main Will apply sql:
CREATE INDEX IF NOT EXISTS shuffling_holding_id_height_idx ON shuffling (holding_id, height DESC)
2025-01-30 14:16:45 FINE: main Will apply sql:
CREATE INDEX IF NOT EXISTS shuffling_assignee_account_id_height_idx ON shuffling (assignee_account_id, height DESC)
2025-01-30 14:16:45 FINE: main Will apply sql:
CREATE INDEX IF NOT EXISTS shuffling_height_id_idx ON shuffling (height, id)
2025-01-30 14:16:45 FINE: main Will apply sql:
CREATE TABLE IF NOT EXISTS shuffling_participant (db_id IDENTITY, shuffling_id BIGINT NOT NULL, shuffling_full_hash BINARY(32) NOT NULL, account_id BIGINT NOT NULL, next_account_id BIGINT NULL, participant_index TINYINT NOT NULL, state TINYINT NOT NULL, blame_data ARRAY, key_seeds ARRAY, data_transaction_full_hash BINARY(32), height INT NOT NULL, latest BOOLEAN NOT NULL DEFAULT TRUE)
2025-01-30 14:16:45 FINE: main Will apply sql:
CREATE INDEX IF NOT EXISTS shuffling_participant_shuffling_id_account_id_idx ON shuffling_participant (shuffling_id, account_id, height DESC)
2025-01-30 14:16:45 FINE: main Will apply sql:
CREATE INDEX IF NOT EXISTS shuffling_participant_height_idx ON shuffling_participant (height, shuffling_id, account_id)
2025-01-30 14:16:45 FINE: main Will apply sql:
CREATE TABLE IF NOT EXISTS shuffling_data (db_id IDENTITY, shuffling_id BIGINT NOT NULL, shuffling_full_hash BINARY(32) NOT NULL, account_id BIGINT NOT NULL, data ARRAY, transaction_timestamp INT NOT NULL, height INT NOT NULL)
2025-01-30 14:16:45 FINE: main Will apply sql:
CREATE INDEX IF NOT EXISTS shuffling_data_id_height_idx ON shuffling_data (shuffling_id, height DESC)
2025-01-30 14:16:45 FINE: main Will apply sql:
CREATE INDEX shuffling_data_transaction_timestamp_idx ON shuffling_data (transaction_timestamp DESC)
2025-01-30 14:16:45 FINE: main Will apply sql:
CREATE INDEX IF NOT EXISTS transaction_referenced_transaction_id_idx ON transaction (referenced_transaction_id)
2025-01-30 14:16:45 FINE: main Will apply sql:
CREATE INDEX IF NOT EXISTS shuffling_blocks_remaining_height_idx ON shuffling (blocks_remaining, height DESC)
2025-01-30 14:16:45 FINE: main Will apply sql:
CREATE TABLE IF NOT EXISTS asset_dividend (db_id IDENTITY, id BIGINT NOT NULL, full_hash BINARY(32) NOT NULL, asset_id BIGINT NOT NULL, holding_id BIGINT NOT NULL, holding_type TINYINT NOT NULL, amount BIGINT NOT NULL, dividend_height INT NOT NULL, total_dividend BIGINT NOT NULL, num_accounts BIGINT NOT NULL, timestamp INT NOT NULL, height INT NOT NULL)
2025-01-30 14:16:45 FINE: main Will apply sql:
CREATE INDEX IF NOT EXISTS asset_dividend_id_idx ON asset_dividend (id)
2025-01-30 14:16:45 FINE: main Will apply sql:
CREATE INDEX IF NOT EXISTS asset_dividend_asset_id_idx ON asset_dividend (asset_id, height DESC)
2025-01-30 14:16:45 FINE: main Will apply sql:
CREATE INDEX IF NOT EXISTS asset_dividend_height_idx ON asset_dividend (height)
2025-01-30 14:16:45 FINE: main Will apply sql:
CREATE INDEX IF NOT EXISTS fxt_transaction_id_idx ON transaction (fxt_transaction_id, transaction_index)
2025-01-30 14:16:45 FINE: main Will apply sql:
CREATE TABLE IF NOT EXISTS phasing_sub_poll (db_id IDENTITY, transaction_id BIGINT NOT NULL, transaction_full_hash BINARY(32) NOT NULL, name VARCHAR, whitelist_size TINYINT NOT NULL DEFAULT 0, voting_model TINYINT NOT NULL, quorum BIGINT, min_balance BIGINT, holding_id BIGINT, min_balance_model TINYINT, sender_property_setter_id BIGINT, sender_property_name VARCHAR, sender_property_value VARCHAR, recipient_property_setter_id BIGINT, recipient_property_name VARCHAR, recipient_property_value VARCHAR, hashed_secret VARBINARY, algorithm TINYINT, height INT NOT NULL)
2025-01-30 14:16:45 FINE: main Will apply sql:
CREATE TABLE IF NOT EXISTS phasing_vote_sub_poll (db_id IDENTITY, transaction_id BIGINT NOT NULL, transaction_full_hash BINARY(32) NOT NULL, voter_id BIGINT NOT NULL, sub_poll_name VARCHAR NOT NULL, height INT NOT NULL)
2025-01-30 14:16:45 FINE: main Will apply sql:
CREATE INDEX IF NOT EXISTS phasing_vote_sub_poll_transaction_id_idx ON phasing_vote_sub_poll(transaction_id, voter_id)
2025-01-30 14:16:45 FINE: main Will apply sql:
CREATE INDEX IF NOT EXISTS phasing_vote_sub_poll_height_idx ON phasing_vote_sub_poll(height)
2025-01-30 14:16:45 FINE: main Will apply sql:
CREATE INDEX IF NOT EXISTS phasing_sub_poll_id_idx ON phasing_sub_poll(transaction_id)
2025-01-30 14:16:45 FINE: main Will apply sql:
CREATE INDEX IF NOT EXISTS phasing_sub_poll_height_idx ON phasing_sub_poll(height)
2025-01-30 14:16:45 FINE: main Will apply sql:
CREATE INDEX IF NOT EXISTS prunable_message_height_idx ON prunable_message (height)
2025-01-30 14:16:45 FINE: main Will apply sql:
CREATE INDEX IF NOT EXISTS tagged_data_height_idx ON tagged_data (height)
2025-01-30 14:16:45 FINE: main Will apply sql:
CREATE INDEX IF NOT EXISTS data_tag_height_idx ON data_tag (height)
2025-01-30 14:16:45 FINE: main Will apply sql:
CREATE INDEX IF NOT EXISTS shuffling_data_height_idx ON shuffling_data (height)
2025-01-30 14:16:45 FINE: main Will apply sql:
CREATE INDEX IF NOT EXISTS transaction_block_id_idx ON transaction (block_id)
2025-01-30 14:16:45 FINE: main Will apply sql:
DELETE FROM tagged_data WHERE id IN (SELECT id FROM tagged_data GROUP BY id HAVING count(*) > 1) AND db_id NOT IN (SELECT min(db_id) AS db_id FROM tagged_data GROUP BY id HAVING count(*) > 1)
2025-01-30 14:16:45 FINE: main Will apply sql:
CREATE TABLE IF NOT EXISTS account_permission (db_id IDENTITY,   account_id BIGINT NOT NULL,    permission_id INT NOT NULL,    granter_id BIGINT NOT NULL,    height INT NOT NULL,    latest BOOLEAN NOT NULL DEFAULT TRUE)
2025-01-30 14:16:45 FINE: main Will apply sql:
CREATE UNIQUE INDEX IF NOT EXISTS account_permission_account_permission_height_idx ON account_permission (account_id, permission_id, height DESC)
2025-01-30 14:16:45 FINE: main Will apply sql:
CREATE INDEX IF NOT EXISTS account_permission_height_account_idx ON account_permission (height, account_id)
2025-01-30 14:16:45 FINE: main Will apply sql:
CREATE INDEX IF NOT EXISTS account_permission_granter_height_idx ON account_permission (granter_id, height DESC)
2025-01-30 14:16:45 FINE: main Will apply sql:
CREATE INDEX IF NOT EXISTS account_permission_permission_height_idx ON account_permission (permission_id, height DESC)
2025-01-30 14:16:45 FINE: main Will apply sql:
DROP INDEX IF EXISTS ask_order_asset_id_price_idx
2025-01-30 14:16:45 FINE: main Will apply sql:
CREATE INDEX IF NOT EXISTS ask_order_asset_id_price_idx ON ask_order (asset_id, latest, price)
2025-01-30 14:16:45 FINE: main Will apply sql:
DROP INDEX IF EXISTS bid_order_asset_id_price_idx
2025-01-30 14:16:45 FINE: main Will apply sql:
CREATE INDEX IF NOT EXISTS bid_order_asset_id_price_idx ON bid_order (asset_id, latest, price DESC)
2025-01-30 14:16:45 FINE: main Will apply sql:
DROP INDEX IF EXISTS transaction_sender_id_idx
2025-01-30 14:16:45 FINE: main Will apply sql:
CREATE INDEX IF NOT EXISTS transaction_sender_id_time_idx ON transaction (sender_id, block_timestamp DESC)
2025-01-30 14:16:45 FINE: main Will apply sql:
DROP INDEX IF EXISTS transaction_recipient_id_idx
2025-01-30 14:16:45 FINE: main Will apply sql:
CREATE INDEX IF NOT EXISTS transaction_recipient_id_time_idx ON transaction (recipient_id, block_timestamp DESC)
2025-01-30 14:16:45 INFO: main nxt.enableTransactionRebroadcasting = "true"
2025-01-30 14:16:45 INFO: main nxt.testUnconfirmedTransactions not defined, using default false
2025-01-30 14:16:45 INFO: main nxt.maxUnconfirmedTransactions = "1500"
2025-01-30 14:16:45 INFO: main nxt.droppedTransactionsStoreSize = "150000"
2025-01-30 14:16:45 INFO: main nxt.disableRebroadcastTransactionsThread not defined, using default false
2025-01-30 14:16:45 INFO: main nxt.disableRemoveUnconfirmedTransactionsThread not defined, using default false
2025-01-30 14:16:45 INFO: main nxt.disableProcessWaitingTransactionsThread not defined, using default false
2025-01-30 14:16:45 INFO: main nxt.enablePublicKeyCache = "true"
2025-01-30 14:16:45 INFO: main nxt.ledgerTrimKeep = "30000"
2025-01-30 14:16:45 INFO: main nxt.ledgerAccounts = "*"
2025-01-30 14:16:45 INFO: main Account ledger is tracking all accounts
2025-01-30 14:16:45 INFO: main nxt.ledgerLogUnconfirmed = "2"
2025-01-30 14:16:45 INFO: main nxt.maxNumberOfForgers = "100"
2025-01-30 14:16:45 INFO: main nxt.enableFakeForging not defined, using default false
2025-01-30 14:16:45 INFO: main nxt.pauseForgingOnNoConnection = "true"
2025-01-30 14:16:45 INFO: main nxt.disableGenerateBlocksThread not defined, using default false
2025-01-30 14:16:45 INFO: main nxt.defaultChildBlockDeadline = "10"
2025-01-30 14:16:45 INFO: main nxt.bundlingFilter not defined
2025-01-30 14:16:45 INFO: main nxt.availableBundlingFilters = "nxt.addons.PersonalBundler;nxt.addons.AccountPropertyBundler; nxt.addons.AssetBundler;nxt.addons.CurrencyBundler;nxt.addons.PurchaseBundler; nxt.addons.QuotaBundler; nxt.addons.TransactionTypeBundler; nxt.addons.ManagedAccountsBundler"
2025-01-30 14:16:45 INFO: main nxt.customBundlingFeeCalculators not defined
2025-01-30 14:16:45 INFO: main nxt.peerServerPort = "27874"
2025-01-30 14:16:45 INFO: main nxt.enablePeerUPnP = "true"
2025-01-30 14:16:45 INFO: main nxt.shareMyAddress = "true"
2025-01-30 14:16:45 INFO: main nxt.maxNumberOfOutboundConnections = "8"
2025-01-30 14:16:45 INFO: main nxt.maxNumberOfInboundConnections = "2000"
2025-01-30 14:16:45 INFO: main nxt.peerConnectTimeout = "10"
2025-01-30 14:16:45 INFO: main nxt.peerReadTimeout = "20"
2025-01-30 14:16:45 INFO: main nxt.peerServerHost = "0.0.0.0"
2025-01-30 14:16:45 INFO: main nxt.myAddress not defined
2025-01-30 14:16:45 INFO: main nxt.myPlatform not defined
2025-01-30 14:16:45 INFO: main nxt.blacklistingPeriod = "600"
2025-01-30 14:16:45 INFO: main nxt.communicationLogging = "0"
2025-01-30 14:16:45 INFO: main nxt.getMorePeers = "true"
2025-01-30 14:16:45 INFO: main nxt.maxNumberOfKnownPeers = "2000"
2025-01-30 14:16:45 INFO: main nxt.minNumberOfKnownPeers = "1000"
2025-01-30 14:16:45 INFO: main nxt.usePeersDb = "true"
2025-01-30 14:16:45 INFO: main nxt.savePeers = "true"
2025-01-30 14:16:45 INFO: main nxt.preventLocalPeersConnection = "true"
2025-01-30 14:16:45 INFO: main nxt.hideErrorDetails = "false"
2025-01-30 14:16:45 INFO: main nxt.ignorePeerAnnouncedAddress = "false"
2025-01-30 14:16:45 INFO: main nxt.blacklistedBundlerAccounts not defined
2025-01-30 14:16:45 INFO: main nxt.credentials.secretPhrase not defined
2025-01-30 14:16:45 INFO: main nxt.wellKnownPeers not defined
2025-01-30 14:16:45 INFO: main nxt.knownBlacklistedPeers not defined
2025-01-30 14:16:45 INFO: main nxt.defaultPeers = "89.117.226.11; 79.167.210.8; 208.53.32.26; node6.ardor.tools; 23.94.198.19; 104.168.9.83; 143.198.115.239; 192.241.139.29; 174.138.39.150; 211.196.230.198; 147.182.219.219; 109.235.71.183; ardor01.jelurida.com; 107.172.92.53; 167.71.19.245; ardor.crypto.sargue.net; 107.173.25.171; ardor28.y.cz; 49.242.223.251; 133.242.182.65; racknerd-39.ardornxt.eu; 134.122.25.231; 198.12.83.179; 142.4.212.42; 206.189.239.184; 198.23.137.126; 118.220.113.117; 89.233.108.246; 147.182.211.245; 192.210.197.142; 172.245.6.129; 134.209.67.35; 107.175.91.183; racknerd-06.ardornxt.eu; 188.137.61.53; racknerd-30.ardornxt.eu; 206.189.224.203; 198.46.226.67; 157.230.7.216; 192.241.145.150; racknerd-31.ardornxt.eu; 143.244.172.31; 104.236.13.102; racknerd-07.ardornxt.eu; 134.122.21.172; 172.245.6.126; 116.89.106.233; 209.209.11.103; 143.244.163.171; 87.99.19.190; 24.144.120.224; racknerd-05.ardornxt.eu; 176.223.143.237; 87.103.245.205; 152.42.250.226; 194.135.82.50; 144.76.69.121; 31.208.53.143; 159.223.96.248; 178.128.153.182; cntb-01.ardornxt.eu; 176.123.4.157; 133.125.40.137; 176.223.132.54; 152.42.246.167; 188.165.226.46; 143.198.118.174; 107.175.172.73; alfred.airdns.org:40592; bg5000.mooo.com:37874; racknerd-09.ardornxt.eu; 108.174.57.6; racknerd-19.ardornxt.eu; 216.15.21.83; 107.173.165.83; ardor04.jelurida.com; 185.215.180.70; 150.230.46.59; 84.247.145.20; 142.93.156.135; 198.23.233.119; 159.223.151.46; 192.3.53.146; 220.75.255.246; 142.93.146.47; 192.81.218.122; 64.23.171.128; 172.105.207.97; 157.245.130.139; 178.128.161.137; racknerd-28.ardornxt.eu; doom-ardo-node-02.cryptonet.waw.pl; ardor33.y.cz; 217.73.196.44; 89.47.161.249; jill.airdns.org:37874; 152.42.179.59; ardor02.jelurida.com; 146.190.160.19; ardor.treecycle.ch; racknerd-14.ardornxt.eu; 176.223.136.245; 147.182.219.126; 161.35.132.42; 104.168.22.83; 137.184.23.239; 92.29.227.236; 188.166.161.179; 167.71.28.44; borg.airdns.org:55874; 167.172.239.123; 107.174.88.114; 192.3.249.139; 167.71.41.44; 176.53.160.56; 178.128.147.222; cntb-02.ardornxt.eu; 217.61.105.135; 161.35.2.0; 68.183.206.214; 165.227.95.37; node2.ardor.tools; 14.52.126.48; 192.3.62.222; 192.227.193.55; 108.170.40.2; 206.189.232.90; 80.208.231.180; 172.245.6.128; 18.183.34.173; ardor.nftmagic.art; ardor.blockfrikis.com; 107.174.121.188; 192.210.141.39; 75.127.9.167; 165.227.83.155; 49.212.156.13; 108.227.62.195; 134.209.65.140; 94.176.232.209; 185.189.229.123; racknerd-22.ardornxt.eu; 104.168.22.239; 157.230.61.216; 192.210.213.122; smallcat.chickenkiller.com:37874; 89.117.217.173; 198.46.152.53; 167.172.166.114; 157.230.8.130; 134.122.126.97; 143.198.36.18; 137.184.135.254; 134.209.122.174; 137.184.213.97; 3.112.34.90; wohnung.tzo.com; ardor03.jelurida.com; 46.101.119.241; ardor9.y.cz; aga-ardo-node-01.cryptonet.waw.pl; 188.166.109.46; 45.27.73.200; node7.ardor.tools; 107.174.121.185; 159.223.137.238; 198.23.137.124; racknerd-08.ardornxt.eu; 23.94.49.204; 188.166.255.128; 209.209.8.188; 161.35.110.156; 107.172.21.159; 142.93.150.133; 107.173.41.154; ardor27.y.cz; 167.172.142.237; littlecreek-04.ardornxt.eu; littlecreek-02.ardornxt.eu; littlecreek-01.ardornxt.eu;"
2025-01-30 14:16:45 INFO: main nxt.disablePeerUnBlacklistingThread not defined, using default false
2025-01-30 14:16:45 INFO: main nxt.disablePeerConnectingThread not defined, using default false
2025-01-30 14:16:45 INFO: main nxt.disableGetMorePeersThread not defined, using default false
2025-01-30 14:16:45 INFO: main nxt.disableUpdatePeerDbThread not defined, using default false
2025-01-30 14:16:45 INFO: main nxt.enableAPIProxy = "true"
2025-01-30 14:16:45 INFO: main nxt.apiProxyBlacklistingPeriod = "7200"
2025-01-30 14:16:45 INFO: main nxt.forceAPIProxyServerURL not defined
2025-01-30 14:16:45 INFO: main nxt.proxyBootstrapNodes = "ardor.jelurida.com;"
2025-01-30 14:16:45 INFO: main nxt.disableAPIProxyPeersUpdateThread not defined, using default false
2025-01-30 14:16:45 INFO: main nxt.addOns not defined
2025-01-30 14:16:45 INFO: main nxt.debugTraceQuote = """
2025-01-30 14:16:45 INFO: main nxt.debugTraceSeparator = "	"
2025-01-30 14:16:45 INFO: main nxt.debugLogUnconfirmed = "false"
2025-01-30 14:16:45 INFO: main nxt.debugTraceAccounts not defined
2025-01-30 14:16:45 INFO: main nxt.debugTraceLog = "nxt-trace.csv"
2025-01-30 14:16:45 FINE: main Running 2 tasks...
2025-01-30 14:16:45 FINE: Thread-2 Loading known peers from the database...
2025-01-30 14:16:45 WARNING: Thread-1 Column in position 2 in SHUFFLING_ID_HEIGHT_IDX is 'HEIGHT' instead of 'FULL_HASH'. Fast trimming is disabled for table IGNIS.SHUFFLING
2025-01-30 14:16:45 WARNING: Thread-1 Column in position 2 in SHUFFLING_ID_HEIGHT_IDX is 'HEIGHT' instead of 'FULL_HASH'. Fast trimming is disabled for table AEUR.SHUFFLING
2025-01-30 14:16:45 WARNING: Thread-1 Column in position 2 in SHUFFLING_ID_HEIGHT_IDX is 'HEIGHT' instead of 'FULL_HASH'. Fast trimming is disabled for table BITSWIFT.SHUFFLING
2025-01-30 14:16:45 WARNING: Thread-1 Column in position 2 in SHUFFLING_ID_HEIGHT_IDX is 'HEIGHT' instead of 'FULL_HASH'. Fast trimming is disabled for table MPG.SHUFFLING
2025-01-30 14:16:45 WARNING: Thread-1 Column in position 2 in SHUFFLING_ID_HEIGHT_IDX is 'HEIGHT' instead of 'FULL_HASH'. Fast trimming is disabled for table GPS.SHUFFLING
2025-01-30 14:16:45 WARNING: Thread-1 Column CHILD_CHAIN_ID in PUBLIC.HOLDING_MIGRATE is not BIGINT. Fast trimming is disabled
2025-01-30 14:16:45 INFO: Thread-1 Genesis block not in database, starting from scratch
2025-01-30 14:16:45 FINE: Thread-1 Loading public keys
2025-01-30 14:16:55 FINE: Thread-1 Loaded 216456 public keys
2025-01-30 14:16:55 FINE: Thread-1 Loading balances for chain ARDR
2025-01-30 14:16:59 FINE: Thread-1 Total balance 998466231.256600 ARDR
2025-01-30 14:16:59 FINE: Thread-1 Loading balances for chain IGNIS
2025-01-30 14:17:03 FINE: Thread-1 Total balance 999449694.598601 IGNIS
2025-01-30 14:17:03 FINE: Thread-1 Loading balances for chain AEUR
2025-01-30 14:17:03 FINE: Thread-1 Total balance 10000000.000000 AEUR
2025-01-30 14:17:03 FINE: Thread-1 Loading balances for chain BITSWIFT
2025-01-30 14:17:06 FINE: Thread-1 Total balance 3884634.745393 BITSWIFT
2025-01-30 14:17:07 FINE: Thread-1 Loading aliases
2025-01-30 14:17:13 FINE: Thread-1 Loaded 162642 aliases
2025-01-30 14:17:13 FINE: Thread-1 Loading assets
2025-01-30 14:17:13 FINE: Thread-1 Loaded 406 assets
2025-01-30 14:17:13 FINE: Thread-1 Loading currencies
2025-01-30 14:17:13 FINE: Thread-1 Loaded 2329 currencies
2025-01-30 14:17:13 FINE: Thread-1 Loading account info
2025-01-30 14:17:14 FINE: Thread-1 Loaded 14908 account infos
2025-01-30 14:17:14 FINE: Thread-1 Loading account properties
2025-01-30 14:17:14 FINE: Thread-1 Loaded 39 account properties
2025-01-30 14:17:14 FINE: Thread-1 Loading account controls
2025-01-30 14:17:14 FINE: Thread-1 Loaded 130 account controls
2025-01-30 14:17:14 FINE: Thread-1 Creating search index on IGNIS.GOODS (NAME,DESCRIPTION,TAGS)
2025-01-30 14:17:14 INFO: Thread-1 Lucene search index created for table IGNIS.GOODS
2025-01-30 14:17:14 FINE: Thread-1 Creating search index on IGNIS.POLL (NAME,DESCRIPTION)
2025-01-30 14:17:14 INFO: Thread-1 Lucene search index created for table IGNIS.POLL
2025-01-30 14:17:14 FINE: Thread-1 Creating search index on IGNIS.TAGGED_DATA (NAME,DESCRIPTION,TAGS)
2025-01-30 14:17:14 INFO: Thread-1 Lucene search index created for table IGNIS.TAGGED_DATA
2025-01-30 14:17:14 FINE: Thread-1 Creating search index on AEUR.GOODS (NAME,DESCRIPTION,TAGS)
2025-01-30 14:17:14 INFO: Thread-1 Lucene search index created for table AEUR.GOODS
2025-01-30 14:17:14 FINE: Thread-1 Creating search index on AEUR.POLL (NAME,DESCRIPTION)
2025-01-30 14:17:14 INFO: Thread-1 Lucene search index created for table AEUR.POLL
2025-01-30 14:17:14 FINE: Thread-1 Creating search index on AEUR.TAGGED_DATA (NAME,DESCRIPTION,TAGS)
2025-01-30 14:17:14 INFO: Thread-1 Lucene search index created for table AEUR.TAGGED_DATA
2025-01-30 14:17:14 FINE: Thread-1 Creating search index on BITSWIFT.GOODS (NAME,DESCRIPTION,TAGS)
2025-01-30 14:17:14 INFO: Thread-1 Lucene search index created for table BITSWIFT.GOODS
2025-01-30 14:17:14 FINE: Thread-1 Creating search index on BITSWIFT.POLL (NAME,DESCRIPTION)
2025-01-30 14:17:14 INFO: Thread-1 Lucene search index created for table BITSWIFT.POLL
2025-01-30 14:17:14 FINE: Thread-1 Creating search index on BITSWIFT.TAGGED_DATA (NAME,DESCRIPTION,TAGS)
2025-01-30 14:17:14 INFO: Thread-1 Lucene search index created for table BITSWIFT.TAGGED_DATA
2025-01-30 14:17:14 FINE: Thread-1 Creating search index on MPG.GOODS (NAME,DESCRIPTION,TAGS)
2025-01-30 14:17:14 INFO: Thread-1 Lucene search index created for table MPG.GOODS
2025-01-30 14:17:14 FINE: Thread-1 Creating search index on MPG.POLL (NAME,DESCRIPTION)
2025-01-30 14:17:14 INFO: Thread-1 Lucene search index created for table MPG.POLL
2025-01-30 14:17:14 FINE: Thread-1 Creating search index on MPG.TAGGED_DATA (NAME,DESCRIPTION,TAGS)
2025-01-30 14:17:14 INFO: Thread-1 Lucene search index created for table MPG.TAGGED_DATA
2025-01-30 14:17:14 FINE: Thread-1 Creating search index on GPS.GOODS (NAME,DESCRIPTION,TAGS)
2025-01-30 14:17:14 INFO: Thread-1 Lucene search index created for table GPS.GOODS
2025-01-30 14:17:14 FINE: Thread-1 Creating search index on GPS.POLL (NAME,DESCRIPTION)
2025-01-30 14:17:14 INFO: Thread-1 Lucene search index created for table GPS.POLL
2025-01-30 14:17:14 FINE: Thread-1 Creating search index on GPS.TAGGED_DATA (NAME,DESCRIPTION,TAGS)
2025-01-30 14:17:14 INFO: Thread-1 Lucene search index created for table GPS.TAGGED_DATA
2025-01-30 14:17:14 FINE: Thread-1 Creating search index on PUBLIC.ACCOUNT_INFO (NAME,DESCRIPTION)
2025-01-30 14:17:14 INFO: Thread-1 Lucene search index created for table PUBLIC.ACCOUNT_INFO
2025-01-30 14:17:14 FINE: Thread-1 Creating search index on PUBLIC.ASSET (NAME,DESCRIPTION)
2025-01-30 14:17:14 INFO: Thread-1 Lucene search index created for table PUBLIC.ASSET
2025-01-30 14:17:14 FINE: Thread-1 Creating search index on PUBLIC.CURRENCY (CODE,NAME,DESCRIPTION)
2025-01-30 14:17:14 INFO: Thread-1 Lucene search index created for table PUBLIC.CURRENCY
2025-01-30 14:17:14 FINE: Thread-1 Database transaction required 29.190 seconds at height 0
  nxt.blockchain.BlockchainProcessorImpl.addGenesisBlock(BlockchainProcessorImpl.java:1463)
  nxt.blockchain.BlockchainProcessorImpl.lambda$new$6(BlockchainProcessorImpl.java:1045)
  nxt.util.ThreadPool.lambda$runAll$1(ThreadPool.java:166)
2025-01-30 14:17:14 INFO: Thread-1 nxt.forceScan = "false"
2025-01-30 14:17:14 FINE: main Running 1 final tasks...
2025-01-30 14:17:14 INFO: Thread-3 nxt.apiServerEnforcePOST = "true"
2025-01-30 14:17:14 INFO: Thread-3 nxt.apiFixResponseContentType = "false"
2025-01-30 14:17:14 INFO: Thread-3 nxt.disabledAPIs not defined
2025-01-30 14:17:14 INFO: Thread-3 nxt.disabledAPITags not defined
2025-01-30 14:17:14 INFO: Thread-3 Started API server at 127.0.0.1:27876
2025-01-30 14:17:14 FINE: main Starting 10 background jobs
2025-01-30 14:17:14 FINE: main Starting 3 delayed tasks
2025-01-30 14:17:14 FINE: Thread-21 Known peers: 179
2025-01-30 14:17:14 INFO: Thread-20 Looking for UPnP gateway device...
2025-01-30 14:17:14 INFO: main nxt.runtime.mode not defined
2025-01-30 14:17:14 INFO: main nxt.launchDesktopApplication = "true"
2025-01-30 14:17:14 INFO: main Desktop application isDesktopEnabled:false, isLaunchDesktopApplication:true, hasJavaFX:false
2025-01-30 14:17:14 INFO: main Desktop application is disabled
2025-01-30 14:17:14 INFO: main Initialization took 30 seconds
2025-01-30 14:17:14 INFO: main Ardor server 2.5.1 started successfully.
2025-01-30 14:17:14 INFO: Thread-20 nxt.upnpGatewayTimeout = "7000"
2025-01-30 14:17:14 INFO: main Copyright © 2013-2016 The Nxt Core Developers.
2025-01-30 14:17:14 INFO: main Copyright © 2016-2023 Jelurida IP B.V.
2025-01-30 14:17:14 INFO: main Copyright © 2023-2024 Jelurida Swiss SA
2025-01-30 14:17:14 INFO: main Distributed under the Jelurida Public License version 1.3 for the Ardor Public Blockchain Platform, with ABSOLUTELY NO WARRANTY.
2025-01-30 14:17:14 INFO: main Client UI is at http://localhost:27876/index.html
2025-01-30 14:17:14 INFO: Thread-20 nxt.upnpDiscoverTimeout = "3000"
2025-01-30 14:17:23 FINE: Thread-20 There are no UPnP gateway devices
2025-01-30 14:17:23 FINE: Network Listener Network listener started
2025-01-30 14:17:23 FINE: Message Handler 1 Message Handler 1 started
2025-01-30 14:17:23 FINE: Message Handler 2 Message Handler 2 started
2025-01-30 14:17:23 FINE: Message Handler 3 Message Handler 3 started
2025-01-30 14:17:23 FINE: Message Handler 4 Message Handler 4 started
2025-01-30 14:17:23 FINE: Thread-30 Start trusted proxy bootstrap
2025-01-30 14:17:24 INFO: Network Listener Connection to 198.140.141.213 completed
2025-01-30 14:17:24 FINE: Message Handler 2 Ignoring bundler rate for chain GPS (6)
2025-01-30 14:17:24 FINE: Message Handler 2 Bundler account 5388336047026650204 does not exist
2025-01-30 14:17:24 FINE: Message Handler 2 Relaying bundler rates from 198.140.141.213
2025-01-30 14:17:24 FINE: Message Handler 1 Handshake complete with 198.140.141.213
2025-01-30 14:17:24 INFO: Network Listener Connection to 172.245.6.127 completed
2025-01-30 14:17:24 FINE: Message Handler 2 Handshake complete with 172.245.6.127
2025-01-30 14:17:24 FINE: Message Handler 1 Ignoring bundler rate for chain GPS (6)
2025-01-30 14:17:24 FINE: Message Handler 1 Bundler account 5388336047026650204 does not exist
2025-01-30 14:17:24 FINE: Thread-30 Could not connect known peers. Bootstrapped from ardor.jelurida.com. Initial peer is 172.245.6.127
2025-01-30 14:17:29 FINE: pool-3-thread-10 Broadcasting blockchain state change from UP_TO_DATE to DOWNLOADING
2025-01-30 14:17:29 INFO: Network Listener Connection to 107.175.35.17 completed
2025-01-30 14:17:29 INFO: Network Listener Connection to 143.198.36.18 completed
2025-01-30 14:17:29 INFO: Network Listener Connection to 107.175.91.183 completed
2025-01-30 14:17:29 INFO: Network Listener Connection to 198.46.152.53 completed
2025-01-30 14:17:29 INFO: Network Listener Connection to 150.230.46.59 completed
2025-01-30 14:17:29 FINE: Message Handler 1 Ignoring bundler rate for chain GPS (6)
2025-01-30 14:17:29 FINE: Message Handler 1 Bundler account 5388336047026650204 does not exist
2025-01-30 14:17:29 FINE: Message Handler 2 Handshake complete with 107.175.35.17
2025-01-30 14:17:29 INFO: Network Listener Connection to 185.189.229.123 completed
2025-01-30 14:17:30 FINE: Message Handler 1 Handshake complete with 185.189.229.123
2025-01-30 14:17:30 FINE: Message Handler 4 Database connection pool current size: 4
2025-01-30 14:17:30 FINE: Message Handler 3 Ignoring bundler rate for chain GPS (6)
2025-01-30 14:17:30 FINE: Message Handler 3 Bundler account 5388336047026650204 does not exist
2025-01-30 14:17:30 FINE: Message Handler 2 Handshake complete with 198.46.152.53
2025-01-30 14:17:30 FINE: Message Handler 4 Handshake complete with 150.230.46.59
2025-01-30 14:17:30 FINE: Message Handler 4 Ignoring bundler rate for chain GPS (6)
2025-01-30 14:17:30 FINE: Message Handler 4 Bundler account 5388336047026650204 does not exist
2025-01-30 14:17:30 FINE: Message Handler 2 Ignoring bundler rate for chain GPS (6)
2025-01-30 14:17:30 FINE: Message Handler 2 Bundler account 5388336047026650204 does not exist
2025-01-30 14:17:30 FINE: Message Handler 3 Blacklisting 143.198.36.18 version 2.4.3
2025-01-30 14:17:30 INFO: Message Handler 3 Will close connection to 143.198.36.18
2025-01-30 14:17:35 INFO: pool-3-thread-6 Blockchain download in progress
2025-01-30 14:17:37 FINE: pool-1-thread-14 Error returned by 107.175.35.17 for GetNextBlocks[451] message: org.h2.jdbc.JdbcSQLNonTransientConnectionException: Database may be already in use: null. Possible solutions: close all other connection(s); use the server mode [90020-200]
2025-01-30 14:17:37 INFO: pool-1-thread-14 Will close connection to 107.175.35.17
2025-01-30 14:17:38 FINE: Message Handler 2 Handshake complete with 107.175.91.183
2025-01-30 14:17:38 FINE: Message Handler 2 Ignoring bundler rate for chain GPS (6)
2025-01-30 14:17:39 FINE: pool-3-thread-6 No blocks returned from 107.175.35.17
2025-01-30 14:17:40 FINE: pool-3-thread-6 Transaction 2:a2da0bf0777668e16975170db35515eea6f123f303f4a998f871c61dd5953779 has been released
2025-01-30 14:17:40 FINE: pool-3-thread-6 Early finish of transaction 2:a2da0bf0777668e16975170db35515eea6f123f303f4a998f871c61dd5953779 at height 23
2025-01-30 14:17:40 FINE: pool-3-thread-6 Transaction 2:92951bffbc66bcbe1f508d5c02ceefd72c17348281531fc9c879ff86a99988ff has been released
2025-01-30 14:17:40 FINE: pool-3-thread-6 Early finish of transaction 2:92951bffbc66bcbe1f508d5c02ceefd72c17348281531fc9c879ff86a99988ff at height 26
2025-01-30 14:17:40 FINE: pool-3-thread-6 Transaction 2:f0aac21fadc0df1599b09b53346073e58c6e814546553d28acde12a970f6ec2c has been released
2025-01-30 14:17:40 FINE: pool-3-thread-6 Early finish of transaction 2:f0aac21fadc0df1599b09b53346073e58c6e814546553d28acde12a970f6ec2c at height 35
2025-01-30 14:17:40 FINE: pool-3-thread-6 Transaction 2:09856b137b421f2ad0e55d1b5f9906454ad5873c291ba47aca2a4962123b543a has been released
2025-01-30 14:17:40 FINE: pool-3-thread-6 Early finish of transaction 2:09856b137b421f2ad0e55d1b5f9906454ad5873c291ba47aca2a4962123b543a at height 242
2025-01-30 14:17:40 FINE: pool-3-thread-6 Transaction 2:4f0d32d06e06fecd52b1d7783182142bb2847fcd0c1fbea5fdcecac2e0626b7d has been released
2025-01-30 14:17:40 FINE: pool-3-thread-6 Early finish of transaction 2:4f0d32d06e06fecd52b1d7783182142bb2847fcd0c1fbea5fdcecac2e0626b7d at height 278
2025-01-30 14:17:41 FINE: pool-3-thread-6 Transaction 2:e1ccdfbe4b4cdfa2994c52acec5fe7f71d61742cd40f556d6f61d8e033eb8902 has been released
2025-01-30 14:17:41 FINE: pool-3-thread-6 Early finish of transaction 2:e1ccdfbe4b4cdfa2994c52acec5fe7f71d61742cd40f556d6f61d8e033eb8902 at height 550
2025-01-30 14:17:41 FINE: pool-3-thread-6 Transaction 2:2da17b2b6c5a44014bd17d6188c1f356c04513374bed65f30b2e69f68bd71a49 has been released
2025-01-30 14:17:41 FINE: pool-3-thread-6 Early finish of transaction 2:2da17b2b6c5a44014bd17d6188c1f356c04513374bed65f30b2e69f68bd71a49 at height 566
2025-01-30 14:17:43 FINE: pool-3-thread-6 Got 5 confirmations
2025-01-30 14:17:43 INFO: pool-3-thread-6 Downloaded 719 blocks in 8 s, 80 per s, 780 min left
2025-01-30 14:17:44 INFO: Network Listener Connection to 192.227.137.62 completed
2025-01-30 14:17:44 INFO: Network Listener Connection to 107.175.172.73 completed
2025-01-30 14:17:45 FINE: Message Handler 4 Handshake complete with 107.175.172.73
2025-01-30 14:17:45 FINE: Message Handler 4 Ignoring bundler rate for chain GPS (6)
2025-01-30 14:17:45 FINE: Message Handler 4 Handshake complete with 192.227.137.62
2025-01-30 14:17:45 FINE: Message Handler 4 Ignoring bundler rate for chain GPS (6)
2025-01-30 14:17:49 FINE: Message Handler 2 Ignoring bundler rate for chain GPS (6)
2025-01-30 14:17:54 FINE: pool-3-thread-6 Transaction 2:d4b7f2dfbd82edd6a6609046dd3053a7b2ba0ded37b5feb5ce273f07abcdf203 has been released
2025-01-30 14:17:54 FINE: pool-3-thread-6 Early finish of transaction 2:d4b7f2dfbd82edd6a6609046dd3053a7b2ba0ded37b5feb5ce273f07abcdf203 at height 808
2025-01-30 14:17:54 FINE: pool-3-thread-6 Transaction 2:55c313a08532a449bb9eef3b4fca7bbf70ea1fb35ac354bdd3e7c8ed08b64ac8 has been released
2025-01-30 14:17:54 FINE: pool-3-thread-6 Early finish of transaction 2:55c313a08532a449bb9eef3b4fca7bbf70ea1fb35ac354bdd3e7c8ed08b64ac8 at height 813
2025-01-30 14:17:55 FINE: pool-3-thread-6 Registration never completed for shuffling 2073961033470298110
2025-01-30 14:17:55 FINE: pool-3-thread-6 Shuffling 2073961033470298110 entered stage CANCELLED, assignee ARDOR-2222-2222-2222-22222, remaining blocks 0
2025-01-30 14:17:55 FINE: pool-3-thread-6 Shuffling 2073961033470298110 was cancelled, blaming account ARDOR-2222-2222-2222-22222
2025-01-30 14:17:56 FINE: Message Handler 1 Database connection pool current size: 5
2025-01-30 14:17:57 FINE: pool-3-thread-6 Got 5 confirmations
2025-01-30 14:17:57 INFO: pool-3-thread-6 Downloaded 719 blocks in 13 s, 64 per s, 983 min left
2025-01-30 14:17:58 FINE: pool-3-thread-6 Poll 7297143565133761970 has been finished
2025-01-30 14:17:58 FINE: pool-3-thread-6 Poll 11016209345973401150 has been finished
2025-01-30 14:17:58 FINE: pool-3-thread-6 Poll 18420855383527642303 has been finished
2025-01-30 14:17:58 FINE: pool-3-thread-6 Transaction 4:a25f67d7a5b12239f82664f38e96e6d760293d44d61af1eab0a7d7d85d7be901 has been rejected
2025-01-30 14:17:58 FINE: pool-3-thread-6 Poll 4560682367443945247 has been finished
2025-01-30 14:18:00 FINE: pool-3-thread-6 Transaction 2:c21653ee8ba59891a7aabdd63bf76b378ef58950018ffcb6b0f0af942742ea5d has been released
2025-01-30 14:18:00 FINE: pool-3-thread-6 Early finish of transaction 2:c21653ee8ba59891a7aabdd63bf76b378ef58950018ffcb6b0f0af942742ea5d at height 1988
2025-01-30 14:18:00 FINE: pool-3-thread-6 Transaction 2:b5f363b50620100fd0f3154751f86c88af0a4abc89092d3c930051ca0bc956c6 has been released
2025-01-30 14:18:00 FINE: pool-3-thread-6 Early finish of transaction 2:b5f363b50620100fd0f3154751f86c88af0a4abc89092d3c930051ca0bc956c6 at height 1990
2025-01-30 14:18:00 FINE: pool-3-thread-6 Transaction 2:277436d86f21996a52a9baa2b39bcc8d51b04a1d545e7741aeed3cbe364befc1 has been released
2025-01-30 14:18:00 FINE: pool-3-thread-6 Early finish of transaction 2:277436d86f21996a52a9baa2b39bcc8d51b04a1d545e7741aeed3cbe364befc1 at height 1990
2025-01-30 14:18:00 FINE: pool-3-thread-6 Transaction 2:477efe1e1e2bba10bf55a4bf867107da0a27645b597c1b7b267b994c8ebeaf84 has been released
2025-01-30 14:18:00 FINE: pool-3-thread-6 Early finish of transaction 2:477efe1e1e2bba10bf55a4bf867107da0a27645b597c1b7b267b994c8ebeaf84 at height 1990
2025-01-30 14:18:00 FINE: pool-3-thread-6 Transaction 2:aae0aa73f245c35e8997369b384006d6927cacd4e53d11dcd5918defaad9e4d1 has been released
2025-01-30 14:18:00 FINE: pool-3-thread-6 Early finish of transaction 2:aae0aa73f245c35e8997369b384006d6927cacd4e53d11dcd5918defaad9e4d1 at height 1990
2025-01-30 14:18:00 FINE: pool-3-thread-6 Transaction 2:30dffda038ea7fdf4e5af8c696dd5e0b96986b33acf93a4d28e47a94fc35032a has been released
2025-01-30 14:18:00 FINE: pool-3-thread-6 Early finish of transaction 2:30dffda038ea7fdf4e5af8c696dd5e0b96986b33acf93a4d28e47a94fc35032a at height 2014
2025-01-30 14:18:00 FINE: pool-3-thread-6 Transaction 2:ea27be563956a3b797b1fdd219af469405659703b23e30d822448688eb88d4d7 has been released
2025-01-30 14:18:00 FINE: pool-3-thread-6 Early finish of transaction 2:ea27be563956a3b797b1fdd219af469405659703b23e30d822448688eb88d4d7 at height 2032
2025-01-30 14:18:00 FINE: pool-3-thread-6 Transaction 2:f5cf84649d10396920a271f05332e1bcc51166a23284c38e9654b3856e4e954f has been released
2025-01-30 14:18:00 FINE: pool-3-thread-6 Early finish of transaction 2:f5cf84649d10396920a271f05332e1bcc51166a23284c38e9654b3856e4e954f at height 2037
2025-01-30 14:18:01 FINE: pool-3-thread-6 Got 5 confirmations
2025-01-30 14:18:01 INFO: pool-3-thread-6 Downloaded 719 blocks in 4 s, 79 per s, 789 min left
2025-01-30 14:18:03 FINE: pool-3-thread-6 Poll 89685975528606680 has been finished
2025-01-30 14:18:04 FINE: pool-3-thread-6 Transaction 2:56bca07073c455c761682585833a21c5f100fc37fb03013689692a5aae40bf36 has been released
2025-01-30 14:18:04 FINE: pool-3-thread-6 Early finish of transaction 2:56bca07073c455c761682585833a21c5f100fc37fb03013689692a5aae40bf36 at height 2593
2025-01-30 14:18:04 FINE: pool-3-thread-6 Transaction 2:849fea0493bea21dea34ab854bf8f590865f10fe7f9e0d78e6e1a3bde979091c has been released
2025-01-30 14:18:04 FINE: pool-3-thread-6 Early finish of transaction 2:849fea0493bea21dea34ab854bf8f590865f10fe7f9e0d78e6e1a3bde979091c at height 2737
2025-01-30 14:18:05 FINE: pool-3-thread-6 Got 5 confirmations
2025-01-30 14:18:05 INFO: pool-3-thread-6 Downloaded 719 blocks in 3 s, 93 per s, 675 min left
2025-01-30 14:18:07 FINE: pool-3-thread-6 Transaction 2:78ff3a23ae0e4846feca65ad79563a283ce42f6b9e8d9f1591dd793c772c8e1d has been released
2025-01-30 14:18:07 FINE: pool-3-thread-6 Early finish of transaction 2:78ff3a23ae0e4846feca65ad79563a283ce42f6b9e8d9f1591dd793c772c8e1d at height 3466
2025-01-30 14:18:07 FINE: pool-3-thread-6 Transaction 2:6d9ebc0a0718fe8a23deb29e52d72a1f819f8de58e07eaf432843fa4d306a486 has been released
2025-01-30 14:18:07 FINE: pool-3-thread-6 Early finish of transaction 2:6d9ebc0a0718fe8a23deb29e52d72a1f819f8de58e07eaf432843fa4d306a486 at height 3467
2025-01-30 14:18:08 FINE: pool-3-thread-6 Got 5 confirmations
2025-01-30 14:18:08 INFO: pool-3-thread-6 Downloaded 719 blocks in 2 s, 106 per s, 589 min left
2025-01-30 14:18:09 FINE: pool-3-thread-6 Transaction 2:e5393f3ff70db847cee2f2234e401e910366d50dfe7c9a745bad9936dadb624f has been released
2025-01-30 14:18:09 FINE: pool-3-thread-6 Early finish of transaction 2:e5393f3ff70db847cee2f2234e401e910366d50dfe7c9a745bad9936dadb624f at height 3611
2025-01-30 14:18:10 FINE: pool-3-thread-6 Transaction 2:8d92e20c1fac2c130975fd3294ff8616e8d3351508c00a9c3cac6113492aee5f has been released
2025-01-30 14:18:10 FINE: pool-3-thread-6 Early finish of transaction 2:8d92e20c1fac2c130975fd3294ff8616e8d3351508c00a9c3cac6113492aee5f at height 3992
2025-01-30 14:18:10 FINE: pool-3-thread-6 Transaction 4:b255b5f4636a1c4930d969d69db839b5d140da86c2d24ce4cdb63014f4e0a9aa has been released
2025-01-30 14:18:10 FINE: pool-3-thread-6 Early finish of transaction 4:b255b5f4636a1c4930d969d69db839b5d140da86c2d24ce4cdb63014f4e0a9aa at height 4000
2025-01-30 14:18:10 FINE: pool-3-thread-6 Poll 14291585552840940200 has been finished
2025-01-30 14:18:10 FINE: pool-3-thread-6 Transaction 2:1e6cc9e8c8c69600f18b62bbc2973b0cd52b9b58d1b2e1f0cd5998961cbf88af has been released
2025-01-30 14:18:10 FINE: pool-3-thread-6 Early finish of transaction 2:1e6cc9e8c8c69600f18b62bbc2973b0cd52b9b58d1b2e1f0cd5998961cbf88af at height 4121
2025-01-30 14:18:10 FINE: pool-3-thread-6 Transaction 4:c58f9f8941d0d77279800fd00875323f902374108ae73ec8e985cdb386665ed8 has been released
2025-01-30 14:18:10 FINE: pool-3-thread-6 Early finish of transaction 4:c58f9f8941d0d77279800fd00875323f902374108ae73ec8e985cdb386665ed8 at height 4121
2025-01-30 14:18:10 FINE: pool-3-thread-6 Transaction 2:26bc3921d12d6a3f0b66078ee35cd7531656254cb50f646a4230f06a141c2e50 has been released
2025-01-30 14:18:10 FINE: pool-3-thread-6 Early finish of transaction 2:26bc3921d12d6a3f0b66078ee35cd7531656254cb50f646a4230f06a141c2e50 at height 4140
2025-01-30 14:18:10 FINE: pool-3-thread-6 Poll 12039750688412188037 has been finished
2025-01-30 14:18:12 FINE: pool-3-thread-6 Got 5 confirmations
2025-01-30 14:18:12 INFO: pool-3-thread-6 Downloaded 719 blocks in 3 s, 115 per s, 544 min left
2025-01-30 14:18:14 FINE: pool-3-thread-6 Poll 3122939912409072533 has been finished
2025-01-30 14:18:14 FINE: pool-3-thread-6 Transaction 2:f2d1ba58816548e5f222b2e0bfb20ae46e078487389b975939f6bd939e579987 has been released
2025-01-30 14:18:14 FINE: pool-3-thread-6 Early finish of transaction 2:f2d1ba58816548e5f222b2e0bfb20ae46e078487389b975939f6bd939e579987 at height 4654
2025-01-30 14:18:15 INFO: pool-3-thread-6 received block 5000
2025-01-30 14:18:15 FINE: pool-3-thread-6 Got 5 confirmations
2025-01-30 14:18:15 INFO: pool-3-thread-6 Downloaded 719 blocks in 3 s, 122 per s, 513 min left
2025-01-30 14:18:26 FINE: pool-3-thread-6 Transaction 2:f666ff593ba15c71c658fb2c72995a2f79bc3f950a09b6bd69c3306c6d8120f4 has been released
2025-01-30 14:18:26 FINE: pool-3-thread-6 Early finish of transaction 2:f666ff593ba15c71c658fb2c72995a2f79bc3f950a09b6bd69c3306c6d8120f4 at height 5497
2025-01-30 14:18:26 FINE: pool-3-thread-6 Transaction 2:29fcf2222a0f7c341fc0557fb0aba13baf62f2d7b54abdf5d671630542d6b2f5 has been released
2025-01-30 14:18:26 FINE: pool-3-thread-6 Early finish of transaction 2:29fcf2222a0f7c341fc0557fb0aba13baf62f2d7b54abdf5d671630542d6b2f5 at height 5719
2025-01-30 14:18:26 FINE: pool-3-thread-6 Transaction 2:ede6ece38a848ef9a53a02a8e863762e39a4cb2d74059883c939502e388e770d has been released
2025-01-30 14:18:26 FINE: pool-3-thread-6 Early finish of transaction 2:ede6ece38a848ef9a53a02a8e863762e39a4cb2d74059883c939502e388e770d at height 5729
2025-01-30 14:18:26 FINE: pool-3-thread-6 Transaction 4:1c68a917f35bd0202b46852da4959bfdc61859a289756764d60c8b8a92eb8a92 has been released
2025-01-30 14:18:26 FINE: pool-3-thread-6 Early finish of transaction 4:1c68a917f35bd0202b46852da4959bfdc61859a289756764d60c8b8a92eb8a92 at height 5733
2025-01-30 14:18:27 FINE: pool-3-thread-6 Got 5 confirmations
2025-01-30 14:18:27 INFO: pool-3-thread-6 Downloaded 719 blocks in 11 s, 108 per s, 580 min left
2025-01-30 14:18:30 INFO: pool-3-thread-6 Checksum passed at block 6000
2025-01-30 14:18:33 FINE: pool-3-thread-6 Got 5 confirmations
2025-01-30 14:18:33 INFO: pool-3-thread-6 Downloaded 719 blocks in 6 s, 109 per s, 574 min left
2025-01-30 14:18:34 FINE: pool-3-thread-6 Transaction 2:8df906cf1a399dc125c6a8d66a22f0b5e7b68fc62eedf66f50225e8c0e8a199f has been released
2025-01-30 14:18:34 FINE: pool-3-thread-6 Early finish of transaction 2:8df906cf1a399dc125c6a8d66a22f0b5e7b68fc62eedf66f50225e8c0e8a199f at height 6642
2025-01-30 14:18:36 FINE: pool-3-thread-6 Transaction 2:eff5a465f7d947c9d3bc31f837d35bf0bf18ce254d72ce465fc0804e3227db51 has been released
2025-01-30 14:18:36 FINE: pool-3-thread-6 Early finish of transaction 2:eff5a465f7d947c9d3bc31f837d35bf0bf18ce254d72ce465fc0804e3227db51 at height 7166
2025-01-30 14:18:36 FINE: pool-3-thread-6 Got 5 confirmations
2025-01-30 14:18:36 INFO: pool-3-thread-6 Downloaded 719 blocks in 2 s, 116 per s, 542 min left
2025-01-30 14:18:38 FINE: pool-3-thread-6 Registration never completed for shuffling 10230411176143249264
2025-01-30 14:18:38 FINE: pool-3-thread-6 Shuffling 10230411176143249264 entered stage CANCELLED, assignee ARDOR-2222-2222-2222-22222, remaining blocks 0
2025-01-30 14:18:38 FINE: pool-3-thread-6 Shuffling 10230411176143249264 was cancelled, blaming account ARDOR-2222-2222-2222-22222
2025-01-30 14:18:39 FINE: pool-3-thread-6 Transaction 2:777f31c1708925bdb7bef44155a6663dc5ddb6e9a7f9bd0b9b5e5cba1bde65ae has been released
2025-01-30 14:18:39 FINE: pool-3-thread-6 Early finish of transaction 2:777f31c1708925bdb7bef44155a6663dc5ddb6e9a7f9bd0b9b5e5cba1bde65ae at height 7851
2025-01-30 14:18:39 FINE: pool-3-thread-6 Got 5 confirmations
2025-01-30 14:18:39 INFO: pool-3-thread-6 Downloaded 719 blocks in 2 s, 121 per s, 517 min left
2025-01-30 14:18:41 FINE: pool-3-thread-6 Shuffling 13926386067758734571 entered stage PROCESSING, assignee ARDOR-8EYM-785K-NAZX-ASZSG, remaining blocks 100
2025-01-30 14:18:41 FINE: pool-3-thread-6 Shuffling participant 9755914075058156499 changed state to PROCESSED
2025-01-30 14:18:41 FINE: pool-3-thread-6 Shuffling participant 3646071871298991008 changed state to PROCESSED
2025-01-30 14:18:41 FINE: pool-3-thread-6 Shuffling participant 8869012979758557481 changed state to PROCESSED
2025-01-30 14:18:41 FINE: pool-3-thread-6 Shuffling participant 8056092426290504809 changed state to PROCESSED
2025-01-30 14:18:41 FINE: pool-3-thread-6 Shuffling participant 8056092426290504809 changed state to VERIFIED
2025-01-30 14:18:41 FINE: pool-3-thread-6 Shuffling 13926386067758734571 entered stage VERIFICATION, assignee ARDOR-2222-2222-2222-22222, remaining blocks 104
2025-01-30 14:18:41 FINE: pool-3-thread-6 Shuffling participant 8869012979758557481 changed state to VERIFIED
2025-01-30 14:18:41 FINE: pool-3-thread-6 Shuffling participant 9755914075058156499 changed state to VERIFIED
2025-01-30 14:18:41 FINE: pool-3-thread-6 Shuffling participant 3646071871298991008 changed state to VERIFIED
2025-01-30 14:18:41 FINE: pool-3-thread-6 Shuffling 13926386067758734571 entered stage DONE, assignee ARDOR-2222-2222-2222-22222, remaining blocks 0
2025-01-30 14:18:41 FINE: pool-3-thread-6 Shuffling 13926386067758734571 was distributed
2025-01-30 14:18:43 FINE: pool-3-thread-6 Got 5 confirmations
2025-01-30 14:18:43 INFO: pool-3-thread-6 Downloaded 719 blocks in 3 s, 125 per s, 500 min left
2025-01-30 14:18:46 FINE: pool-3-thread-6 Got 5 confirmations
2025-01-30 14:18:46 INFO: pool-3-thread-6 Downloaded 719 blocks in 2 s, 130 per s, 481 min left
2025-01-30 14:18:47 FINE: pool-3-thread-6 Transaction 2:76ae69ddef374af9bbf3371bb2dd0ef5d0ad539326595fb65bd1629e04ad0cfa has been released
2025-01-30 14:18:47 FINE: pool-3-thread-6 Early finish of transaction 2:76ae69ddef374af9bbf3371bb2dd0ef5d0ad539326595fb65bd1629e04ad0cfa at height 9648
2025-01-30 14:18:48 INFO: pool-3-thread-6 received block 10000
2025-01-30 14:18:49 FINE: pool-3-thread-6 Got 5 confirmations
2025-01-30 14:18:49 INFO: pool-3-thread-6 Downloaded 719 blocks in 3 s, 134 per s, 469 min left
2025-01-30 14:19:00 FINE: pool-3-thread-6 Transaction 2:0b6835e500cfea176603218d7b3da5207fb59233433b2a2c6a7944628d682212 has been released
2025-01-30 14:19:00 FINE: pool-3-thread-6 Early finish of transaction 2:0b6835e500cfea176603218d7b3da5207fb59233433b2a2c6a7944628d682212 at height 10087
2025-01-30 14:19:05 FINE: pool-3-thread-6 Got 5 confirmations
2025-01-30 14:19:05 INFO: pool-3-thread-6 Downloaded 719 blocks in 15 s, 118 per s, 529 min left
2025-01-30 14:19:07 FINE: pool-3-thread-6 Transaction 2:2d5466b57a79ba47002e911af38d43338a329efb5383c4b46801c6083be815a3 has been released
2025-01-30 14:19:07 FINE: pool-3-thread-6 Early finish of transaction 2:2d5466b57a79ba47002e911af38d43338a329efb5383c4b46801c6083be815a3 at height 11175
2025-01-30 14:19:07 FINE: pool-3-thread-6 Transaction 2:437b7a33747896f1dc0689be4214264825d99a58536ee02dfc0a056ab61c68c1 has been released
2025-01-30 14:19:07 FINE: pool-3-thread-6 Early finish of transaction 2:437b7a33747896f1dc0689be4214264825d99a58536ee02dfc0a056ab61c68c1 at height 11179
2025-01-30 14:19:08 FINE: pool-3-thread-6 Got 5 confirmations
2025-01-30 14:19:08 INFO: pool-3-thread-6 Downloaded 719 blocks in 2 s, 123 per s, 510 min left
2025-01-30 14:19:21 FINE: pool-3-thread-6 Got 5 confirmations
2025-01-30 14:19:21 INFO: pool-3-thread-6 Downloaded 719 blocks in 13 s, 114 per s, 551 min left
2025-01-30 14:19:28 FINE: pool-3-thread-6 Transaction 2:b4bd90a762ccfe07bc151fcf2407a756b7dc8be65dc037c0f93c7790d3820aef has been released
2025-01-30 14:19:28 FINE: pool-3-thread-6 Early finish of transaction 2:b4bd90a762ccfe07bc151fcf2407a756b7dc8be65dc037c0f93c7790d3820aef at height 12319
2025-01-30 14:19:29 FINE: pool-3-thread-6 Transaction 2:008d85d06b5b1d9cdec90d891b18352ce80a651c240e63885dfe0e08f90cbdff has been released
2025-01-30 14:19:29 FINE: pool-3-thread-6 Early finish of transaction 2:008d85d06b5b1d9cdec90d891b18352ce80a651c240e63885dfe0e08f90cbdff at height 12755
2025-01-30 14:19:29 FINE: pool-3-thread-6 Transaction 2:3e6befab0e9a7b71fad565fa97399f6835b6fb9ec9b4c722c37e5b9ab5b48944 has been released
2025-01-30 14:19:29 FINE: pool-3-thread-6 Early finish of transaction 2:3e6befab0e9a7b71fad565fa97399f6835b6fb9ec9b4c722c37e5b9ab5b48944 at height 12770
2025-01-30 14:19:29 FINE: pool-3-thread-6 Got 5 confirmations
2025-01-30 14:19:29 INFO: pool-3-thread-6 Downloaded 719 blocks in 7 s, 112 per s, 558 min left
2025-01-30 14:19:38 FINE: pool-3-thread-6 Transaction 2:be912d12c589566bf09d2238d111108d7c0f77e3487d0b0e7feca9dbaa788c0f has been released
2025-01-30 14:19:38 FINE: pool-3-thread-6 Early finish of transaction 2:be912d12c589566bf09d2238d111108d7c0f77e3487d0b0e7feca9dbaa788c0f at height 13642
2025-01-30 14:19:38 FINE: pool-3-thread-6 Transaction 2:352aeb9d6236d47b65b918c8645f8df4459dabe595fb884970bda85ed0629d02 has been released
2025-01-30 14:19:38 FINE: pool-3-thread-6 Early finish of transaction 2:352aeb9d6236d47b65b918c8645f8df4459dabe595fb884970bda85ed0629d02 at height 13652
2025-01-30 14:19:39 FINE: pool-3-thread-6 Got 5 confirmations
2025-01-30 14:19:39 INFO: pool-3-thread-6 Downloaded 719 blocks in 9 s, 109 per s, 573 min left
2025-01-30 14:19:40 FINE: pool-3-thread-6 Transaction 2:6e9e70e692f49b130894862b7f46046e42c7dc4ee0a937096a25d00bfad7ef13 has been released
2025-01-30 14:19:40 FINE: pool-3-thread-6 Early finish of transaction 2:6e9e70e692f49b130894862b7f46046e42c7dc4ee0a937096a25d00bfad7ef13 at height 13951
2025-01-30 14:19:42 FINE: pool-3-thread-6 Got 5 confirmations
2025-01-30 14:19:42 INFO: pool-3-thread-6 Downloaded 719 blocks in 2 s, 112 per s, 558 min left
2025-01-30 14:19:43 FINE: pool-3-thread-6 Transaction 2:9a01bc9475ccea88d76a84ec0c651c5deae641d9630d9545cec0acda39fd6da5 has been released
2025-01-30 14:19:43 FINE: pool-3-thread-6 Early finish of transaction 2:9a01bc9475ccea88d76a84ec0c651c5deae641d9630d9545cec0acda39fd6da5 at height 14501
2025-01-30 14:19:44 FINE: pool-3-thread-6 Poll 13701040241212500637 has been finished
2025-01-30 14:19:44 INFO: pool-3-thread-6 received block 15000
2025-01-30 14:19:44 FINE: pool-3-thread-6 Transaction 2:373da8fca6d12cfcd06f4d2d7b758c81848ffe75a19e644af6653dbf91e5c77d has been released
2025-01-30 14:19:44 FINE: pool-3-thread-6 Early finish of transaction 2:373da8fca6d12cfcd06f4d2d7b758c81848ffe75a19e644af6653dbf91e5c77d at height 15043
2025-01-30 14:19:49 FINE: pool-3-thread-6 Got 5 confirmations
2025-01-30 14:19:49 INFO: pool-3-thread-6 Downloaded 719 blocks in 7 s, 111 per s, 562 min left
2025-01-30 14:19:50 FINE: pool-3-thread-6 Transaction 2:fa188173663a0c7a6c20f4373963807c206a26882eef9c7c574235321bb9cf1c has been released
2025-01-30 14:19:50 FINE: pool-3-thread-6 Early finish of transaction 2:fa188173663a0c7a6c20f4373963807c206a26882eef9c7c574235321bb9cf1c at height 15123
2025-01-30 14:19:53 FINE: pool-3-thread-6 Got 5 confirmations
2025-01-30 14:19:53 INFO: pool-3-thread-6 Downloaded 719 blocks in 3 s, 113 per s, 551 min left
2025-01-30 14:19:55 FINE: pool-3-thread-6 Transaction 2:133440b5483f11a4ab9867ffb1b81e302de86c703aef5dce1a11b10213147cf9 has been released
2025-01-30 14:19:55 FINE: pool-3-thread-6 Early finish of transaction 2:133440b5483f11a4ab9867ffb1b81e302de86c703aef5dce1a11b10213147cf9 at height 15950
2025-01-30 14:19:55 FINE: pool-3-thread-6 Transaction 2:cfb160f82af429ed7a1d1f74416d9ecd0d5f8555ec0a2aa85eeb5936fe6cc184 has been rejected
2025-01-30 14:19:55 FINE: pool-3-thread-6 Transaction 2:cfc326ef087fe1b7fd19bd05fc3e4876ab98e374cba5af38e89fd9a46c68db1e has been released
2025-01-30 14:19:55 FINE: pool-3-thread-6 Early finish of transaction 2:cfc326ef087fe1b7fd19bd05fc3e4876ab98e374cba5af38e89fd9a46c68db1e at height 15958
2025-01-30 14:19:55 FINE: pool-3-thread-6 Transaction 2:a6080ca12a49f3162fd1b40c6c9be90e759be2aa0b20ba9ae89f187dbfc4837e has been rejected
2025-01-30 14:19:55 FINE: pool-3-thread-6 Transaction 2:0a391a05e9916ee17c27c4ce9c8632d2a3c045493ee2a5a910cce29b25c35743 has been released
2025-01-30 14:19:55 FINE: pool-3-thread-6 Early finish of transaction 2:0a391a05e9916ee17c27c4ce9c8632d2a3c045493ee2a5a910cce29b25c35743 at height 16449
2025-01-30 14:19:56 FINE: pool-3-thread-6 Got 5 confirmations
2025-01-30 14:19:56 INFO: pool-3-thread-6 Downloaded 719 blocks in 2 s, 116 per s, 538 min left
2025-01-30 14:20:05 FINE: pool-3-thread-6 Transaction 2:0288c88fa003522387357ae73a4b5abee9240e672cbe5d1b973c840888a96d6e has been released
2025-01-30 14:20:05 FINE: pool-3-thread-6 Early finish of transaction 2:0288c88fa003522387357ae73a4b5abee9240e672cbe5d1b973c840888a96d6e at height 16829
2025-01-30 14:20:05 FINE: pool-3-thread-6 Transaction 2:1aed7e2cc017d226c312c13f78d2fb534e88887e6380e3768ec2b00a330a83c7 has been released
2025-01-30 14:20:05 FINE: pool-3-thread-6 Early finish of transaction 2:1aed7e2cc017d226c312c13f78d2fb534e88887e6380e3768ec2b00a330a83c7 at height 16901
2025-01-30 14:20:06 FINE: pool-3-thread-6 Got 5 confirmations
2025-01-30 14:20:06 INFO: pool-3-thread-6 Downloaded 719 blocks in 10 s, 113 per s, 553 min left
2025-01-30 14:20:10 FINE: pool-3-thread-6 Got 5 confirmations
2025-01-30 14:20:10 INFO: pool-3-thread-6 Downloaded 719 blocks in 3 s, 115 per s, 542 min left
2025-01-30 14:20:19 FINE: pool-3-thread-6 Transaction 2:df210facaf130f94923330cf4d87af3dfe70ec575e8de6a51294023183fb7f6f has been released
2025-01-30 14:20:19 FINE: pool-3-thread-6 Early finish of transaction 2:df210facaf130f94923330cf4d87af3dfe70ec575e8de6a51294023183fb7f6f at height 18348
2025-01-30 14:20:21 FINE: pool-3-thread-6 Got 5 confirmations
2025-01-30 14:20:21 INFO: pool-3-thread-6 Downloaded 719 blocks in 11 s, 112 per s, 559 min left
2025-01-30 14:20:30 FINE: pool-3-thread-6 Got 5 confirmations
2025-01-30 14:20:30 INFO: pool-3-thread-6 Downloaded 719 blocks in 9 s, 110 per s, 569 min left
2025-01-30 14:20:32 FINE: pool-3-thread-6 Transaction 2:18033f0092c52cd4d09b55352a5a64e1877063bbf12d15f10819f5baf8cc932b has been released
2025-01-30 14:20:32 FINE: pool-3-thread-6 Early finish of transaction 2:18033f0092c52cd4d09b55352a5a64e1877063bbf12d15f10819f5baf8cc932b at height 19758
2025-01-30 14:20:32 FINE: pool-3-thread-6 Transaction 4:39748f976f79c192678b2dc423bd85c8d7e9cab49cf2a17cda55a8cd828f3c33 has been released
2025-01-30 14:20:32 FINE: pool-3-thread-6 Early finish of transaction 4:39748f976f79c192678b2dc423bd85c8d7e9cab49cf2a17cda55a8cd828f3c33 at height 19766
2025-01-30 14:20:32 INFO: pool-3-thread-6 received block 20000
2025-01-30 14:20:33 FINE: pool-3-thread-6 Got 5 confirmations
2025-01-30 14:20:33 INFO: pool-3-thread-6 Downloaded 719 blocks in 3 s, 112 per s, 558 min left
2025-01-30 14:20:35 FINE: pool-3-thread-6 Registration never completed for shuffling 4039626698654435172
2025-01-30 14:20:35 FINE: pool-3-thread-6 Shuffling 4039626698654435172 entered stage CANCELLED, assignee ARDOR-2222-2222-2222-22222, remaining blocks 0
2025-01-30 14:20:35 FINE: pool-3-thread-6 Shuffling 4039626698654435172 was cancelled, blaming account ARDOR-2222-2222-2222-22222
2025-01-30 14:20:36 FINE: pool-3-thread-6 Got 5 confirmations
2025-01-30 14:20:36 INFO: pool-3-thread-6 Downloaded 719 blocks in 2 s, 114 per s, 547 min left
2025-01-30 14:20:44 FINE: pool-3-thread-6 Transaction 2:80406089a0e0b8fb8ad57cac29bcdba1f4f1e6f57999af68714e88a9f778b24e has been released
2025-01-30 14:20:44 FINE: pool-3-thread-6 Early finish of transaction 2:80406089a0e0b8fb8ad57cac29bcdba1f4f1e6f57999af68714e88a9f778b24e at height 21067
2025-01-30 14:20:46 FINE: pool-3-thread-6 Got 5 confirmations
2025-01-30 14:20:46 INFO: pool-3-thread-6 Downloaded 719 blocks in 9 s, 112 per s, 558 min left
2025-01-30 14:21:00 FINE: pool-3-thread-6 Got 5 confirmations
2025-01-30 14:21:00 INFO: pool-3-thread-6 Downloaded 719 blocks in 14 s, 108 per s, 580 min left
2025-01-30 14:21:03 FINE: pool-3-thread-6 Got 5 confirmations
2025-01-30 14:21:03 INFO: pool-3-thread-6 Downloaded 719 blocks in 2 s, 110 per s, 568 min left
2025-01-30 14:21:05 FINE: pool-3-thread-6 Got 5 confirmations
2025-01-30 14:21:05 INFO: pool-3-thread-6 Downloaded 719 blocks in 2 s, 112 per s, 557 min left
2025-01-30 14:21:06 FINE: pool-3-thread-6 Transaction 2:d1b8741e1007f7c24517b0fa252c45bff677d0401be3e8317027dbd7c1811299 has been released
2025-01-30 14:21:06 FINE: pool-3-thread-6 Early finish of transaction 2:d1b8741e1007f7c24517b0fa252c45bff677d0401be3e8317027dbd7c1811299 at height 23787
2025-01-30 14:21:06 FINE: pool-3-thread-6 Transaction 2:93488d593415f61b1b03792268dc0cbf1f3faee98aa2a1b3ff2b566b5c777da3 has been released
2025-01-30 14:21:06 FINE: pool-3-thread-6 Early finish of transaction 2:93488d593415f61b1b03792268dc0cbf1f3faee98aa2a1b3ff2b566b5c777da3 at height 23787
2025-01-30 14:21:06 FINE: pool-3-thread-6 Transaction 2:9d4c1f4b6af3ce145a3cf3a5756384099bb5b084751d4ab35000ba2d9db977e5 has been released
2025-01-30 14:21:06 FINE: pool-3-thread-6 Early finish of transaction 2:9d4c1f4b6af3ce145a3cf3a5756384099bb5b084751d4ab35000ba2d9db977e5 at height 23798
2025-01-30 14:21:08 FINE: pool-3-thread-6 Got 5 confirmations
2025-01-30 14:21:08 INFO: pool-3-thread-6 Downloaded 719 blocks in 2 s, 114 per s, 548 min left
2025-01-30 14:21:20 FINE: pool-3-thread-6 Transaction 2:3e51b7871244fa44098ff0086bad071a8b5ec515eb0594152a47c20aeb435c23 has been released
2025-01-30 14:21:20 FINE: pool-3-thread-6 Early finish of transaction 2:3e51b7871244fa44098ff0086bad071a8b5ec515eb0594152a47c20aeb435c23 at height 24980
2025-01-30 14:21:20 INFO: pool-3-thread-6 received block 25000
2025-01-30 14:21:22 FINE: pool-3-thread-6 Got 5 confirmations
2025-01-30 14:21:22 INFO: pool-3-thread-6 Downloaded 719 blocks in 13 s, 110 per s, 567 min left
2025-01-30 14:21:25 FINE: pool-3-thread-6 Got 5 confirmations
2025-01-30 14:21:25 INFO: pool-3-thread-6 Downloaded 719 blocks in 2 s, 112 per s, 558 min left
2025-01-30 14:21:36 FINE: pool-3-thread-6 Transaction 2:78f8af9e3c42715d77341f54917282c2c23c937c20ded8a0262551c842366007 has been released
2025-01-30 14:21:36 FINE: pool-3-thread-6 Early finish of transaction 2:78f8af9e3c42715d77341f54917282c2c23c937c20ded8a0262551c842366007 at height 26165
2025-01-30 14:21:36 FINE: pool-3-thread-6 At height 26165 phased transaction 2:8d2bdfad9b1b6e1914c9735faab0d0914f18e9b4348c820fc8699ecbf353b159 no longer passes validation: Phasing only account control is not currently enabled, cannot finish early
2025-01-30 14:21:36 FINE: pool-3-thread-6 Transaction 2:a548ad566c19846a313b327e6e3079e1e12e30882fff811c3ab7719b9685b2e2 has been released
2025-01-30 14:21:36 FINE: pool-3-thread-6 Early finish of transaction 2:a548ad566c19846a313b327e6e3079e1e12e30882fff811c3ab7719b9685b2e2 at height 26492
2025-01-30 14:21:41 FINE: pool-3-thread-6 Got 5 confirmations
2025-01-30 14:21:41 INFO: pool-3-thread-6 Downloaded 719 blocks in 16 s, 107 per s, 581 min left
2025-01-30 14:21:42 FINE: pool-3-thread-6 Transaction 2:fb5bb0ab4dcee100e7565451079e53a22391a83da8bfa0d514f94722d6936921 has been released
2025-01-30 14:21:42 FINE: pool-3-thread-6 Early finish of transaction 2:fb5bb0ab4dcee100e7565451079e53a22391a83da8bfa0d514f94722d6936921 at height 26800
2025-01-30 14:21:44 FINE: pool-3-thread-6 Got 5 confirmations
2025-01-30 14:21:44 INFO: pool-3-thread-6 Downloaded 719 blocks in 2 s, 109 per s, 571 min left
2025-01-30 14:21:45 FINE: pool-3-thread-6 Transaction 2:4a4fb86a999fff0d93d39eca3d960dab1a67cfc461ae7915e3b1007ddbbb436e has been released
2025-01-30 14:21:45 FINE: pool-3-thread-6 Early finish of transaction 2:4a4fb86a999fff0d93d39eca3d960dab1a67cfc461ae7915e3b1007ddbbb436e at height 27419
2025-01-30 14:21:45 FINE: pool-3-thread-6 Transaction 2:09e918b7332d898214449f70842acb958ab88b50980d5232ee7762bd727ff9c5 has been released
2025-01-30 14:21:45 FINE: pool-3-thread-6 Early finish of transaction 2:09e918b7332d898214449f70842acb958ab88b50980d5232ee7762bd727ff9c5 at height 27463
2025-01-30 14:21:45 FINE: pool-3-thread-6 Transaction 4:67b2f13d9498416aa01be60dceeb69521a44b17f6b00d707dabd0841f7b76b03 has been released
2025-01-30 14:21:45 FINE: pool-3-thread-6 Early finish of transaction 4:67b2f13d9498416aa01be60dceeb69521a44b17f6b00d707dabd0841f7b76b03 at height 27476
2025-01-30 14:21:45 FINE: pool-3-thread-6 At height 27600 phased transaction 2:8d2bdfad9b1b6e1914c9735faab0d0914f18e9b4348c820fc8699ecbf353b159 no longer passes validation: Phasing only account control is not currently enabled, will not apply
2025-01-30 14:21:45 FINE: pool-3-thread-6 Transaction 2:8d2bdfad9b1b6e1914c9735faab0d0914f18e9b4348c820fc8699ecbf353b159 has been rejected
2025-01-30 14:21:49 FINE: pool-3-thread-6 Got 5 confirmations
2025-01-30 14:21:49 INFO: pool-3-thread-6 Downloaded 719 blocks in 5 s, 110 per s, 568 min left
2025-01-30 14:21:51 FINE: pool-3-thread-6 Registration never completed for shuffling 14239107159479557452
2025-01-30 14:21:51 FINE: pool-3-thread-6 Shuffling 14239107159479557452 entered stage CANCELLED, assignee ARDOR-2222-2222-2222-22222, remaining blocks 0
2025-01-30 14:21:51 FINE: pool-3-thread-6 Shuffling 14239107159479557452 was cancelled, blaming account ARDOR-2222-2222-2222-22222
2025-01-30 14:21:51 FINE: pool-3-thread-6 Got 5 confirmations
2025-01-30 14:21:51 INFO: pool-3-thread-6 Downloaded 719 blocks in 2 s, 111 per s, 560 min left
2025-01-30 14:21:54 FINE: pool-3-thread-6 Transaction 2:b1cbedec67154941a7ff94fd93c532294c240dc157798f51c6f78bca458289bf has been released
2025-01-30 14:21:54 FINE: pool-3-thread-6 Early finish of transaction 2:b1cbedec67154941a7ff94fd93c532294c240dc157798f51c6f78bca458289bf at height 28953
2025-01-30 14:21:56 FINE: pool-3-thread-6 Got 5 confirmations
2025-01-30 14:21:56 INFO: pool-3-thread-6 Downloaded 719 blocks in 4 s, 112 per s, 555 min left
2025-01-30 14:21:59 INFO: pool-3-thread-6 received block 30000
2025-01-30 14:21:59 FINE: pool-3-thread-6 Transaction 2:c1e36fd7f26a7ed77d8c5f5941fe77c05a65271340b9bdefa0eff0e37ba1dba5 has been released
2025-01-30 14:21:59 FINE: pool-3-thread-6 Early finish of transaction 2:c1e36fd7f26a7ed77d8c5f5941fe77c05a65271340b9bdefa0eff0e37ba1dba5 at height 30163
2025-01-30 14:21:59 FINE: pool-3-thread-6 Transaction 2:53406dd899a2c4e9739ec968d7654311dfb1ff070a9cf1fff7339b2d0158f5fe has been released
2025-01-30 14:21:59 FINE: pool-3-thread-6 Early finish of transaction 2:53406dd899a2c4e9739ec968d7654311dfb1ff070a9cf1fff7339b2d0158f5fe at height 30173
2025-01-30 14:22:01 FINE: pool-3-thread-6 Got 5 confirmations
2025-01-30 14:22:01 INFO: pool-3-thread-6 Downloaded 719 blocks in 5 s, 113 per s, 552 min left
2025-01-30 14:22:03 FINE: pool-3-thread-6 Transaction 2:ef2d66462a52b2829b813b570ec957944e4043698efaec3a30cc19222d81763f has been released
2025-01-30 14:22:03 FINE: pool-3-thread-6 Early finish of transaction 2:ef2d66462a52b2829b813b570ec957944e4043698efaec3a30cc19222d81763f at height 30266
2025-01-30 14:22:05 FINE: pool-3-thread-6 Got 5 confirmations
2025-01-30 14:22:05 INFO: pool-3-thread-6 Downloaded 719 blocks in 4 s, 114 per s, 548 min left
2025-01-30 14:22:08 FINE: pool-3-thread-6 Poll 10742142526926797152 has been finished
2025-01-30 14:22:09 FINE: pool-3-thread-6 Got 5 confirmations
2025-01-30 14:22:09 INFO: pool-3-thread-6 Downloaded 719 blocks in 3 s, 115 per s, 543 min left
2025-01-30 14:22:11 FINE: pool-3-thread-6 Transaction 2:e7eba248dcfac560ea250ad3eaf69575d9b09f9e0b41c575c43a39f640c22c79 has been released
2025-01-30 14:22:11 FINE: pool-3-thread-6 Early finish of transaction 2:e7eba248dcfac560ea250ad3eaf69575d9b09f9e0b41c575c43a39f640c22c79 at height 32293
2025-01-30 14:22:12 FINE: pool-3-thread-6 Got 5 confirmations
2025-01-30 14:22:12 INFO: pool-3-thread-6 Downloaded 719 blocks in 3 s, 116 per s, 537 min left
2025-01-30 14:22:13 FINE: pool-3-thread-6 Transaction 2:2d6415c5aa0f35ccd812a8c55ad635ac046705d394de37d5da6ab25d2afd0859 has been released
2025-01-30 14:22:13 FINE: pool-3-thread-6 Early finish of transaction 2:2d6415c5aa0f35ccd812a8c55ad635ac046705d394de37d5da6ab25d2afd0859 at height 32454
2025-01-30 14:22:15 FINE: pool-3-thread-6 Got 5 confirmations
2025-01-30 14:22:15 INFO: pool-3-thread-6 Downloaded 719 blocks in 2 s, 117 per s, 530 min left
2025-01-30 14:22:17 FINE: pool-3-thread-6 Got 5 confirmations
2025-01-30 14:22:17 INFO: pool-3-thread-6 Downloaded 719 blocks in 2 s, 119 per s, 523 min left
2025-01-30 14:22:18 FINE: pool-3-thread-6 Transaction 2:d1c24101cebe34622fdaf14114eff9acb1a7375d940e0821827632837fd01faa has been released
2025-01-30 14:22:18 FINE: pool-3-thread-6 Early finish of transaction 2:d1c24101cebe34622fdaf14114eff9acb1a7375d940e0821827632837fd01faa at height 33935
2025-01-30 14:22:20 FINE: pool-3-thread-6 Got 5 confirmations
2025-01-30 14:22:20 INFO: pool-3-thread-6 Downloaded 719 blocks in 2 s, 121 per s, 517 min left
2025-01-30 14:22:21 INFO: pool-3-thread-6 received block 35000
2025-01-30 14:22:22 FINE: pool-3-thread-6 Got 5 confirmations
2025-01-30 14:22:22 INFO: pool-3-thread-6 Downloaded 719 blocks in 2 s, 122 per s, 510 min left
2025-01-30 14:22:26 FINE: pool-3-thread-6 Got 5 confirmations
2025-01-30 14:22:26 INFO: pool-3-thread-6 Downloaded 719 blocks in 3 s, 123 per s, 506 min left
2025-01-30 14:22:29 FINE: pool-3-thread-6 Got 5 confirmations
2025-01-30 14:22:29 INFO: pool-3-thread-6 Downloaded 719 blocks in 3 s, 124 per s, 501 min left
2025-01-30 14:22:30 FINE: pool-3-thread-6 Transaction 4:3c8ad939f2023735f396221823a78aa5a4d1cb056aa9819582eebb4de14b7941 has been released
2025-01-30 14:22:30 FINE: pool-3-thread-6 Early finish of transaction 4:3c8ad939f2023735f396221823a78aa5a4d1cb056aa9819582eebb4de14b7941 at height 36928
2025-01-30 14:22:30 FINE: pool-3-thread-6 At height 37018 phased transaction 3:574ce994d465638fa1a094b77342aa93a80f2f7b589899aa20e731fabecd42a9 does not yet meet quorum, cannot finish early
2025-01-30 14:22:30 FINE: pool-3-thread-6 Transaction 3:574ce994d465638fa1a094b77342aa93a80f2f7b589899aa20e731fabecd42a9 has been released
2025-01-30 14:22:30 FINE: pool-3-thread-6 Early finish of transaction 3:574ce994d465638fa1a094b77342aa93a80f2f7b589899aa20e731fabecd42a9 at height 37019
2025-01-30 14:22:30 FINE: pool-3-thread-6 At height 37029 phased transaction 3:08e137daa94d0fd8ff43c34c1fe35223eade12133ccedca56863c137ab9535ae does not yet meet quorum, cannot finish early
2025-01-30 14:22:30 FINE: pool-3-thread-6 Transaction 3:08e137daa94d0fd8ff43c34c1fe35223eade12133ccedca56863c137ab9535ae has been released
2025-01-30 14:22:30 FINE: pool-3-thread-6 Early finish of transaction 3:08e137daa94d0fd8ff43c34c1fe35223eade12133ccedca56863c137ab9535ae at height 37030
2025-01-30 14:22:30 FINE: pool-3-thread-6 At height 37226 phased transaction 3:52447bdc1cc4a2396d662196f2f9e314d0d00cc10f7a88007078355ccf7a4542 does not yet meet quorum, cannot finish early
2025-01-30 14:22:30 FINE: pool-3-thread-6 Transaction 3:52447bdc1cc4a2396d662196f2f9e314d0d00cc10f7a88007078355ccf7a4542 has been released
2025-01-30 14:22:30 FINE: pool-3-thread-6 Early finish of transaction 3:52447bdc1cc4a2396d662196f2f9e314d0d00cc10f7a88007078355ccf7a4542 at height 37228
2025-01-30 14:22:31 FINE: pool-3-thread-6 At height 37331 phased transaction 3:1a08487ce4c3ca138a9dee3ac147bf11c3c3d68452a21b2eb044047aed9e27d4 does not yet meet quorum, cannot finish early
2025-01-30 14:22:31 FINE: pool-3-thread-6 Transaction 3:1a08487ce4c3ca138a9dee3ac147bf11c3c3d68452a21b2eb044047aed9e27d4 has been released
2025-01-30 14:22:31 FINE: pool-3-thread-6 Early finish of transaction 3:1a08487ce4c3ca138a9dee3ac147bf11c3c3d68452a21b2eb044047aed9e27d4 at height 37332
2025-01-30 14:22:31 FINE: pool-3-thread-6 At height 37352 phased transaction 3:7fd6cbd86d56c6a185b81cc8164aba564de497f1f1bf2a0032c333b3b399a58c does not yet meet quorum, cannot finish early
2025-01-30 14:22:31 FINE: pool-3-thread-6 Transaction 3:7fd6cbd86d56c6a185b81cc8164aba564de497f1f1bf2a0032c333b3b399a58c has been released
2025-01-30 14:22:31 FINE: pool-3-thread-6 Early finish of transaction 3:7fd6cbd86d56c6a185b81cc8164aba564de497f1f1bf2a0032c333b3b399a58c at height 37353
2025-01-30 14:22:31 FINE: pool-3-thread-6 Got 5 confirmations
2025-01-30 14:22:31 INFO: pool-3-thread-6 Downloaded 719 blocks in 2 s, 125 per s, 496 min left
2025-01-30 14:22:41 FINE: pool-3-thread-6 At height 37414 phased transaction 3:c6a398bfb1cde403db8d942161ebf9871260dbcbd7e545d0c6736b85943d97a2 does not yet meet quorum, cannot finish early
2025-01-30 14:22:41 FINE: pool-3-thread-6 Transaction 3:c6a398bfb1cde403db8d942161ebf9871260dbcbd7e545d0c6736b85943d97a2 has been released
2025-01-30 14:22:41 FINE: pool-3-thread-6 Early finish of transaction 3:c6a398bfb1cde403db8d942161ebf9871260dbcbd7e545d0c6736b85943d97a2 at height 37415
2025-01-30 14:22:42 FINE: pool-3-thread-6 At height 37825 phased transaction 3:e6d7d1f7e9e2cc78ae56c9f007a54b5004578bacf7687ff89ba9f4285ba86dcf does not yet meet quorum, cannot finish early
2025-01-30 14:22:42 FINE: pool-3-thread-6 Transaction 3:e6d7d1f7e9e2cc78ae56c9f007a54b5004578bacf7687ff89ba9f4285ba86dcf has been released
2025-01-30 14:22:42 FINE: pool-3-thread-6 Early finish of transaction 3:e6d7d1f7e9e2cc78ae56c9f007a54b5004578bacf7687ff89ba9f4285ba86dcf at height 37826
2025-01-30 14:22:42 FINE: pool-3-thread-6 Transaction 2:afd072706f2c4573d1ed264abb176df7e2d2da68ee5027d2a09ed92a3a43fff8 has been released
2025-01-30 14:22:42 FINE: pool-3-thread-6 Early finish of transaction 2:afd072706f2c4573d1ed264abb176df7e2d2da68ee5027d2a09ed92a3a43fff8 at height 38061
2025-01-30 14:22:43 FINE: pool-3-thread-6 Got 5 confirmations
2025-01-30 14:22:43 INFO: pool-3-thread-6 Downloaded 719 blocks in 11 s, 123 per s, 506 min left
2025-01-30 14:22:45 FINE: pool-3-thread-6 Transaction 2:d2089d296c34df2f612be8c715e93a712a8aba6ff206a1f8a05713eaa7aabc03 has been released
2025-01-30 14:22:45 FINE: pool-3-thread-6 Early finish of transaction 2:d2089d296c34df2f612be8c715e93a712a8aba6ff206a1f8a05713eaa7aabc03 at height 38226
2025-01-30 14:22:45 FINE: pool-3-thread-6 At height 38248 phased transaction 3:09d853eb7930a30f04954d2213a2a7498aa5e260f944136f0217caaa9c3fc97c does not yet meet quorum, cannot finish early
2025-01-30 14:22:45 FINE: pool-3-thread-6 Transaction 3:09d853eb7930a30f04954d2213a2a7498aa5e260f944136f0217caaa9c3fc97c has been released
2025-01-30 14:22:45 FINE: pool-3-thread-6 Early finish of transaction 3:09d853eb7930a30f04954d2213a2a7498aa5e260f944136f0217caaa9c3fc97c at height 38249
2025-01-30 14:22:46 FINE: pool-3-thread-6 At height 38682 phased transaction 3:dbddcfcebe89aca2beed95eb92cd314d33abf5ad94c6e0b6b39fcac303e8090a does not yet meet quorum, cannot finish early
2025-01-30 14:22:46 FINE: pool-3-thread-6 Transaction 3:dbddcfcebe89aca2beed95eb92cd314d33abf5ad94c6e0b6b39fcac303e8090a has been released
2025-01-30 14:22:46 FINE: pool-3-thread-6 Early finish of transaction 3:dbddcfcebe89aca2beed95eb92cd314d33abf5ad94c6e0b6b39fcac303e8090a at height 38683
2025-01-30 14:22:49 FINE: pool-3-thread-6 Got 5 confirmations
2025-01-30 14:22:49 INFO: pool-3-thread-6 Downloaded 719 blocks in 5 s, 123 per s, 506 min left
2025-01-30 14:23:05 FINE: pool-3-thread-6 Transaction 2:31adb94195d58d46df6423a7a31b86d718d99823f4f2f89d42edb85f134acc37 has been released
2025-01-30 14:23:05 FINE: pool-3-thread-6 Early finish of transaction 2:31adb94195d58d46df6423a7a31b86d718d99823f4f2f89d42edb85f134acc37 at height 39454
2025-01-30 14:23:14 FINE: pool-3-thread-6 Got 5 confirmations
2025-01-30 14:23:14 INFO: pool-3-thread-6 Downloaded 719 blocks in 25 s, 116 per s, 536 min left
2025-01-30 14:23:20 FINE: pool-3-thread-6 Transaction 2:72aecae092cf0a5b81977becd7eeddd56615d819edd2b61ab698f0922a7d63f0 has been released
2025-01-30 14:23:20 FINE: pool-3-thread-6 Early finish of transaction 2:72aecae092cf0a5b81977becd7eeddd56615d819edd2b61ab698f0922a7d63f0 at height 39656
2025-01-30 14:23:20 FINE: pool-3-thread-6 At height 39765 phased transaction 3:400aada3c6f600c0867ec60bde78bb1ef2327d2aaa25ef464077b83f9c99293e does not yet meet quorum, cannot finish early
2025-01-30 14:23:20 FINE: pool-3-thread-6 At height 39765 phased transaction 3:9a7a8852a7aa639050d7d1812b2b04f07e881f9aa147326b9d398b5561b50b66 does not yet meet quorum, cannot finish early
2025-01-30 14:23:20 FINE: pool-3-thread-6 Transaction 3:400aada3c6f600c0867ec60bde78bb1ef2327d2aaa25ef464077b83f9c99293e has been released
2025-01-30 14:23:20 FINE: pool-3-thread-6 Early finish of transaction 3:400aada3c6f600c0867ec60bde78bb1ef2327d2aaa25ef464077b83f9c99293e at height 39766
2025-01-30 14:23:20 FINE: pool-3-thread-6 Transaction 3:9a7a8852a7aa639050d7d1812b2b04f07e881f9aa147326b9d398b5561b50b66 has been released
2025-01-30 14:23:20 FINE: pool-3-thread-6 Early finish of transaction 3:9a7a8852a7aa639050d7d1812b2b04f07e881f9aa147326b9d398b5561b50b66 at height 39767
2025-01-30 14:23:20 FINE: pool-3-thread-6 At height 39772 phased transaction 3:f794177d9362e9d046b368d60bb2dca237b0c3cc09e1673d51001833391a396f does not yet meet quorum, cannot finish early
2025-01-30 14:23:20 FINE: pool-3-thread-6 Transaction 3:f794177d9362e9d046b368d60bb2dca237b0c3cc09e1673d51001833391a396f has been released
2025-01-30 14:23:20 FINE: pool-3-thread-6 Early finish of transaction 3:f794177d9362e9d046b368d60bb2dca237b0c3cc09e1673d51001833391a396f at height 39773
2025-01-30 14:23:20 FINE: pool-3-thread-6 At height 39779 phased transaction 3:18c050d2023673038760c143b77507e608cbae2ae6c430f7ab2b83345ec057a8 does not yet meet quorum, cannot finish early
2025-01-30 14:23:20 FINE: pool-3-thread-6 Transaction 3:18c050d2023673038760c143b77507e608cbae2ae6c430f7ab2b83345ec057a8 has been released
2025-01-30 14:23:20 FINE: pool-3-thread-6 Early finish of transaction 3:18c050d2023673038760c143b77507e608cbae2ae6c430f7ab2b83345ec057a8 at height 39780
2025-01-30 14:23:20 FINE: pool-3-thread-6 At height 39781 phased transaction 3:bd41a52d6245ebc130d930941521594c354542f3c3b48a6da6e77ffaebeb6c87 does not yet meet quorum, cannot finish early
2025-01-30 14:23:20 FINE: pool-3-thread-6 Transaction 3:bd41a52d6245ebc130d930941521594c354542f3c3b48a6da6e77ffaebeb6c87 has been released
2025-01-30 14:23:20 FINE: pool-3-thread-6 Early finish of transaction 3:bd41a52d6245ebc130d930941521594c354542f3c3b48a6da6e77ffaebeb6c87 at height 39782
2025-01-30 14:23:20 FINE: pool-3-thread-6 At height 39846 phased transaction 3:26242ff1ae761d231e47382a4619d126e9e7f8538ce9d1be3b0932cbb9b13c09 does not yet meet quorum, cannot finish early
2025-01-30 14:23:20 FINE: pool-3-thread-6 Transaction 3:26242ff1ae761d231e47382a4619d126e9e7f8538ce9d1be3b0932cbb9b13c09 has been released
2025-01-30 14:23:20 FINE: pool-3-thread-6 Early finish of transaction 3:26242ff1ae761d231e47382a4619d126e9e7f8538ce9d1be3b0932cbb9b13c09 at height 39847
2025-01-30 14:23:20 FINE: pool-3-thread-6 Transaction 2:b8e86bb3e9ffed251f839dd57b43ac8ec33043a5e11510c8e9784bfaa5afe139 has been released
2025-01-30 14:23:20 FINE: pool-3-thread-6 Early finish of transaction 2:b8e86bb3e9ffed251f839dd57b43ac8ec33043a5e11510c8e9784bfaa5afe139 at height 39941
2025-01-30 14:23:20 INFO: pool-3-thread-6 received block 40000
2025-01-30 14:23:20 FINE: pool-3-thread-6 At height 40164 phased transaction 3:030a4b3439b431dbf0c0806d51fa48fd75a938a9471f5e2bb91b6cd2ab709101 does not yet meet quorum, cannot finish early
2025-01-30 14:23:20 FINE: pool-3-thread-6 Transaction 3:030a4b3439b431dbf0c0806d51fa48fd75a938a9471f5e2bb91b6cd2ab709101 has been released
2025-01-30 14:23:20 FINE: pool-3-thread-6 Early finish of transaction 3:030a4b3439b431dbf0c0806d51fa48fd75a938a9471f5e2bb91b6cd2ab709101 at height 40165
2025-01-30 14:23:24 FINE: pool-3-thread-6 Got 5 confirmations
2025-01-30 14:23:24 INFO: pool-3-thread-6 Downloaded 719 blocks in 9 s, 115 per s, 542 min left
2025-01-30 14:23:25 FINE: pool-3-thread-6 At height 40304 phased transaction 3:8ac764b8a50ffe4459aacad4c788b6bc9dbc01bf22f4893a902324b6417251cb does not yet meet quorum, cannot finish early
2025-01-30 14:23:25 FINE: pool-3-thread-6 Transaction 3:8ac764b8a50ffe4459aacad4c788b6bc9dbc01bf22f4893a902324b6417251cb has been released
2025-01-30 14:23:25 FINE: pool-3-thread-6 Early finish of transaction 3:8ac764b8a50ffe4459aacad4c788b6bc9dbc01bf22f4893a902324b6417251cb at height 40305
2025-01-30 14:23:25 FINE: pool-3-thread-6 Transaction 3:53014ea695af780aa14c7e3b605bfe512922e944de3ac68e390d64ea2615c0a8 has been released
2025-01-30 14:23:25 FINE: pool-3-thread-6 Early finish of transaction 3:53014ea695af780aa14c7e3b605bfe512922e944de3ac68e390d64ea2615c0a8 at height 40361
2025-01-30 14:23:25 FINE: pool-3-thread-6 Transaction 2:103f6d56b76d69a78a1547cd25cbd816a5153766373723e3027980e1d90b2fca has been released
2025-01-30 14:23:25 FINE: pool-3-thread-6 Early finish of transaction 2:103f6d56b76d69a78a1547cd25cbd816a5153766373723e3027980e1d90b2fca at height 40510
2025-01-30 14:23:25 FINE: pool-3-thread-6 Transaction 2:ce332676d06806e8e70ab478e0d452270b29c63c239222a13cf8b9e8f52ced67 has been released
2025-01-30 14:23:25 FINE: pool-3-thread-6 Early finish of transaction 2:ce332676d06806e8e70ab478e0d452270b29c63c239222a13cf8b9e8f52ced67 at height 40510
2025-01-30 14:23:26 FINE: pool-3-thread-6 Got 5 confirmations
2025-01-30 14:23:26 INFO: pool-3-thread-6 Downloaded 719 blocks in 2 s, 116 per s, 536 min left
2025-01-30 14:23:29 FINE: pool-3-thread-6 Transaction 3:dc492b5329763f742e8e2c92f25a23b75f42af229087a6582aafe91348590c43 has been released
2025-01-30 14:23:29 FINE: pool-3-thread-6 Early finish of transaction 3:dc492b5329763f742e8e2c92f25a23b75f42af229087a6582aafe91348590c43 at height 40993
2025-01-30 14:23:29 FINE: pool-3-thread-6 At height 41365 phased transaction 3:ac45dc3441c150fe21e75dfdbbcf2fed6287394d6ab2c3dbc31208a476bc6882 does not yet meet quorum, cannot finish early
2025-01-30 14:23:29 FINE: pool-3-thread-6 Transaction 3:ac45dc3441c150fe21e75dfdbbcf2fed6287394d6ab2c3dbc31208a476bc6882 has been released
2025-01-30 14:23:29 FINE: pool-3-thread-6 Early finish of transaction 3:ac45dc3441c150fe21e75dfdbbcf2fed6287394d6ab2c3dbc31208a476bc6882 at height 41366
2025-01-30 14:23:29 FINE: pool-3-thread-6 Transaction 3:ac2c619bcaddcd78687cadbce4ccb042a550aab4dcc0fa2e84a97cfda3812f86 has been released
2025-01-30 14:23:29 FINE: pool-3-thread-6 Early finish of transaction 3:ac2c619bcaddcd78687cadbce4ccb042a550aab4dcc0fa2e84a97cfda3812f86 at height 41619
2025-01-30 14:23:31 FINE: pool-3-thread-6 Got 5 confirmations
2025-01-30 14:23:31 INFO: pool-3-thread-6 Downloaded 719 blocks in 4 s, 116 per s, 534 min left
2025-01-30 14:23:33 FINE: pool-3-thread-6 Transaction 2:3ad882dbfca0258bd2794786bb8a30e79d36e9a215777a754d0e93a4d5e14333 has been released
2025-01-30 14:23:33 FINE: pool-3-thread-6 Early finish of transaction 2:3ad882dbfca0258bd2794786bb8a30e79d36e9a215777a754d0e93a4d5e14333 at height 41940
2025-01-30 14:23:34 FINE: pool-3-thread-6 Got 5 confirmations
2025-01-30 14:23:34 INFO: pool-3-thread-6 Downloaded 719 blocks in 3 s, 117 per s, 530 min left
2025-01-30 14:23:49 FINE: pool-3-thread-6 Transaction 3:5c73e47e1273c319b187b6f3698a6413998d09196e88342e08fdec83d5eae8d6 has been released
2025-01-30 14:23:49 FINE: pool-3-thread-6 Early finish of transaction 3:5c73e47e1273c319b187b6f3698a6413998d09196e88342e08fdec83d5eae8d6 at height 42440
2025-01-30 14:23:49 FINE: pool-3-thread-6 Transaction 3:c5f26cbc21ddc084feaf6980383a4afd9fac29d32666e0b7b2ade125adae4c15 has been released
2025-01-30 14:23:49 FINE: pool-3-thread-6 Early finish of transaction 3:c5f26cbc21ddc084feaf6980383a4afd9fac29d32666e0b7b2ade125adae4c15 at height 42449
2025-01-30 14:23:49 FINE: pool-3-thread-6 Transaction 3:8265563781a5348239bab81544922dd069c8b32d9e458621b3b38adbdb51923a has been released
2025-01-30 14:23:49 FINE: pool-3-thread-6 Early finish of transaction 3:8265563781a5348239bab81544922dd069c8b32d9e458621b3b38adbdb51923a at height 42452
2025-01-30 14:23:49 FINE: pool-3-thread-6 Transaction 3:ba24ff7aa264f17f26688b2576f6b3b5d0e8acb0ebb65067a5e4d50f1490d43c has been released
2025-01-30 14:23:49 FINE: pool-3-thread-6 Early finish of transaction 3:ba24ff7aa264f17f26688b2576f6b3b5d0e8acb0ebb65067a5e4d50f1490d43c at height 42453
2025-01-30 14:23:49 FINE: pool-3-thread-6 Transaction 3:4dd32e0a3e458b1ee2bd0c2a8573045d0532d49826c1556bfe4b5512fc10a81b has been released
2025-01-30 14:23:49 FINE: pool-3-thread-6 Early finish of transaction 3:4dd32e0a3e458b1ee2bd0c2a8573045d0532d49826c1556bfe4b5512fc10a81b at height 42598
2025-01-30 14:23:49 FINE: pool-3-thread-6 Transaction 2:7e9ec2dd56a610c94201c1b16c048ba1ca1f39ee9c1cbf5bae981bc615703e78 has been released
2025-01-30 14:23:49 FINE: pool-3-thread-6 Early finish of transaction 2:7e9ec2dd56a610c94201c1b16c048ba1ca1f39ee9c1cbf5bae981bc615703e78 at height 42994
2025-01-30 14:23:49 FINE: pool-3-thread-6 Transaction 3:5aec9b8ccc259c30c395dcdcb36f0aa6965b617ad8a6c999f68c49e8b9bd786c has been released
2025-01-30 14:23:49 FINE: pool-3-thread-6 Early finish of transaction 3:5aec9b8ccc259c30c395dcdcb36f0aa6965b617ad8a6c999f68c49e8b9bd786c at height 43036
2025-01-30 14:23:49 FINE: pool-3-thread-6 Transaction 3:fe0456c3655f73c963cb5863c5af7f703db20ce8fedb5eff3ffdefaa0a285f30 has been released
2025-01-30 14:23:49 FINE: pool-3-thread-6 Early finish of transaction 3:fe0456c3655f73c963cb5863c5af7f703db20ce8fedb5eff3ffdefaa0a285f30 at height 43044
2025-01-30 14:23:49 FINE: pool-3-thread-6 At height 43064 phased transaction 3:312a324a02e22e38830a063fad8610af355a15a00c14585f283f97b31ee24c81 does not yet meet quorum, cannot finish early
2025-01-30 14:23:49 FINE: pool-3-thread-6 Transaction 3:312a324a02e22e38830a063fad8610af355a15a00c14585f283f97b31ee24c81 has been released
2025-01-30 14:23:49 FINE: pool-3-thread-6 Early finish of transaction 3:312a324a02e22e38830a063fad8610af355a15a00c14585f283f97b31ee24c81 at height 43066
2025-01-30 14:23:50 FINE: pool-3-thread-6 At height 43095 phased transaction 3:23d0aebe15855ab4e44f20413704116c8cbbabd025fbe09c8027a0a51c5bdad8 does not yet meet quorum, cannot finish early
2025-01-30 14:23:50 FINE: pool-3-thread-6 Transaction 3:23d0aebe15855ab4e44f20413704116c8cbbabd025fbe09c8027a0a51c5bdad8 has been released
2025-01-30 14:23:50 FINE: pool-3-thread-6 Early finish of transaction 3:23d0aebe15855ab4e44f20413704116c8cbbabd025fbe09c8027a0a51c5bdad8 at height 43099
2025-01-30 14:23:50 FINE: pool-3-thread-6 Got 5 confirmations
2025-01-30 14:23:50 INFO: pool-3-thread-6 Downloaded 719 blocks in 15 s, 114 per s, 543 min left
2025-01-30 14:23:53 FINE: pool-3-thread-6 At height 43311 phased transaction 3:ff8f92d70d4894a6f1746635178d8e10fde2b258162f19351ac14ce8bf7bf62e does not yet meet quorum, cannot finish early
2025-01-30 14:23:53 FINE: pool-3-thread-6 Transaction 3:ff8f92d70d4894a6f1746635178d8e10fde2b258162f19351ac14ce8bf7bf62e has been released
2025-01-30 14:23:53 FINE: pool-3-thread-6 Early finish of transaction 3:ff8f92d70d4894a6f1746635178d8e10fde2b258162f19351ac14ce8bf7bf62e at height 43312
2025-01-30 14:23:54 FINE: pool-3-thread-6 At height 43701 phased transaction 3:b3de8a41aeaae0d10eaa54009bd032c35b4979f0e2312b33ccbb43ae30c6e2b0 does not yet meet quorum, cannot finish early
2025-01-30 14:23:54 FINE: pool-3-thread-6 Transaction 3:b3de8a41aeaae0d10eaa54009bd032c35b4979f0e2312b33ccbb43ae30c6e2b0 has been released
2025-01-30 14:23:54 FINE: pool-3-thread-6 Early finish of transaction 3:b3de8a41aeaae0d10eaa54009bd032c35b4979f0e2312b33ccbb43ae30c6e2b0 at height 43702
2025-01-30 14:23:54 FINE: pool-3-thread-6 Poll 13518522939256433071 has been finished
2025-01-30 14:23:54 FINE: pool-3-thread-6 Transaction 2:c10c3f6df9fce96d8880b71d18fa4c44bd78328f07938b743db0d92c72a1e010 has been released
2025-01-30 14:23:54 FINE: pool-3-thread-6 Early finish of transaction 2:c10c3f6df9fce96d8880b71d18fa4c44bd78328f07938b743db0d92c72a1e010 at height 43756
2025-01-30 14:23:55 FINE: pool-3-thread-6 Got 5 confirmations
2025-01-30 14:23:55 INFO: pool-3-thread-6 Downloaded 719 blocks in 4 s, 115 per s, 541 min left
2025-01-30 14:23:57 FINE: pool-3-thread-6 At height 43957 phased transaction 3:952e27da24d3295aa07954a502dd49664a6a51fb63792df95a556a10f0bddcf3 does not yet meet quorum, cannot finish early
2025-01-30 14:23:57 FINE: pool-3-thread-6 Transaction 3:952e27da24d3295aa07954a502dd49664a6a51fb63792df95a556a10f0bddcf3 has been released
2025-01-30 14:23:57 FINE: pool-3-thread-6 Early finish of transaction 3:952e27da24d3295aa07954a502dd49664a6a51fb63792df95a556a10f0bddcf3 at height 43959
2025-01-30 14:23:57 FINE: pool-3-thread-6 At height 44192 phased transaction 3:bbfc9a597aea44f9a6599ca20529aa5d286357f96dc04444a919d48ed1e00df2 does not yet meet quorum, cannot finish early
2025-01-30 14:23:57 FINE: pool-3-thread-6 Transaction 3:bbfc9a597aea44f9a6599ca20529aa5d286357f96dc04444a919d48ed1e00df2 has been released
2025-01-30 14:23:57 FINE: pool-3-thread-6 Early finish of transaction 3:bbfc9a597aea44f9a6599ca20529aa5d286357f96dc04444a919d48ed1e00df2 at height 44193
2025-01-30 14:23:58 FINE: pool-3-thread-6 Registration never completed for shuffling 2434618035905206138
2025-01-30 14:23:58 FINE: pool-3-thread-6 Shuffling 2434618035905206138 entered stage CANCELLED, assignee ARDOR-2222-2222-2222-22222, remaining blocks 0
2025-01-30 14:23:58 FINE: pool-3-thread-6 Shuffling 2434618035905206138 was cancelled, blaming account ARDOR-2222-2222-2222-22222
2025-01-30 14:23:59 FINE: pool-3-thread-6 Got 5 confirmations
2025-01-30 14:23:59 INFO: pool-3-thread-6 Downloaded 719 blocks in 4 s, 115 per s, 539 min left
2025-01-30 14:24:01 FINE: pool-3-thread-6 Poll 11090452872114173072 has been finished
2025-01-30 14:24:02 INFO: pool-3-thread-6 received block 45000
2025-01-30 14:24:02 FINE: pool-3-thread-6 Transaction 2:c89eb02bdb580877f1240bef811f6f96616acb9f4f3be473707f6d718c3485b3 has been rejected
2025-01-30 14:24:03 FINE: pool-3-thread-6 Got 5 confirmations
2025-01-30 14:24:03 INFO: pool-3-thread-6 Downloaded 719 blocks in 3 s, 116 per s, 535 min left
2025-01-30 14:24:17 FINE: pool-3-thread-6 At height 45895 phased transaction 3:b181d0fe748480b3e5632700084d0f2353389e1d392c8365e57d0342a93591b9 does not yet meet quorum, cannot finish early
2025-01-30 14:24:17 FINE: pool-3-thread-6 At height 45895 phased transaction 3:1540cedccc28f069825dc962e8396e8b6fd11958ae6c707e4e2c6f25d4522c51 does not yet meet quorum, cannot finish early
2025-01-30 14:24:17 FINE: pool-3-thread-6 Transaction 3:b181d0fe748480b3e5632700084d0f2353389e1d392c8365e57d0342a93591b9 has been released
2025-01-30 14:24:17 FINE: pool-3-thread-6 Early finish of transaction 3:b181d0fe748480b3e5632700084d0f2353389e1d392c8365e57d0342a93591b9 at height 45896
2025-01-30 14:24:17 FINE: pool-3-thread-6 Transaction 3:1540cedccc28f069825dc962e8396e8b6fd11958ae6c707e4e2c6f25d4522c51 has been released
2025-01-30 14:24:17 FINE: pool-3-thread-6 Early finish of transaction 3:1540cedccc28f069825dc962e8396e8b6fd11958ae6c707e4e2c6f25d4522c51 at height 45896
2025-01-30 14:24:17 FINE: pool-3-thread-6 At height 45897 phased transaction 3:fbf6afda31aa01f20920a6b155fc56be1bb5305de73f888945991fb77e7dc4f5 does not yet meet quorum, cannot finish early
2025-01-30 14:24:17 FINE: pool-3-thread-6 Transaction 3:fbf6afda31aa01f20920a6b155fc56be1bb5305de73f888945991fb77e7dc4f5 has been released
2025-01-30 14:24:17 FINE: pool-3-thread-6 Early finish of transaction 3:fbf6afda31aa01f20920a6b155fc56be1bb5305de73f888945991fb77e7dc4f5 at height 45898
2025-01-30 14:24:17 FINE: pool-3-thread-6 At height 45899 phased transaction 3:3787511fbcda4f057447721c466b4f767a4131e4541d8e76a8a61ef3c3a48c86 does not yet meet quorum, cannot finish early
2025-01-30 14:24:17 FINE: pool-3-thread-6 Transaction 3:3787511fbcda4f057447721c466b4f767a4131e4541d8e76a8a61ef3c3a48c86 has been released
2025-01-30 14:24:17 FINE: pool-3-thread-6 Early finish of transaction 3:3787511fbcda4f057447721c466b4f767a4131e4541d8e76a8a61ef3c3a48c86 at height 45900
2025-01-30 14:24:17 FINE: pool-3-thread-6 At height 45900 phased transaction 3:6cd7042fabd25709cb60a60970f364775dc34f5a52958747b1b3e7ac1a0fb3a7 does not yet meet quorum, cannot finish early
2025-01-30 14:24:17 FINE: pool-3-thread-6 Transaction 3:6cd7042fabd25709cb60a60970f364775dc34f5a52958747b1b3e7ac1a0fb3a7 has been released
2025-01-30 14:24:17 FINE: pool-3-thread-6 Early finish of transaction 3:6cd7042fabd25709cb60a60970f364775dc34f5a52958747b1b3e7ac1a0fb3a7 at height 45901
2025-01-30 14:24:17 FINE: pool-3-thread-6 At height 45901 phased transaction 3:db00b91a8bb73c3a9066b8e0e031b8c28769ade02eb8d66036ded758e0c87559 does not yet meet quorum, cannot finish early
2025-01-30 14:24:17 FINE: pool-3-thread-6 Transaction 3:db00b91a8bb73c3a9066b8e0e031b8c28769ade02eb8d66036ded758e0c87559 has been released
2025-01-30 14:24:17 FINE: pool-3-thread-6 Early finish of transaction 3:db00b91a8bb73c3a9066b8e0e031b8c28769ade02eb8d66036ded758e0c87559 at height 45902
2025-01-30 14:24:18 FINE: pool-3-thread-6 At height 45905 phased transaction 3:5e914ce3920e0e134ee4eb50d733c205c92f6074fae3f3ca863c24650a41ab44 does not yet meet quorum, cannot finish early
2025-01-30 14:24:18 FINE: pool-3-thread-6 Transaction 3:5e914ce3920e0e134ee4eb50d733c205c92f6074fae3f3ca863c24650a41ab44 has been released
2025-01-30 14:24:18 FINE: pool-3-thread-6 Early finish of transaction 3:5e914ce3920e0e134ee4eb50d733c205c92f6074fae3f3ca863c24650a41ab44 at height 45906
2025-01-30 14:24:18 FINE: pool-3-thread-6 Transaction 3:98e9c7439255d86cf85ea3d847a037a93d14fc6e03785f9433b2b0e6f97c6245 has been released
2025-01-30 14:24:18 FINE: pool-3-thread-6 Early finish of transaction 3:98e9c7439255d86cf85ea3d847a037a93d14fc6e03785f9433b2b0e6f97c6245 at height 45918
2025-01-30 14:24:18 FINE: pool-3-thread-6 At height 45931 phased transaction 3:711c992f260227fad39a9e1f80b5a58637bb28db05c7b2ad46cee91f00510497 does not yet meet quorum, cannot finish early
2025-01-30 14:24:18 FINE: pool-3-thread-6 Transaction 3:711c992f260227fad39a9e1f80b5a58637bb28db05c7b2ad46cee91f00510497 has been released
2025-01-30 14:24:18 FINE: pool-3-thread-6 Early finish of transaction 3:711c992f260227fad39a9e1f80b5a58637bb28db05c7b2ad46cee91f00510497 at height 45932
2025-01-30 14:24:18 FINE: pool-3-thread-6 At height 45932 phased transaction 3:1bb579c6b490f5878f01a7169e1050f41dd3a3f61fd2a47588c91be39d19a048 does not yet meet quorum, cannot finish early
2025-01-30 14:24:18 FINE: pool-3-thread-6 Transaction 3:1bb579c6b490f5878f01a7169e1050f41dd3a3f61fd2a47588c91be39d19a048 has been released
2025-01-30 14:24:18 FINE: pool-3-thread-6 Early finish of transaction 3:1bb579c6b490f5878f01a7169e1050f41dd3a3f61fd2a47588c91be39d19a048 at height 45933
2025-01-30 14:24:18 FINE: pool-3-thread-6 Transaction 3:3cc20561f394ca5000c1d462eb026323cecdf5e6811d89b21b3efbb02df04d6d has been released
2025-01-30 14:24:18 FINE: pool-3-thread-6 Early finish of transaction 3:3cc20561f394ca5000c1d462eb026323cecdf5e6811d89b21b3efbb02df04d6d at height 45933
2025-01-30 14:24:18 FINE: pool-3-thread-6 Transaction 3:236a4c6fdef4ddb4b1a12810da3ddf83a7b5926a89179e53da2295b118633029 has been released
2025-01-30 14:24:18 FINE: pool-3-thread-6 Early finish of transaction 3:236a4c6fdef4ddb4b1a12810da3ddf83a7b5926a89179e53da2295b118633029 at height 45935
2025-01-30 14:24:18 FINE: pool-3-thread-6 Transaction 3:a5c9004809f09842cb2ef095388c1f4b8e9150e5320190d9f59daab80569a4aa has been released
2025-01-30 14:24:18 FINE: pool-3-thread-6 Early finish of transaction 3:a5c9004809f09842cb2ef095388c1f4b8e9150e5320190d9f59daab80569a4aa at height 45936
2025-01-30 14:24:18 FINE: pool-3-thread-6 Transaction 3:f89dbc47a21126e8ac15fe6c1e5568f3df7255cdfc4ac39fdabf95303ad8e46d has been released
2025-01-30 14:24:18 FINE: pool-3-thread-6 Early finish of transaction 3:f89dbc47a21126e8ac15fe6c1e5568f3df7255cdfc4ac39fdabf95303ad8e46d at height 45937
2025-01-30 14:24:18 FINE: pool-3-thread-6 Transaction 3:aaa60aa3a6abd484d7d42badc071c4c607459edfa070907bc7a7b19fce373bbc has been released
2025-01-30 14:24:18 FINE: pool-3-thread-6 Early finish of transaction 3:aaa60aa3a6abd484d7d42badc071c4c607459edfa070907bc7a7b19fce373bbc at height 45937
2025-01-30 14:24:18 FINE: pool-3-thread-6 Transaction 3:24665752c7e6e54f8a91f5ae75a8ccca7601912acd92638701f9be9601a72995 has been released
2025-01-30 14:24:18 FINE: pool-3-thread-6 Early finish of transaction 3:24665752c7e6e54f8a91f5ae75a8ccca7601912acd92638701f9be9601a72995 at height 45939
2025-01-30 14:24:18 FINE: pool-3-thread-6 Transaction 3:1efb60cb57efbb3ef8be2721278e3483481c72c197b5e93b9a4179f8d29b61d4 has been released
2025-01-30 14:24:18 FINE: pool-3-thread-6 Early finish of transaction 3:1efb60cb57efbb3ef8be2721278e3483481c72c197b5e93b9a4179f8d29b61d4 at height 45939
2025-01-30 14:24:18 FINE: pool-3-thread-6 At height 45940 phased transaction 3:7f632f105c98148b811484cc43fd56cad77a21a5b20ea42e112fb28fb730ca0c does not yet meet quorum, cannot finish early
2025-01-30 14:24:18 FINE: pool-3-thread-6 Transaction 3:7f632f105c98148b811484cc43fd56cad77a21a5b20ea42e112fb28fb730ca0c has been released
2025-01-30 14:24:18 FINE: pool-3-thread-6 Early finish of transaction 3:7f632f105c98148b811484cc43fd56cad77a21a5b20ea42e112fb28fb730ca0c at height 45941
2025-01-30 14:24:18 FINE: pool-3-thread-6 At height 45941 phased transaction 3:846e319259fb29b1be0ff3d25f5fb0b251b2b71421d55f5f3cfb666dff7e0858 does not yet meet quorum, cannot finish early
2025-01-30 14:24:18 FINE: pool-3-thread-6 Transaction 3:846e319259fb29b1be0ff3d25f5fb0b251b2b71421d55f5f3cfb666dff7e0858 has been released
2025-01-30 14:24:18 FINE: pool-3-thread-6 Early finish of transaction 3:846e319259fb29b1be0ff3d25f5fb0b251b2b71421d55f5f3cfb666dff7e0858 at height 45942
2025-01-30 14:24:18 FINE: pool-3-thread-6 At height 45942 phased transaction 3:14a786cb7c6f26724e7c41500eb438c89635b07085043737010781a531b0c713 does not yet meet quorum, cannot finish early
2025-01-30 14:24:18 FINE: pool-3-thread-6 Transaction 3:d4daf3a2fb7bc76da6b5391a28c94e962b5717efbb2272f77962b8bea4776195 has been released
2025-01-30 14:24:18 FINE: pool-3-thread-6 Early finish of transaction 3:d4daf3a2fb7bc76da6b5391a28c94e962b5717efbb2272f77962b8bea4776195 at height 45942
2025-01-30 14:24:18 FINE: pool-3-thread-6 At height 45943 phased transaction 3:e2ddad6fe1224b694d9218e60d0c728263f1fafb0faf0165dd5a1ff280bfd233 does not yet meet quorum, cannot finish early
2025-01-30 14:24:18 FINE: pool-3-thread-6 Transaction 3:e2ddad6fe1224b694d9218e60d0c728263f1fafb0faf0165dd5a1ff280bfd233 has been released
2025-01-30 14:24:18 FINE: pool-3-thread-6 Early finish of transaction 3:e2ddad6fe1224b694d9218e60d0c728263f1fafb0faf0165dd5a1ff280bfd233 at height 45944
2025-01-30 14:24:18 FINE: pool-3-thread-6 Transaction 3:14a786cb7c6f26724e7c41500eb438c89635b07085043737010781a531b0c713 has been released
2025-01-30 14:24:18 FINE: pool-3-thread-6 Early finish of transaction 3:14a786cb7c6f26724e7c41500eb438c89635b07085043737010781a531b0c713 at height 45947
2025-01-30 14:24:18 FINE: pool-3-thread-6 Got 5 confirmations
2025-01-30 14:24:18 INFO: pool-3-thread-6 Downloaded 719 blocks in 15 s, 113 per s, 547 min left
2025-01-30 14:24:22 FINE: pool-3-thread-6 Got 5 confirmations
2025-01-30 14:24:22 INFO: pool-3-thread-6 Downloaded 719 blocks in 3 s, 114 per s, 543 min left
2025-01-30 14:24:23 FINE: pool-3-thread-6 Transaction 2:672cafebfa10f1b76eb5f5d061fdfcfab949768c7e04c080eb4dc6fe40c5b12d has been released
2025-01-30 14:24:23 FINE: pool-3-thread-6 Early finish of transaction 2:672cafebfa10f1b76eb5f5d061fdfcfab949768c7e04c080eb4dc6fe40c5b12d at height 46859
2025-01-30 14:24:24 FINE: pool-3-thread-6 At height 47336 phased transaction 3:2e287c03af90b85295944724cc33e8f17299def1f9d0e06ed2e77f5b543f357f does not yet meet quorum, cannot finish early
2025-01-30 14:24:24 FINE: pool-3-thread-6 Transaction 3:2e287c03af90b85295944724cc33e8f17299def1f9d0e06ed2e77f5b543f357f has been released
2025-01-30 14:24:24 FINE: pool-3-thread-6 Early finish of transaction 3:2e287c03af90b85295944724cc33e8f17299def1f9d0e06ed2e77f5b543f357f at height 47337
2025-01-30 14:24:24 FINE: pool-3-thread-6 Transaction 2:7d271bfe9dec2d67b733e0b27d9999c8875b4739f91cc7e5507a8582eba82907 has been released
2025-01-30 14:24:24 FINE: pool-3-thread-6 Early finish of transaction 2:7d271bfe9dec2d67b733e0b27d9999c8875b4739f91cc7e5507a8582eba82907 at height 47403
2025-01-30 14:24:25 FINE: pool-3-thread-6 Got 5 confirmations
2025-01-30 14:24:25 INFO: pool-3-thread-6 Downloaded 719 blocks in 3 s, 115 per s, 539 min left
2025-01-30 14:24:28 FINE: pool-3-thread-6 Got 5 confirmations
2025-01-30 14:24:28 INFO: pool-3-thread-6 Downloaded 719 blocks in 3 s, 116 per s, 535 min left
2025-01-30 14:24:32 FINE: pool-3-thread-6 Transaction 2:f6520620d5d06b8590fa8660800c25cf0e571ebcb796b069b32a62e545185d81 has been released
2025-01-30 14:24:32 FINE: pool-3-thread-6 Early finish of transaction 2:f6520620d5d06b8590fa8660800c25cf0e571ebcb796b069b32a62e545185d81 at height 48797
2025-01-30 14:24:33 FINE: pool-3-thread-6 Transaction 2:5794e5c824bb1e81327fb5d4f5f59cbbe7b08777b72a949faa4cc9d61a234abc has been released
2025-01-30 14:24:33 FINE: pool-3-thread-6 Early finish of transaction 2:5794e5c824bb1e81327fb5d4f5f59cbbe7b08777b72a949faa4cc9d61a234abc at height 48891
2025-01-30 14:24:33 FINE: pool-3-thread-6 Got 5 confirmations
2025-01-30 14:24:33 INFO: pool-3-thread-6 Downloaded 719 blocks in 5 s, 116 per s, 534 min left
2025-01-30 14:24:35 FINE: pool-3-thread-6 Transaction 2:c7dd722e1f0b5b14016e45bc08410418145bb98e643aac819c51cd6c717c526e has been released
2025-01-30 14:24:35 FINE: pool-3-thread-6 Early finish of transaction 2:c7dd722e1f0b5b14016e45bc08410418145bb98e643aac819c51cd6c717c526e at height 49167
2025-01-30 14:24:36 FINE: pool-3-thread-6 Got 5 confirmations
2025-01-30 14:24:36 INFO: pool-3-thread-6 Downloaded 719 blocks in 2 s, 117 per s, 530 min left
2025-01-30 14:24:37 FINE: pool-3-thread-6 Registration never completed for shuffling 11617222614052191083
2025-01-30 14:24:37 FINE: pool-3-thread-6 Shuffling 11617222614052191083 entered stage CANCELLED, assignee ARDOR-2222-2222-2222-22222, remaining blocks 0
2025-01-30 14:24:37 FINE: pool-3-thread-6 Shuffling 11617222614052191083 was cancelled, blaming account ARDOR-2222-2222-2222-22222
2025-01-30 14:24:37 FINE: pool-3-thread-6 Transaction 2:f4aeff1a7c0ad828803effd1115507a18782734ca6898f407f928baf61a91d9f has been released
2025-01-30 14:24:37 FINE: pool-3-thread-6 Early finish of transaction 2:f4aeff1a7c0ad828803effd1115507a18782734ca6898f407f928baf61a91d9f at height 49680
2025-01-30 14:24:38 INFO: pool-3-thread-6 received block 50000
2025-01-30 14:24:38 FINE: pool-3-thread-6 At height 50243 phased transaction 3:d33985ba36fa26ada6a436442caa7cb8a45f951098247e74e97925bacde50adf does not yet meet quorum, cannot finish early
2025-01-30 14:24:38 FINE: pool-3-thread-6 Transaction 3:d33985ba36fa26ada6a436442caa7cb8a45f951098247e74e97925bacde50adf has been released
2025-01-30 14:24:38 FINE: pool-3-thread-6 Early finish of transaction 3:d33985ba36fa26ada6a436442caa7cb8a45f951098247e74e97925bacde50adf at height 50244
2025-01-30 14:24:39 FINE: pool-3-thread-6 Got 5 confirmations
2025-01-30 14:24:39 INFO: pool-3-thread-6 Downloaded 719 blocks in 2 s, 118 per s, 525 min left
2025-01-30 14:24:43 FINE: pool-3-thread-6 Poll 7046711195309585167 has been finished
2025-01-30 14:24:44 FINE: pool-3-thread-6 Got 5 confirmations
2025-01-30 14:24:44 INFO: pool-3-thread-6 Downloaded 719 blocks in 5 s, 118 per s, 524 min left
2025-01-30 14:24:45 FINE: pool-3-thread-6 Transaction 3:bc875bfbcabe9df6d1cccec14e5475a69c5e6731d8165513babe8fdf2657db71 has been released
2025-01-30 14:24:45 FINE: pool-3-thread-6 Early finish of transaction 3:bc875bfbcabe9df6d1cccec14e5475a69c5e6731d8165513babe8fdf2657db71 at height 51577
2025-01-30 14:24:45 FINE: pool-3-thread-6 Transaction 3:d96d6aa92e28bc02ada81981cbdf4ca68eb7dfc756bfe73ac1621fbef53ee480 has been released
2025-01-30 14:24:45 FINE: pool-3-thread-6 Early finish of transaction 3:d96d6aa92e28bc02ada81981cbdf4ca68eb7dfc756bfe73ac1621fbef53ee480 at height 51580
2025-01-30 14:24:46 FINE: pool-3-thread-6 Got 5 confirmations
2025-01-30 14:24:46 INFO: pool-3-thread-6 Downloaded 719 blocks in 2 s, 119 per s, 519 min left
2025-01-30 14:24:49 FINE: pool-3-thread-6 Got 5 confirmations
2025-01-30 14:24:49 INFO: pool-3-thread-6 Downloaded 719 blocks in 2 s, 120 per s, 515 min left
2025-01-30 14:24:51 FINE: pool-3-thread-6 At height 52626 phased transaction 3:49055ed3dc7590f100820b2b72258157643f89f4d84fcdf2abc5a89ec84eb1d0 does not yet meet quorum, cannot finish early
2025-01-30 14:24:51 FINE: pool-3-thread-6 Transaction 3:49055ed3dc7590f100820b2b72258157643f89f4d84fcdf2abc5a89ec84eb1d0 has been released
2025-01-30 14:24:51 FINE: pool-3-thread-6 Early finish of transaction 3:49055ed3dc7590f100820b2b72258157643f89f4d84fcdf2abc5a89ec84eb1d0 at height 52628
2025-01-30 14:24:51 FINE: pool-3-thread-6 At height 52871 phased transaction 3:f632a8a21be09909c71fe0252a8ce8d1bdc8749dad24a727ed721a3922e0e1f3 does not yet meet quorum, cannot finish early
2025-01-30 14:24:51 FINE: pool-3-thread-6 Transaction 3:f632a8a21be09909c71fe0252a8ce8d1bdc8749dad24a727ed721a3922e0e1f3 has been released
2025-01-30 14:24:51 FINE: pool-3-thread-6 Early finish of transaction 3:f632a8a21be09909c71fe0252a8ce8d1bdc8749dad24a727ed721a3922e0e1f3 at height 52872
2025-01-30 14:24:51 FINE: pool-3-thread-6 At height 52878 phased transaction 3:a6d1a447d452a18bae9e6a3e53eeac8131b9cca2083f142d1d1f7c2abebe1180 does not yet meet quorum, cannot finish early
2025-01-30 14:24:51 FINE: pool-3-thread-6 Transaction 3:a6d1a447d452a18bae9e6a3e53eeac8131b9cca2083f142d1d1f7c2abebe1180 has been released
2025-01-30 14:24:51 FINE: pool-3-thread-6 Early finish of transaction 3:a6d1a447d452a18bae9e6a3e53eeac8131b9cca2083f142d1d1f7c2abebe1180 at height 52879
2025-01-30 14:24:51 FINE: pool-3-thread-6 At height 52884 phased transaction 3:ce4c5d41301a5a565292f14050b5ef47147672ed2552388307a5a125fe629dfb does not yet meet quorum, cannot finish early
2025-01-30 14:24:51 FINE: pool-3-thread-6 Transaction 3:ce4c5d41301a5a565292f14050b5ef47147672ed2552388307a5a125fe629dfb has been released
2025-01-30 14:24:51 FINE: pool-3-thread-6 Early finish of transaction 3:ce4c5d41301a5a565292f14050b5ef47147672ed2552388307a5a125fe629dfb at height 52885
2025-01-30 14:24:52 FINE: pool-3-thread-6 Got 5 confirmations
2025-01-30 14:24:52 INFO: pool-3-thread-6 Downloaded 719 blocks in 3 s, 121 per s, 512 min left
2025-01-30 14:24:54 FINE: pool-3-thread-6 Transaction 2:40d94f07678b84d4f8502088912e9a637771e6bca175005b811e1971372fadd9 has been released
2025-01-30 14:24:54 FINE: pool-3-thread-6 Early finish of transaction 2:40d94f07678b84d4f8502088912e9a637771e6bca175005b811e1971372fadd9 at height 53799
2025-01-30 14:24:54 FINE: pool-3-thread-6 Transaction 2:e2f539a1a22982a6d8c27d9d5a04b3375ee432568d98dd07c321a6add48b9d45 has been released
2025-01-30 14:24:54 FINE: pool-3-thread-6 Early finish of transaction 2:e2f539a1a22982a6d8c27d9d5a04b3375ee432568d98dd07c321a6add48b9d45 at height 53810
2025-01-30 14:24:55 FINE: pool-3-thread-6 Got 5 confirmations
2025-01-30 14:24:55 INFO: pool-3-thread-6 Downloaded 719 blocks in 2 s, 122 per s, 508 min left
2025-01-30 14:24:59 FINE: pool-3-thread-6 Got 5 confirmations
2025-01-30 14:24:59 INFO: pool-3-thread-6 Downloaded 719 blocks in 4 s, 122 per s, 506 min left
2025-01-30 14:25:00 FINE: pool-3-thread-6 Poll 12121250237450772440 has been finished
2025-01-30 14:25:01 INFO: pool-3-thread-6 received block 55000
2025-01-30 14:25:01 FINE: pool-3-thread-6 Transaction 2:810f0679ecbb7555c91b702a5d8fcf17eafe0886feddea7e721d1ac6340fee28 has been released
2025-01-30 14:25:01 FINE: pool-3-thread-6 Early finish of transaction 2:810f0679ecbb7555c91b702a5d8fcf17eafe0886feddea7e721d1ac6340fee28 at height 55353
2025-01-30 14:25:02 FINE: pool-3-thread-6 Got 5 confirmations
2025-01-30 14:25:02 INFO: pool-3-thread-6 Downloaded 719 blocks in 2 s, 123 per s, 502 min left
2025-01-30 14:25:07 FINE: pool-3-thread-6 Got 5 confirmations
2025-01-30 14:25:07 INFO: pool-3-thread-6 Downloaded 719 blocks in 5 s, 123 per s, 502 min left
2025-01-30 14:25:10 FINE: pool-3-thread-6 Got 5 confirmations
2025-01-30 14:25:10 INFO: pool-3-thread-6 Downloaded 719 blocks in 2 s, 124 per s, 499 min left
2025-01-30 14:25:11 FINE: pool-3-thread-6 At height 56948 phased transaction 3:3c5e3dccf31946c275d1a615ad1e577bcce9482b429935bad3ac13c319ea1f48 does not yet meet quorum, cannot finish early
2025-01-30 14:25:11 FINE: pool-3-thread-6 Transaction 3:3c5e3dccf31946c275d1a615ad1e577bcce9482b429935bad3ac13c319ea1f48 has been released
2025-01-30 14:25:11 FINE: pool-3-thread-6 Early finish of transaction 3:3c5e3dccf31946c275d1a615ad1e577bcce9482b429935bad3ac13c319ea1f48 at height 56949
2025-01-30 14:25:11 FINE: pool-3-thread-6 At height 56952 phased transaction 3:2ef8e8cb63068a5ec3c331958b7ccefce33a3e7fa4c572929fa708903e76fbfe does not yet meet quorum, cannot finish early
2025-01-30 14:25:11 FINE: pool-3-thread-6 Transaction 3:fc9e6ebf2ab962f19d766bc01b8c650be1fa38408bbf7a59170a5c2607d0a5a1 has been released
2025-01-30 14:25:11 FINE: pool-3-thread-6 Early finish of transaction 3:fc9e6ebf2ab962f19d766bc01b8c650be1fa38408bbf7a59170a5c2607d0a5a1 at height 56955
2025-01-30 14:25:11 FINE: pool-3-thread-6 Transaction 3:2ef8e8cb63068a5ec3c331958b7ccefce33a3e7fa4c572929fa708903e76fbfe has been released
2025-01-30 14:25:11 FINE: pool-3-thread-6 Early finish of transaction 3:2ef8e8cb63068a5ec3c331958b7ccefce33a3e7fa4c572929fa708903e76fbfe at height 56955
2025-01-30 14:25:11 FINE: pool-3-thread-6 Transaction 3:fd87d939c87c2eda6cfeb1ad41483a2f4b313c052e01b648b0784319475f9123 has been released
2025-01-30 14:25:11 FINE: pool-3-thread-6 Early finish of transaction 3:fd87d939c87c2eda6cfeb1ad41483a2f4b313c052e01b648b0784319475f9123 at height 56955
2025-01-30 14:25:11 FINE: pool-3-thread-6 Transaction 3:66a4524be116eab3650dc069ea7164b2d376f5b25355b9ae1be5c756a1ae3f4f has been released
2025-01-30 14:25:11 FINE: pool-3-thread-6 Early finish of transaction 3:66a4524be116eab3650dc069ea7164b2d376f5b25355b9ae1be5c756a1ae3f4f at height 56959
2025-01-30 14:25:12 FINE: pool-3-thread-6 Transaction 3:db52b98f199177bb7e55de49f198f202933806048fd27b16280b181ef7857ed7 has been released
2025-01-30 14:25:12 FINE: pool-3-thread-6 Early finish of transaction 3:db52b98f199177bb7e55de49f198f202933806048fd27b16280b181ef7857ed7 at height 57069
2025-01-30 14:25:14 FINE: pool-3-thread-6 Got 5 confirmations
2025-01-30 14:25:14 INFO: pool-3-thread-6 Downloaded 719 blocks in 3 s, 125 per s, 496 min left
2025-01-30 14:25:17 FINE: pool-3-thread-6 Got 5 confirmations
2025-01-30 14:25:17 INFO: pool-3-thread-6 Downloaded 719 blocks in 3 s, 125 per s, 493 min left
2025-01-30 14:25:18 FINE: pool-3-thread-6 Transaction 2:c3fe84139d4860b8bdea8bd590b02f65efc502713094ca047f639c654e9168dc has been released
2025-01-30 14:25:18 FINE: pool-3-thread-6 Early finish of transaction 2:c3fe84139d4860b8bdea8bd590b02f65efc502713094ca047f639c654e9168dc at height 58442
2025-01-30 14:25:18 FINE: pool-3-thread-6 Transaction 3:4a9c568be3a1dd4431f490ac89f802f5124438832853957236fdc4a30eaa6bb7 has been released
2025-01-30 14:25:18 FINE: pool-3-thread-6 Early finish of transaction 3:4a9c568be3a1dd4431f490ac89f802f5124438832853957236fdc4a30eaa6bb7 at height 58447
2025-01-30 14:25:18 FINE: pool-3-thread-6 Transaction 3:ee629f551c65f2a8151ddda36d5e08a809d09e1a41b6fabc2921491fe9c68909 has been released
2025-01-30 14:25:18 FINE: pool-3-thread-6 Early finish of transaction 3:ee629f551c65f2a8151ddda36d5e08a809d09e1a41b6fabc2921491fe9c68909 at height 58753
2025-01-30 14:25:19 FINE: pool-3-thread-6 Got 5 confirmations
2025-01-30 14:25:19 INFO: pool-3-thread-6 Downloaded 719 blocks in 2 s, 126 per s, 490 min left
2025-01-30 14:25:22 FINE: pool-3-thread-6 Got 5 confirmations
2025-01-30 14:25:22 INFO: pool-3-thread-6 Downloaded 719 blocks in 2 s, 127 per s, 486 min left
2025-01-30 14:25:24 INFO: pool-3-thread-6 received block 60000
2025-01-30 14:25:27 FINE: pool-3-thread-6 Got 5 confirmations
2025-01-30 14:25:27 INFO: pool-3-thread-6 Downloaded 719 blocks in 5 s, 127 per s, 486 min left
2025-01-30 14:25:41 FINE: pool-3-thread-6 Got 5 confirmations
2025-01-30 14:25:41 INFO: pool-3-thread-6 Downloaded 719 blocks in 14 s, 125 per s, 494 min left
2025-01-30 14:25:49 FINE: pool-3-thread-6 Transaction 2:b41da9e9a8a22f21f43f1211c909ed8482ab15dd91eeac1c44931d2181bec57e has been released
2025-01-30 14:25:49 FINE: pool-3-thread-6 Early finish of transaction 2:b41da9e9a8a22f21f43f1211c909ed8482ab15dd91eeac1c44931d2181bec57e at height 61388
2025-01-30 14:25:56 FINE: pool-3-thread-6 Got 5 confirmations
2025-01-30 14:25:56 INFO: pool-3-thread-6 Downloaded 719 blocks in 15 s, 123 per s, 504 min left
2025-01-30 14:25:59 FINE: pool-3-thread-6 Registration never completed for shuffling 10085407780053312549
2025-01-30 14:25:59 FINE: pool-3-thread-6 Shuffling 10085407780053312549 entered stage CANCELLED, assignee ARDOR-2222-2222-2222-22222, remaining blocks 0
2025-01-30 14:25:59 FINE: pool-3-thread-6 Shuffling 10085407780053312549 was cancelled, blaming account ARDOR-2222-2222-2222-22222
2025-01-30 14:25:59 FINE: pool-3-thread-6 Got 5 confirmations
2025-01-30 14:25:59 INFO: pool-3-thread-6 Downloaded 719 blocks in 2 s, 123 per s, 501 min left
2025-01-30 14:26:02 FINE: pool-3-thread-6 Got 5 confirmations
2025-01-30 14:26:02 INFO: pool-3-thread-6 Downloaded 719 blocks in 2 s, 124 per s, 498 min left
2025-01-30 14:26:11 FINE: pool-3-thread-6 Transaction 2:83d5c008d8e15eac3ebc51acd3333e4b473a1b1ce866ecbc91cd8eb82128de3c has been released
2025-01-30 14:26:11 FINE: pool-3-thread-6 Early finish of transaction 2:83d5c008d8e15eac3ebc51acd3333e4b473a1b1ce866ecbc91cd8eb82128de3c at height 63980
2025-01-30 14:26:11 FINE: pool-3-thread-6 Transaction 2:dc0fe026ab2ab0cf2ca5b7440bb804f25f22d6490669b370aea398d7de4570d6 has been released
2025-01-30 14:26:11 FINE: pool-3-thread-6 Early finish of transaction 2:dc0fe026ab2ab0cf2ca5b7440bb804f25f22d6490669b370aea398d7de4570d6 at height 63984
2025-01-30 14:26:12 FINE: pool-3-thread-6 Got 5 confirmations
2025-01-30 14:26:12 INFO: pool-3-thread-6 Downloaded 719 blocks in 9 s, 123 per s, 502 min left
2025-01-30 14:26:13 FINE: pool-3-thread-6 Transaction 2:bf7f819e64a2c13aa0104543ea66800471ec41e2fa63d5fab4dce0a721e82e4a has been released
2025-01-30 14:26:13 FINE: pool-3-thread-6 Early finish of transaction 2:bf7f819e64a2c13aa0104543ea66800471ec41e2fa63d5fab4dce0a721e82e4a at height 64158
2025-01-30 14:26:16 FINE: pool-3-thread-6 Got 5 confirmations
2025-01-30 14:26:16 INFO: pool-3-thread-6 Downloaded 719 blocks in 4 s, 124 per s, 500 min left
2025-01-30 14:26:18 INFO: pool-3-thread-6 received block 65000
2025-01-30 14:26:19 FINE: pool-3-thread-6 Got 5 confirmations
2025-01-30 14:26:19 INFO: pool-3-thread-6 Downloaded 719 blocks in 3 s, 124 per s, 498 min left
2025-01-30 14:26:23 FINE: pool-3-thread-6 Got 5 confirmations
2025-01-30 14:26:23 INFO: pool-3-thread-6 Downloaded 719 blocks in 3 s, 125 per s, 495 min left
2025-01-30 14:26:27 FINE: pool-3-thread-6 Got 5 confirmations
2025-01-30 14:26:27 INFO: pool-3-thread-6 Downloaded 719 blocks in 3 s, 125 per s, 493 min left
2025-01-30 14:26:31 FINE: pool-3-thread-6 Got 5 confirmations
2025-01-30 14:26:31 INFO: pool-3-thread-6 Downloaded 719 blocks in 4 s, 125 per s, 492 min left
2025-01-30 14:26:34 FINE: pool-3-thread-6 Got 5 confirmations
2025-01-30 14:26:34 INFO: pool-3-thread-6 Downloaded 719 blocks in 3 s, 126 per s, 490 min left
2025-01-30 14:26:37 FINE: pool-3-thread-6 Transaction 3:980824326cd0a9620eca912849ffa1714381c6df794ad61cdd6940f4713add4d has been released
2025-01-30 14:26:37 FINE: pool-3-thread-6 Early finish of transaction 3:980824326cd0a9620eca912849ffa1714381c6df794ad61cdd6940f4713add4d at height 68922
2025-01-30 14:26:38 FINE: pool-3-thread-6 Got 5 confirmations
2025-01-30 14:26:38 INFO: pool-3-thread-6 Downloaded 719 blocks in 3 s, 127 per s, 488 min left
2025-01-30 14:26:40 FINE: pool-3-thread-6 Registration never completed for shuffling 17072150482896087202
2025-01-30 14:26:40 FINE: pool-3-thread-6 Shuffling 17072150482896087202 entered stage CANCELLED, assignee ARDOR-2222-2222-2222-22222, remaining blocks 0
2025-01-30 14:26:40 FINE: pool-3-thread-6 Shuffling 17072150482896087202 was cancelled, blaming account ARDOR-2222-2222-2222-22222
2025-01-30 14:26:41 FINE: pool-3-thread-6 Got 5 confirmations
2025-01-30 14:26:41 INFO: pool-3-thread-6 Downloaded 719 blocks in 3 s, 127 per s, 486 min left
2025-01-30 14:26:42 INFO: pool-3-thread-6 received block 70000
2025-01-30 14:26:44 FINE: pool-3-thread-6 Got 5 confirmations
2025-01-30 14:26:44 INFO: pool-3-thread-6 Downloaded 719 blocks in 2 s, 128 per s, 483 min left
2025-01-30 14:26:47 FINE: pool-3-thread-6 Got 5 confirmations
2025-01-30 14:26:47 INFO: pool-3-thread-6 Downloaded 719 blocks in 3 s, 128 per s, 480 min left
2025-01-30 14:26:49 FINE: pool-3-thread-6 Transaction 2:f2da90b18bf157156704655dd37cfbb5a7702c9c5bcd0a9c7c6f53f6277c76a6 has been released
2025-01-30 14:26:49 FINE: pool-3-thread-6 Early finish of transaction 2:f2da90b18bf157156704655dd37cfbb5a7702c9c5bcd0a9c7c6f53f6277c76a6 at height 71426
2025-01-30 14:26:49 FINE: pool-3-thread-6 Transaction 3:4b61aae9ed513a02e5026f7b8fe0b28a8f19e147ed64f4bad1c788267e366b9e has been released
2025-01-30 14:26:49 FINE: pool-3-thread-6 Early finish of transaction 3:4b61aae9ed513a02e5026f7b8fe0b28a8f19e147ed64f4bad1c788267e366b9e at height 71590
2025-01-30 14:26:49 FINE: pool-3-thread-6 Transaction 2:3e8885cc0f1e1f10ce846a38de92883bb80f05855feceeb981d7c80fbc1f1b46 has been released
2025-01-30 14:26:49 FINE: pool-3-thread-6 Early finish of transaction 2:3e8885cc0f1e1f10ce846a38de92883bb80f05855feceeb981d7c80fbc1f1b46 at height 71654
2025-01-30 14:26:49 FINE: pool-3-thread-6 Transaction 2:4879bb4f6724ca051a505e05a32c0a09eb02970398de88e470d10346e0a14b6d has been released
2025-01-30 14:26:49 FINE: pool-3-thread-6 Early finish of transaction 2:4879bb4f6724ca051a505e05a32c0a09eb02970398de88e470d10346e0a14b6d at height 71725
2025-01-30 14:26:50 FINE: pool-3-thread-6 Got 5 confirmations
2025-01-30 14:26:50 INFO: pool-3-thread-6 Downloaded 719 blocks in 3 s, 129 per s, 478 min left
2025-01-30 14:26:52 FINE: pool-3-thread-6 Transaction 4:549a4427c806e7e63ffdeb59077b98905f8ce0e3344e6d7ad38281d207098a23 has been released
2025-01-30 14:26:52 FINE: pool-3-thread-6 Early finish of transaction 4:549a4427c806e7e63ffdeb59077b98905f8ce0e3344e6d7ad38281d207098a23 at height 72213
2025-01-30 14:26:52 FINE: pool-3-thread-6 Transaction 4:7c83bb3cc8353b3cc34e2b88b85526c525372c73a75692e9551febbfe9017d76 has been released
2025-01-30 14:26:52 FINE: pool-3-thread-6 Early finish of transaction 4:7c83bb3cc8353b3cc34e2b88b85526c525372c73a75692e9551febbfe9017d76 at height 72213
2025-01-30 14:26:52 FINE: pool-3-thread-6 Transaction 4:c2f50f494edda4f6d396312c45a8646f48e52b938b447103db5e7ee999e8d7a6 has been released
2025-01-30 14:26:52 FINE: pool-3-thread-6 Early finish of transaction 4:c2f50f494edda4f6d396312c45a8646f48e52b938b447103db5e7ee999e8d7a6 at height 72213
2025-01-30 14:26:52 FINE: pool-3-thread-6 Transaction 2:8b14eeb16791a87c0f3307deeb4653d8cb0b709e0a328e8f9fc4b0c2c4120742 has been released
2025-01-30 14:26:52 FINE: pool-3-thread-6 Early finish of transaction 2:8b14eeb16791a87c0f3307deeb4653d8cb0b709e0a328e8f9fc4b0c2c4120742 at height 72216
2025-01-30 14:26:52 FINE: pool-3-thread-6 Transaction 2:0f77d8f2ca4eba3aa2cf7f9c483d8c6186e9f50e571829d5edbae4d19b908388 has been released
2025-01-30 14:26:52 FINE: pool-3-thread-6 Early finish of transaction 2:0f77d8f2ca4eba3aa2cf7f9c483d8c6186e9f50e571829d5edbae4d19b908388 at height 72231
2025-01-30 14:26:52 FINE: pool-3-thread-6 Transaction 2:2a37bb065492c56d5c3338d38b46a4d932754f926b19c81ec376fc78020cfe8a has been released
2025-01-30 14:26:52 FINE: pool-3-thread-6 Early finish of transaction 2:2a37bb065492c56d5c3338d38b46a4d932754f926b19c81ec376fc78020cfe8a at height 72236
2025-01-30 14:26:53 FINE: pool-3-thread-6 Got 5 confirmations
2025-01-30 14:26:53 INFO: pool-3-thread-6 Downloaded 719 blocks in 3 s, 129 per s, 476 min left
2025-01-30 14:26:55 FINE: pool-3-thread-6 Transaction 3:4fd39ab1b1cd1223b1f90a47a323c0c7bef365cf7ee8222ba93720525ef0ab51 has been released
2025-01-30 14:26:55 FINE: pool-3-thread-6 Early finish of transaction 3:4fd39ab1b1cd1223b1f90a47a323c0c7bef365cf7ee8222ba93720525ef0ab51 at height 72729
2025-01-30 14:26:55 FINE: pool-3-thread-6 Transaction 2:0d779ede2a0749e62ba4a6ef69d0fa5c7a4e44342cecd91ae8cf6c198ef48a53 has been released
2025-01-30 14:26:55 FINE: pool-3-thread-6 Early finish of transaction 2:0d779ede2a0749e62ba4a6ef69d0fa5c7a4e44342cecd91ae8cf6c198ef48a53 at height 72820
2025-01-30 14:26:56 FINE: pool-3-thread-6 Transaction 3:1f2f8558bdbbafa97071090ece2197a51e41c72ff6f85e06acbc7653c150c381 has been released
2025-01-30 14:26:56 FINE: pool-3-thread-6 Early finish of transaction 3:1f2f8558bdbbafa97071090ece2197a51e41c72ff6f85e06acbc7653c150c381 at height 73002
2025-01-30 14:26:56 FINE: pool-3-thread-6 Transaction 3:ae28fbebadfe0521416823b6da905990fc9fdbad4e63236a71d84b84d649c1d4 has been released
2025-01-30 14:26:56 FINE: pool-3-thread-6 Early finish of transaction 3:ae28fbebadfe0521416823b6da905990fc9fdbad4e63236a71d84b84d649c1d4 at height 73247
2025-01-30 14:26:57 FINE: pool-3-thread-6 Got 5 confirmations
2025-01-30 14:26:57 INFO: pool-3-thread-6 Downloaded 719 blocks in 3 s, 130 per s, 474 min left
2025-01-30 14:27:00 FINE: pool-3-thread-6 Got 5 confirmations
2025-01-30 14:27:00 INFO: pool-3-thread-6 Downloaded 719 blocks in 3 s, 130 per s, 472 min left
2025-01-30 14:27:01 FINE: pool-3-thread-6 Transaction 3:7e92995f69e689bb90980806a2512ebbe2dfcd21f24d60ad3165fb06731daa6a has been released
2025-01-30 14:27:01 FINE: pool-3-thread-6 Early finish of transaction 3:7e92995f69e689bb90980806a2512ebbe2dfcd21f24d60ad3165fb06731daa6a at height 74155
2025-01-30 14:27:02 FINE: pool-3-thread-6 Registration never completed for shuffling 1440367969064255045
2025-01-30 14:27:02 FINE: pool-3-thread-6 Shuffling 1440367969064255045 entered stage CANCELLED, assignee ARDOR-2222-2222-2222-22222, remaining blocks 0
2025-01-30 14:27:02 FINE: pool-3-thread-6 Shuffling 1440367969064255045 was cancelled, blaming account ARDOR-2222-2222-2222-22222
2025-01-30 14:27:03 FINE: pool-3-thread-6 Got 5 confirmations
2025-01-30 14:27:03 INFO: pool-3-thread-6 Downloaded 719 blocks in 3 s, 131 per s, 471 min left
2025-01-30 14:27:06 INFO: pool-3-thread-6 received block 75000
2025-01-30 14:27:07 FINE: pool-3-thread-6 Got 5 confirmations
2025-01-30 14:27:07 INFO: pool-3-thread-6 Downloaded 719 blocks in 4 s, 131 per s, 469 min left
2025-01-30 14:27:09 FINE: pool-3-thread-6 Transaction 3:181c45fedad37b3a3ccb689551f65ab579a0cb8aeef17c435835c81926961eab has been released
2025-01-30 14:27:09 FINE: pool-3-thread-6 Early finish of transaction 3:181c45fedad37b3a3ccb689551f65ab579a0cb8aeef17c435835c81926961eab at height 75559
2025-01-30 14:27:10 FINE: pool-3-thread-6 Got 5 confirmations
2025-01-30 14:27:10 INFO: pool-3-thread-6 Downloaded 719 blocks in 3 s, 132 per s, 467 min left
2025-01-30 14:27:24 FINE: Message Handler 4 Ignoring bundler rate for chain GPS (6)
2025-01-30 14:27:25 FINE: pool-3-thread-6 Transaction 2:5ab169cdc45247c00ae19251151b2fdb5461cdc5dbd8e6ccd14f46801dd02b21 has been released
2025-01-30 14:27:25 FINE: pool-3-thread-6 Early finish of transaction 2:5ab169cdc45247c00ae19251151b2fdb5461cdc5dbd8e6ccd14f46801dd02b21 at height 76323
2025-01-30 14:27:27 FINE: pool-3-thread-6 Got 5 confirmations
2025-01-30 14:27:27 INFO: pool-3-thread-6 Downloaded 719 blocks in 16 s, 129 per s, 476 min left
2025-01-30 14:27:30 FINE: pool-3-thread-6 Transaction 3:279a6fce2deb187711d25515a6dc808fbf86761153a11988b5ba6badb358542a has been released
2025-01-30 14:27:30 FINE: pool-3-thread-6 Early finish of transaction 3:279a6fce2deb187711d25515a6dc808fbf86761153a11988b5ba6badb358542a at height 77122
2025-01-30 14:27:31 FINE: pool-3-thread-6 Transaction 3:114fe741e32e51abb447d6832b3c5248bde64db4656ecfb3a74216bb5bf5dbf5 has been released
2025-01-30 14:27:31 FINE: pool-3-thread-6 Early finish of transaction 3:114fe741e32e51abb447d6832b3c5248bde64db4656ecfb3a74216bb5bf5dbf5 at height 77179
2025-01-30 14:27:31 FINE: pool-3-thread-6 Transaction 2:745cff3aed40488b8f888fd078d7a5e9db3e31d3ce4fb7d575998ad43fdb937f has been released
2025-01-30 14:27:31 FINE: pool-3-thread-6 Early finish of transaction 2:745cff3aed40488b8f888fd078d7a5e9db3e31d3ce4fb7d575998ad43fdb937f at height 77512
2025-01-30 14:27:35 FINE: pool-3-thread-6 Got 5 confirmations
2025-01-30 14:27:35 INFO: pool-3-thread-6 Downloaded 719 blocks in 8 s, 129 per s, 478 min left
2025-01-30 14:27:47 FINE: pool-3-thread-6 Got 5 confirmations
2025-01-30 14:27:47 INFO: pool-3-thread-6 Downloaded 719 blocks in 12 s, 127 per s, 483 min left
2025-01-30 14:27:51 FINE: pool-3-thread-6 Got 5 confirmations
2025-01-30 14:27:51 INFO: pool-3-thread-6 Downloaded 719 blocks in 3 s, 128 per s, 482 min left
2025-01-30 14:27:52 FINE: pool-3-thread-6 Transaction 2:31ea1fb41a70daf918a5112524c9e76996a2d266047b9aab9750ca84b490ef04 has been released
2025-01-30 14:27:52 FINE: pool-3-thread-6 Early finish of transaction 2:31ea1fb41a70daf918a5112524c9e76996a2d266047b9aab9750ca84b490ef04 at height 79794
2025-01-30 14:27:53 FINE: pool-3-thread-6 Got 5 confirmations
2025-01-30 14:27:53 INFO: pool-3-thread-6 Downloaded 719 blocks in 1 s, 129 per s, 479 min left
2025-01-30 14:27:54 INFO: pool-3-thread-6 received block 80000
2025-01-30 14:27:57 FINE: pool-3-thread-6 Got 5 confirmations
2025-01-30 14:27:57 INFO: pool-3-thread-6 Downloaded 719 blocks in 4 s, 129 per s, 478 min left
2025-01-30 14:28:03 FINE: pool-3-thread-6 Got 5 confirmations
2025-01-30 14:28:03 INFO: pool-3-thread-6 Downloaded 719 blocks in 5 s, 129 per s, 478 min left
2025-01-30 14:28:07 FINE: pool-3-thread-6 Transaction 3:04a6756bb364367a401593c2a23872039ccd9cdf9e72fc3a8caca1140c92763c has been released
2025-01-30 14:28:07 FINE: pool-3-thread-6 Early finish of transaction 3:04a6756bb364367a401593c2a23872039ccd9cdf9e72fc3a8caca1140c92763c at height 81552
2025-01-30 14:28:09 FINE: pool-3-thread-6 Got 5 confirmations
2025-01-30 14:28:09 INFO: pool-3-thread-6 Downloaded 719 blocks in 6 s, 129 per s, 478 min left
2025-01-30 14:28:12 FINE: pool-3-thread-6 Poll 9196862966588482447 has been finished
2025-01-30 14:28:12 FINE: pool-3-thread-6 Poll 6392917161389756410 has been finished
2025-01-30 14:28:14 FINE: pool-3-thread-6 Got 5 confirmations
2025-01-30 14:28:14 INFO: pool-3-thread-6 Downloaded 719 blocks in 5 s, 129 per s, 477 min left
2025-01-30 14:28:14 FINE: pool-3-thread-8 Unblacklisting 143.198.36.18
2025-01-30 14:28:26 FINE: pool-3-thread-6 Got 5 confirmations
2025-01-30 14:28:26 INFO: pool-3-thread-6 Downloaded 719 blocks in 11 s, 128 per s, 482 min left
2025-01-30 14:28:34 FINE: pool-3-thread-6 Poll 12417826773589834506 has been finished
2025-01-30 14:28:35 FINE: pool-3-thread-6 Got 5 confirmations
2025-01-30 14:28:35 INFO: pool-3-thread-6 Downloaded 719 blocks in 8 s, 127 per s, 484 min left
2025-01-30 14:28:39 FINE: pool-3-thread-6 Transaction 2:5eb14691b2f1b95184f886c4b8cd489dba40c76fd157a8756d85935d5685c7a0 has been released
2025-01-30 14:28:39 FINE: pool-3-thread-6 Early finish of transaction 2:5eb14691b2f1b95184f886c4b8cd489dba40c76fd157a8756d85935d5685c7a0 at height 84465
2025-01-30 14:28:42 FINE: pool-3-thread-6 Got 5 confirmations
2025-01-30 14:28:42 INFO: pool-3-thread-6 Downloaded 719 blocks in 6 s, 127 per s, 485 min left
2025-01-30 14:28:44 INFO: pool-3-thread-6 received block 85000
2025-01-30 14:28:45 FINE: pool-3-thread-6 Transaction 2:3a2e3f1ec2e151e4748aa27dd2d90fcdab96dee49b153c9ef56a587232b7afb0 has been released
2025-01-30 14:28:45 FINE: pool-3-thread-6 Early finish of transaction 2:3a2e3f1ec2e151e4748aa27dd2d90fcdab96dee49b153c9ef56a587232b7afb0 at height 85425
2025-01-30 14:28:46 FINE: pool-3-thread-6 Got 5 confirmations
2025-01-30 14:28:46 INFO: pool-3-thread-6 Downloaded 719 blocks in 4 s, 127 per s, 484 min left
2025-01-30 14:28:49 FINE: pool-3-thread-6 Transaction 3:924cc1bf4287f9383640224d9228aa64c1ad29ccd317b505891cc5b625252fce has been released
2025-01-30 14:28:49 FINE: pool-3-thread-6 Early finish of transaction 3:924cc1bf4287f9383640224d9228aa64c1ad29ccd317b505891cc5b625252fce at height 86204
2025-01-30 14:28:50 FINE: pool-3-thread-6 Got 5 confirmations
2025-01-30 14:28:50 INFO: pool-3-thread-6 Downloaded 719 blocks in 4 s, 127 per s, 483 min left
2025-01-30 14:28:51 FINE: pool-3-thread-6 Poll 10114297959185144263 has been finished
2025-01-30 14:28:53 FINE: pool-3-thread-6 Got 5 confirmations
2025-01-30 14:28:53 INFO: pool-3-thread-6 Downloaded 719 blocks in 3 s, 128 per s, 481 min left
2025-01-30 14:28:57 FINE: pool-3-thread-6 Got 5 confirmations
2025-01-30 14:28:57 INFO: pool-3-thread-6 Downloaded 719 blocks in 3 s, 128 per s, 480 min left
2025-01-30 14:29:00 FINE: pool-3-thread-6 Got 5 confirmations
2025-01-30 14:29:00 INFO: pool-3-thread-6 Downloaded 719 blocks in 3 s, 128 per s, 478 min left
2025-01-30 14:29:19 FINE: pool-3-thread-6 Got 5 confirmations
2025-01-30 14:29:19 INFO: pool-3-thread-6 Downloaded 719 blocks in 18 s, 126 per s, 487 min left
2025-01-30 14:29:25 FINE: pool-3-thread-6 Transaction 2:886991582d6232166bd3cd238cfb0deba484c8d7b903ccbcba28864c90b9eaf0 has been released
2025-01-30 14:29:25 FINE: pool-3-thread-6 Early finish of transaction 2:886991582d6232166bd3cd238cfb0deba484c8d7b903ccbcba28864c90b9eaf0 at height 89343
2025-01-30 14:29:26 FINE: pool-3-thread-6 Got 5 confirmations
2025-01-30 14:29:26 INFO: pool-3-thread-6 Downloaded 719 blocks in 7 s, 126 per s, 488 min left
2025-01-30 14:29:27 INFO: pool-3-thread-6 received block 90000
2025-01-30 14:29:29 FINE: pool-3-thread-6 Got 5 confirmations
2025-01-30 14:29:29 INFO: pool-3-thread-6 Downloaded 719 blocks in 2 s, 126 per s, 486 min left
2025-01-30 14:29:32 FINE: pool-3-thread-6 Got 5 confirmations
2025-01-30 14:29:32 INFO: pool-3-thread-6 Downloaded 719 blocks in 3 s, 127 per s, 484 min left
2025-01-30 14:29:35 FINE: pool-3-thread-6 Got 5 confirmations
2025-01-30 14:29:35 INFO: pool-3-thread-6 Downloaded 719 blocks in 2 s, 127 per s, 482 min left
2025-01-30 14:29:36 FINE: pool-3-thread-6 Transaction 3:3eab2027755e91b62f836adc7d6329509c9fe8293d94b9015a5166aea581ad40 has been released
2025-01-30 14:29:36 FINE: pool-3-thread-6 Early finish of transaction 3:3eab2027755e91b62f836adc7d6329509c9fe8293d94b9015a5166aea581ad40 at height 92200
2025-01-30 14:29:38 FINE: pool-3-thread-6 Got 5 confirmations
2025-01-30 14:29:38 INFO: pool-3-thread-6 Downloaded 719 blocks in 2 s, 128 per s, 480 min left
2025-01-30 14:29:40 FINE: pool-3-thread-6 Transaction 2:10a617094170c2dd6c06189d2d38a0e2a8daa943009af93cea7d0d42771930a0 has been released
2025-01-30 14:29:40 FINE: pool-3-thread-6 Early finish of transaction 2:10a617094170c2dd6c06189d2d38a0e2a8daa943009af93cea7d0d42771930a0 at height 93366
2025-01-30 14:29:40 FINE: pool-3-thread-6 Got 5 confirmations
2025-01-30 14:29:40 INFO: pool-3-thread-6 Downloaded 719 blocks in 2 s, 128 per s, 478 min left
2025-01-30 14:29:46 FINE: pool-3-thread-6 Got 5 confirmations
2025-01-30 14:29:46 INFO: pool-3-thread-6 Downloaded 719 blocks in 5 s, 128 per s, 478 min left
2025-01-30 14:29:49 FINE: pool-3-thread-6 Got 5 confirmations
2025-01-30 14:29:49 INFO: pool-3-thread-6 Downloaded 719 blocks in 3 s, 129 per s, 476 min left
2025-01-30 14:29:52 INFO: pool-3-thread-6 received block 95000
2025-01-30 14:29:56 FINE: pool-3-thread-6 Got 5 confirmations
2025-01-30 14:29:56 INFO: pool-3-thread-6 Downloaded 719 blocks in 6 s, 128 per s, 477 min left
2025-01-30 14:29:59 FINE: pool-3-thread-6 Got 5 confirmations
2025-01-30 14:29:59 INFO: pool-3-thread-6 Downloaded 719 blocks in 3 s, 129 per s, 476 min left
2025-01-30 14:30:04 FINE: pool-3-thread-6 Got 5 confirmations
2025-01-30 14:30:04 INFO: pool-3-thread-6 Downloaded 719 blocks in 4 s, 129 per s, 475 min left
2025-01-30 14:30:06 FINE: pool-3-thread-6 Transaction 3:12c80e581e47dd52a1ae9700a78f58bf5923f298a6d3fc972b9d198ee034cb41 has been released
2025-01-30 14:30:06 FINE: pool-3-thread-6 Early finish of transaction 3:12c80e581e47dd52a1ae9700a78f58bf5923f298a6d3fc972b9d198ee034cb41 at height 97442
2025-01-30 14:30:08 FINE: pool-3-thread-6 Got 5 confirmations
2025-01-30 14:30:08 INFO: pool-3-thread-6 Downloaded 719 blocks in 3 s, 129 per s, 474 min left
2025-01-30 14:30:10 FINE: pool-3-thread-6 Transaction 3:ef6c5d5917641b9443e1a8800fc1c6ca3e495ae6657683a4613efb8faf9e7590 has been released
2025-01-30 14:30:10 FINE: pool-3-thread-6 Early finish of transaction 3:ef6c5d5917641b9443e1a8800fc1c6ca3e495ae6657683a4613efb8faf9e7590 at height 98208
2025-01-30 14:30:10 FINE: pool-3-thread-6 Transaction 2:4e02112166a800ac6670ec5654409773247818ce857d08367904275d493c2237 has been released
2025-01-30 14:30:10 FINE: pool-3-thread-6 Early finish of transaction 2:4e02112166a800ac6670ec5654409773247818ce857d08367904275d493c2237 at height 98317
2025-01-30 14:30:11 FINE: pool-3-thread-6 Got 5 confirmations
2025-01-30 14:30:11 INFO: pool-3-thread-6 Downloaded 719 blocks in 3 s, 130 per s, 472 min left
2025-01-30 14:30:14 FINE: pool-3-thread-6 Got 5 confirmations
2025-01-30 14:30:14 INFO: pool-3-thread-6 Downloaded 719 blocks in 2 s, 130 per s, 470 min left
2025-01-30 14:30:16 FINE: pool-3-thread-6 Got 5 confirmations
2025-01-30 14:30:16 INFO: pool-3-thread-6 Downloaded 719 blocks in 2 s, 131 per s, 468 min left
2025-01-30 14:30:17 INFO: pool-3-thread-6 received block 100000
2025-01-30 14:30:19 FINE: pool-3-thread-6 Got 5 confirmations
2025-01-30 14:30:19 INFO: pool-3-thread-6 Downloaded 719 blocks in 2 s, 131 per s, 466 min left
2025-01-30 14:30:21 FINE: pool-3-thread-6 Transaction 3:f57d8bb81e1275de765da783b2449b25937781ddc9ac02737fc2566a873b25aa has been released
2025-01-30 14:30:21 FINE: pool-3-thread-6 Early finish of transaction 3:f57d8bb81e1275de765da783b2449b25937781ddc9ac02737fc2566a873b25aa at height 100982
2025-01-30 14:30:29 FINE: pool-3-thread-6 Got 5 confirmations
2025-01-30 14:30:29 INFO: pool-3-thread-6 Downloaded 719 blocks in 9 s, 130 per s, 469 min left
2025-01-30 14:30:31 FINE: pool-3-thread-6 Transaction 3:fa124b2b2868c7cac6248c2baec3ced49e4196737a1a8d8783237015e1f8b87b has been released
2025-01-30 14:30:31 FINE: pool-3-thread-6 Early finish of transaction 3:fa124b2b2868c7cac6248c2baec3ced49e4196737a1a8d8783237015e1f8b87b at height 102024
2025-01-30 14:30:40 FINE: pool-3-thread-6 Got 5 confirmations
2025-01-30 14:30:40 INFO: pool-3-thread-6 Downloaded 719 blocks in 11 s, 129 per s, 473 min left
2025-01-30 14:31:12 FINE: pool-3-thread-6 Got 5 confirmations
2025-01-30 14:31:12 INFO: pool-3-thread-6 Downloaded 719 blocks in 31 s, 125 per s, 488 min left
2025-01-30 14:31:15 FINE: pool-3-thread-6 Got 5 confirmations
2025-01-30 14:31:15 INFO: pool-3-thread-6 Downloaded 719 blocks in 2 s, 126 per s, 486 min left
2025-01-30 14:31:17 FINE: pool-3-thread-6 Transaction 2:486c05f5875cd555d1a699db2e94857c43f63c039736520f65bd9f1af1b21d04 has been released
2025-01-30 14:31:17 FINE: pool-3-thread-6 Early finish of transaction 2:486c05f5875cd555d1a699db2e94857c43f63c039736520f65bd9f1af1b21d04 at height 104211
2025-01-30 14:31:18 FINE: pool-3-thread-6 Got 5 confirmations
2025-01-30 14:31:18 INFO: pool-3-thread-6 Downloaded 719 blocks in 3 s, 126 per s, 485 min left
2025-01-30 14:31:21 FINE: pool-3-thread-6 Got 5 confirmations
2025-01-30 14:31:21 INFO: pool-3-thread-6 Downloaded 719 blocks in 3 s, 126 per s, 483 min left
2025-01-30 14:31:22 INFO: pool-3-thread-6 received block 105000
2025-01-30 14:31:26 FINE: pool-3-thread-6 Got 5 confirmations
2025-01-30 14:31:26 INFO: pool-3-thread-6 Downloaded 719 blocks in 4 s, 127 per s, 482 min left
2025-01-30 14:31:29 FINE: pool-3-thread-6 Got 5 confirmations
2025-01-30 14:31:29 INFO: pool-3-thread-6 Downloaded 719 blocks in 3 s, 127 per s, 481 min left
2025-01-30 14:31:32 FINE: pool-3-thread-6 Got 5 confirmations
2025-01-30 14:31:32 INFO: pool-3-thread-6 Downloaded 719 blocks in 3 s, 127 per s, 479 min left
2025-01-30 14:31:35 FINE: pool-3-thread-6 Got 5 confirmations
2025-01-30 14:31:35 INFO: pool-3-thread-6 Downloaded 719 blocks in 3 s, 128 per s, 478 min left
2025-01-30 14:31:36 FINE: pool-3-thread-6 At height 107855 phased transaction 3:7b2218f4cd6f18976d2eddea89be994147678cd68d573fd56a94ab9f335b9efc does not yet meet quorum, cannot finish early
2025-01-30 14:31:36 FINE: pool-3-thread-6 Transaction 3:7b2218f4cd6f18976d2eddea89be994147678cd68d573fd56a94ab9f335b9efc has been released
2025-01-30 14:31:36 FINE: pool-3-thread-6 Early finish of transaction 3:7b2218f4cd6f18976d2eddea89be994147678cd68d573fd56a94ab9f335b9efc at height 107856
2025-01-30 14:31:38 FINE: pool-3-thread-6 Got 5 confirmations
2025-01-30 14:31:38 INFO: pool-3-thread-6 Downloaded 719 blocks in 2 s, 128 per s, 476 min left
2025-01-30 14:31:41 FINE: pool-3-thread-6 Got 5 confirmations
2025-01-30 14:31:41 INFO: pool-3-thread-6 Downloaded 719 blocks in 3 s, 129 per s, 475 min left
2025-01-30 14:31:43 FINE: pool-3-thread-6 Transaction 3:dcbd34a69362b44d55114cf64621725878c0afaed5af59a83c369ea1b9716d9f has been released
2025-01-30 14:31:43 FINE: pool-3-thread-6 Early finish of transaction 3:dcbd34a69362b44d55114cf64621725878c0afaed5af59a83c369ea1b9716d9f at height 109761
2025-01-30 14:31:43 INFO: pool-3-thread-6 received block 110000
2025-01-30 14:31:45 FINE: pool-3-thread-6 Got 5 confirmations
2025-01-30 14:31:45 INFO: pool-3-thread-6 Downloaded 719 blocks in 3 s, 129 per s, 474 min left
2025-01-30 14:31:45 FINE: Message Handler 4 Ignoring bundler rate for chain GPS (6)
2025-01-30 14:31:58 FINE: pool-3-thread-6 Average database transaction time is 0.003 seconds
2025-01-30 14:32:03 FINE: pool-3-thread-6 Got 5 confirmations
2025-01-30 14:32:03 INFO: pool-3-thread-6 Downloaded 719 blocks in 18 s, 127 per s, 481 min left
2025-01-30 14:32:15 FINE: pool-3-thread-6 Got 5 confirmations
2025-01-30 14:32:15 INFO: pool-3-thread-6 Downloaded 719 blocks in 11 s, 126 per s, 484 min left
2025-01-30 14:32:18 FINE: pool-3-thread-6 Got 5 confirmations
2025-01-30 14:32:18 INFO: pool-3-thread-6 Downloaded 719 blocks in 2 s, 127 per s, 482 min left
2025-01-30 14:32:23 FINE: pool-3-thread-6 Got 5 confirmations
2025-01-30 14:32:23 INFO: pool-3-thread-6 Downloaded 719 blocks in 5 s, 127 per s, 482 min left
2025-01-30 14:32:26 FINE: pool-3-thread-6 Got 5 confirmations
2025-01-30 14:32:26 INFO: pool-3-thread-6 Downloaded 719 blocks in 3 s, 127 per s, 480 min left
2025-01-30 14:32:27 FINE: pool-3-thread-6 Transaction 2:e790eb6731438e42f22721b9020cec3b7c92df6665ad3e65ee083dcc04f5ef75 has been released
2025-01-30 14:32:27 FINE: pool-3-thread-6 Early finish of transaction 2:e790eb6731438e42f22721b9020cec3b7c92df6665ad3e65ee083dcc04f5ef75 at height 113952
2025-01-30 14:32:28 FINE: pool-3-thread-6 Got 5 confirmations
2025-01-30 14:32:28 INFO: pool-3-thread-6 Downloaded 719 blocks in 2 s, 127 per s, 479 min left
2025-01-30 14:32:31 INFO: pool-3-thread-6 received block 115000
2025-01-30 14:32:31 FINE: pool-3-thread-6 Transaction 3:1dfa0135ec4c8d3734739c9a4f7ef8baea6907a5390d6dedabb94b844d37edc6 has been released
2025-01-30 14:32:31 FINE: pool-3-thread-6 Early finish of transaction 3:1dfa0135ec4c8d3734739c9a4f7ef8baea6907a5390d6dedabb94b844d37edc6 at height 115027
2025-01-30 14:32:31 FINE: pool-3-thread-6 Got 5 confirmations
2025-01-30 14:32:31 INFO: pool-3-thread-6 Downloaded 719 blocks in 2 s, 128 per s, 477 min left
2025-01-30 14:32:34 FINE: pool-3-thread-6 At height 115464 phased transaction 3:c61e07c50e115fe55e4524f2f672f553482d4a0c78a3e3982230c8bad9eb4ec6 does not yet meet quorum, cannot finish early
2025-01-30 14:32:34 FINE: pool-3-thread-6 Transaction 3:c61e07c50e115fe55e4524f2f672f553482d4a0c78a3e3982230c8bad9eb4ec6 has been released
2025-01-30 14:32:34 FINE: pool-3-thread-6 Early finish of transaction 3:c61e07c50e115fe55e4524f2f672f553482d4a0c78a3e3982230c8bad9eb4ec6 at height 115465
2025-01-30 14:32:34 FINE: pool-3-thread-6 Transaction 2:141a4ce1f7892e6b0dd760f91195195c3e0c55f38758f63dcc89a588125036a1 has been released
2025-01-30 14:32:34 FINE: pool-3-thread-6 Early finish of transaction 2:141a4ce1f7892e6b0dd760f91195195c3e0c55f38758f63dcc89a588125036a1 at height 115570
2025-01-30 14:32:36 FINE: pool-3-thread-6 Got 5 confirmations
2025-01-30 14:32:36 INFO: pool-3-thread-6 Downloaded 719 blocks in 4 s, 128 per s, 476 min left
2025-01-30 14:32:38 FINE: pool-3-thread-6 Got 5 confirmations
2025-01-30 14:32:38 INFO: pool-3-thread-6 Downloaded 719 blocks in 2 s, 128 per s, 474 min left
2025-01-30 14:32:41 FINE: pool-3-thread-6 Got 5 confirmations
2025-01-30 14:32:41 INFO: pool-3-thread-6 Downloaded 719 blocks in 3 s, 129 per s, 473 min left
2025-01-30 14:32:46 FINE: pool-3-thread-6 Got 5 confirmations
2025-01-30 14:32:46 INFO: pool-3-thread-6 Downloaded 719 blocks in 4 s, 129 per s, 472 min left
2025-01-30 14:32:49 FINE: Message Handler 2 Database connection pool current size: 6
2025-01-30 14:32:49 FINE: pool-3-thread-6 Got 5 confirmations
2025-01-30 14:32:49 INFO: pool-3-thread-6 Downloaded 719 blocks in 3 s, 129 per s, 471 min left
2025-01-30 14:32:52 FINE: pool-3-thread-6 Got 5 confirmations
2025-01-30 14:32:52 INFO: pool-3-thread-6 Downloaded 719 blocks in 2 s, 130 per s, 470 min left
2025-01-30 14:32:54 INFO: pool-3-thread-6 received block 120000
2025-01-30 14:32:55 FINE: pool-3-thread-6 Got 5 confirmations
2025-01-30 14:32:55 INFO: pool-3-thread-6 Downloaded 719 blocks in 2 s, 130 per s, 468 min left
2025-01-30 14:32:58 FINE: pool-3-thread-6 Got 5 confirmations
2025-01-30 14:32:58 INFO: pool-3-thread-6 Downloaded 719 blocks in 3 s, 130 per s, 467 min left
2025-01-30 14:33:00 FINE: pool-3-thread-6 Got 5 confirmations
2025-01-30 14:33:00 INFO: pool-3-thread-6 Downloaded 719 blocks in 2 s, 131 per s, 465 min left
2025-01-30 14:33:19 FINE: pool-3-thread-6 Got 5 confirmations
2025-01-30 14:33:19 INFO: pool-3-thread-6 Downloaded 719 blocks in 18 s, 129 per s, 472 min left
2025-01-30 14:33:22 FINE: pool-3-thread-6 Got 5 confirmations
2025-01-30 14:33:22 INFO: pool-3-thread-6 Downloaded 719 blocks in 2 s, 129 per s, 470 min left
2025-01-30 14:33:25 FINE: pool-3-thread-6 Got 5 confirmations
2025-01-30 14:33:25 INFO: pool-3-thread-6 Downloaded 719 blocks in 3 s, 130 per s, 469 min left
2025-01-30 14:33:28 FINE: pool-3-thread-6 Got 5 confirmations
2025-01-30 14:33:28 INFO: pool-3-thread-6 Downloaded 719 blocks in 3 s, 130 per s, 468 min left
2025-01-30 14:33:31 INFO: pool-3-thread-6 received block 125000
2025-01-30 14:33:31 FINE: pool-3-thread-6 Got 5 confirmations
2025-01-30 14:33:31 INFO: pool-3-thread-6 Downloaded 719 blocks in 2 s, 130 per s, 467 min left
2025-01-30 14:33:34 FINE: pool-3-thread-6 Got 5 confirmations
2025-01-30 14:33:34 INFO: pool-3-thread-6 Downloaded 719 blocks in 2 s, 131 per s, 465 min left
2025-01-30 14:33:37 FINE: pool-3-thread-6 Got 5 confirmations
2025-01-30 14:33:37 INFO: pool-3-thread-6 Downloaded 719 blocks in 2 s, 131 per s, 464 min left
2025-01-30 14:33:40 FINE: pool-3-thread-6 Got 5 confirmations
2025-01-30 14:33:40 INFO: pool-3-thread-6 Downloaded 719 blocks in 3 s, 131 per s, 463 min left
2025-01-30 14:33:44 FINE: pool-3-thread-6 Got 5 confirmations
2025-01-30 14:33:44 INFO: pool-3-thread-6 Downloaded 719 blocks in 3 s, 132 per s, 462 min left
2025-01-30 14:33:46 FINE: pool-3-thread-6 Got 5 confirmations
2025-01-30 14:33:46 INFO: pool-3-thread-6 Downloaded 719 blocks in 2 s, 132 per s, 460 min left
2025-01-30 14:33:59 FINE: pool-3-thread-6 Got 5 confirmations
2025-01-30 14:33:59 INFO: pool-3-thread-6 Downloaded 719 blocks in 12 s, 131 per s, 464 min left
2025-01-30 14:34:00 INFO: pool-3-thread-6 received block 130000
2025-01-30 14:34:01 FINE: pool-3-thread-6 Got 5 confirmations
2025-01-30 14:34:01 INFO: pool-3-thread-6 Downloaded 719 blocks in 2 s, 131 per s, 462 min left
2025-01-30 14:34:07 FINE: pool-3-thread-6 Got 5 confirmations
2025-01-30 14:34:07 INFO: pool-3-thread-6 Downloaded 719 blocks in 5 s, 131 per s, 462 min left
2025-01-30 14:34:10 FINE: pool-3-thread-6 Got 5 confirmations
2025-01-30 14:34:10 INFO: pool-3-thread-6 Downloaded 719 blocks in 3 s, 132 per s, 461 min left
2025-01-30 14:34:23 FINE: pool-3-thread-6 Got 5 confirmations
2025-01-30 14:34:23 INFO: pool-3-thread-6 Downloaded 719 blocks in 12 s, 131 per s, 464 min left
2025-01-30 14:34:27 FINE: pool-3-thread-6 Got 5 confirmations
2025-01-30 14:34:27 INFO: pool-3-thread-6 Downloaded 719 blocks in 3 s, 131 per s, 463 min left
2025-01-30 14:34:29 FINE: pool-3-thread-6 Got 5 confirmations
2025-01-30 14:34:29 INFO: pool-3-thread-6 Downloaded 719 blocks in 2 s, 131 per s, 462 min left
2025-01-30 14:34:34 FINE: Message Handler 3 Ignoring bundler rate for chain GPS (6)
2025-01-30 14:34:48 FINE: pool-3-thread-6 Got 5 confirmations
2025-01-30 14:34:48 INFO: pool-3-thread-6 Downloaded 719 blocks in 19 s, 130 per s, 468 min left
2025-01-30 14:34:51 INFO: pool-3-thread-6 received block 135000
2025-01-30 14:34:51 FINE: pool-3-thread-6 Transaction 3:ddc3b87e707e2d5589dd7a84cf0db4ff3ca14587915f75f61f7d959468e59a2e has been released
2025-01-30 14:34:51 FINE: pool-3-thread-6 Early finish of transaction 3:ddc3b87e707e2d5589dd7a84cf0db4ff3ca14587915f75f61f7d959468e59a2e at height 135087
2025-01-30 14:34:52 FINE: pool-3-thread-6 Got 5 confirmations
2025-01-30 14:34:52 INFO: pool-3-thread-6 Downloaded 719 blocks in 3 s, 130 per s, 467 min left
2025-01-30 14:35:02 FINE: pool-3-thread-6 Got 5 confirmations
2025-01-30 14:35:02 INFO: pool-3-thread-6 Downloaded 719 blocks in 10 s, 129 per s, 469 min left
2025-01-30 14:35:10 FINE: pool-3-thread-6 Got 5 confirmations
2025-01-30 14:35:10 INFO: pool-3-thread-6 Downloaded 719 blocks in 7 s, 129 per s, 470 min left
2025-01-30 14:35:12 FINE: pool-3-thread-6 Got 5 confirmations
2025-01-30 14:35:12 INFO: pool-3-thread-6 Downloaded 719 blocks in 2 s, 129 per s, 468 min left
2025-01-30 14:35:19 FINE: pool-3-thread-6 Got 5 confirmations
2025-01-30 14:35:19 INFO: pool-3-thread-6 Downloaded 719 blocks in 7 s, 129 per s, 469 min left
2025-01-30 14:35:22 FINE: pool-3-thread-6 Got 5 confirmations
2025-01-30 14:35:22 INFO: pool-3-thread-6 Downloaded 719 blocks in 2 s, 130 per s, 468 min left
2025-01-30 14:35:24 FINE: pool-3-thread-6 Got 5 confirmations
2025-01-30 14:35:24 INFO: pool-3-thread-6 Downloaded 719 blocks in 2 s, 130 per s, 466 min left
2025-01-30 14:35:35 INFO: pool-3-thread-6 received block 140000
2025-01-30 14:35:35 FINE: pool-3-thread-6 Got 5 confirmations
2025-01-30 14:35:35 INFO: pool-3-thread-6 Downloaded 719 blocks in 10 s, 129 per s, 468 min left
2025-01-30 14:35:49 FINE: pool-3-thread-6 Got 5 confirmations
2025-01-30 14:35:49 INFO: pool-3-thread-6 Downloaded 719 blocks in 13 s, 128 per s, 472 min left
2025-01-30 14:35:50 FINE: pool-3-thread-6 Transaction 2:d564ee55b356375408f729ac5a31768cb043ea7ca93150a56c88bf9ed86a615f has been released
2025-01-30 14:35:50 FINE: pool-3-thread-6 Early finish of transaction 2:d564ee55b356375408f729ac5a31768cb043ea7ca93150a56c88bf9ed86a615f at height 141056
2025-01-30 14:35:52 FINE: pool-3-thread-6 Got 5 confirmations
2025-01-30 14:35:52 INFO: pool-3-thread-6 Downloaded 719 blocks in 2 s, 129 per s, 471 min left
2025-01-30 14:36:07 FINE: pool-3-thread-6 Got 5 confirmations
2025-01-30 14:36:07 INFO: pool-3-thread-6 Downloaded 719 blocks in 15 s, 127 per s, 475 min left
2025-01-30 14:36:35 FINE: pool-3-thread-6 Got 5 confirmations
2025-01-30 14:36:35 INFO: pool-3-thread-6 Downloaded 719 blocks in 28 s, 125 per s, 484 min left
2025-01-30 14:36:40 FINE: pool-3-thread-6 Got 5 confirmations
2025-01-30 14:36:40 INFO: pool-3-thread-6 Downloaded 719 blocks in 4 s, 125 per s, 484 min left
2025-01-30 14:36:43 FINE: pool-3-thread-6 Got 5 confirmations
2025-01-30 14:36:43 INFO: pool-3-thread-6 Downloaded 719 blocks in 2 s, 125 per s, 482 min left
2025-01-30 14:36:45 INFO: pool-3-thread-6 received block 145000
2025-01-30 14:36:46 FINE: pool-3-thread-6 Got 5 confirmations
2025-01-30 14:36:46 INFO: pool-3-thread-6 Downloaded 719 blocks in 3 s, 126 per s, 481 min left
2025-01-30 14:36:56 FINE: pool-3-thread-6 Got 5 confirmations
2025-01-30 14:36:56 INFO: pool-3-thread-6 Downloaded 719 blocks in 10 s, 125 per s, 483 min left
2025-01-30 14:37:00 FINE: pool-3-thread-6 Got 5 confirmations
2025-01-30 14:37:00 INFO: pool-3-thread-6 Downloaded 719 blocks in 3 s, 125 per s, 482 min left
2025-01-30 14:37:10 FINE: pool-3-thread-6 Got 5 confirmations
2025-01-30 14:37:10 INFO: pool-3-thread-6 Downloaded 719 blocks in 9 s, 125 per s, 484 min left
2025-01-30 14:37:13 FINE: pool-3-thread-6 Transaction 2:2c63f89d5d7dcaba0fcf715e8aae2e4f31e257a05da4911ff2b399bbf1207802 has been released
2025-01-30 14:37:13 FINE: pool-3-thread-6 Early finish of transaction 2:2c63f89d5d7dcaba0fcf715e8aae2e4f31e257a05da4911ff2b399bbf1207802 at height 147417
2025-01-30 14:37:14 FINE: pool-3-thread-6 Got 5 confirmations
2025-01-30 14:37:14 INFO: pool-3-thread-6 Downloaded 719 blocks in 3 s, 125 per s, 483 min left
2025-01-30 14:37:17 FINE: pool-3-thread-6 Got 5 confirmations
2025-01-30 14:37:17 INFO: pool-3-thread-6 Downloaded 719 blocks in 3 s, 125 per s, 482 min left
2025-01-30 14:37:19 FINE: pool-3-thread-6 Got 5 confirmations
2025-01-30 14:37:19 INFO: pool-3-thread-6 Downloaded 719 blocks in 2 s, 126 per s, 480 min left
2025-01-30 14:37:20 INFO: pool-3-thread-6 received block 150000
2025-01-30 14:37:21 FINE: pool-3-thread-6 Got 5 confirmations
2025-01-30 14:37:21 INFO: pool-3-thread-6 Downloaded 719 blocks in 1 s, 126 per s, 479 min left
2025-01-30 14:37:32 FINE: pool-3-thread-6 Got 5 confirmations
2025-01-30 14:37:32 INFO: pool-3-thread-6 Downloaded 719 blocks in 10 s, 126 per s, 480 min left
2025-01-30 14:37:35 FINE: pool-3-thread-6 Got 5 confirmations
2025-01-30 14:37:35 INFO: pool-3-thread-6 Downloaded 719 blocks in 3 s, 126 per s, 479 min left
2025-01-30 14:37:37 FINE: pool-3-thread-6 Got 5 confirmations
2025-01-30 14:37:37 INFO: pool-3-thread-6 Downloaded 719 blocks in 2 s, 126 per s, 478 min left
2025-01-30 14:37:39 FINE: pool-3-thread-6 Got 5 confirmations
2025-01-30 14:37:39 INFO: pool-3-thread-6 Downloaded 719 blocks in 2 s, 127 per s, 476 min left
2025-01-30 14:38:00 FINE: pool-3-thread-6 Got 5 confirmations
2025-01-30 14:38:00 INFO: pool-3-thread-6 Downloaded 719 blocks in 20 s, 125 per s, 482 min left
2025-01-30 14:38:10 FINE: pool-3-thread-6 Got 5 confirmations
2025-01-30 14:38:10 INFO: pool-3-thread-6 Downloaded 719 blocks in 9 s, 125 per s, 484 min left
2025-01-30 14:38:16 INFO: pool-3-thread-6 received block 155000
2025-01-30 14:38:16 FINE: pool-3-thread-6 Got 5 confirmations
2025-01-30 14:38:16 INFO: pool-3-thread-6 Downloaded 719 blocks in 6 s, 125 per s, 484 min left
2025-01-30 14:38:18 FINE: pool-3-thread-6 Transaction 3:692e4c4a2ef9dd231aa14fce1d863db3b96108a6a81cb1ef6f1411c493a8c739 has been released
2025-01-30 14:38:18 FINE: pool-3-thread-6 Early finish of transaction 3:692e4c4a2ef9dd231aa14fce1d863db3b96108a6a81cb1ef6f1411c493a8c739 at height 155913
2025-01-30 14:38:19 FINE: pool-3-thread-6 Got 5 confirmations
2025-01-30 14:38:19 INFO: pool-3-thread-6 Downloaded 719 blocks in 2 s, 125 per s, 483 min left
2025-01-30 14:38:22 FINE: pool-3-thread-6 Got 5 confirmations
2025-01-30 14:38:22 INFO: pool-3-thread-6 Downloaded 719 blocks in 2 s, 125 per s, 481 min left
2025-01-30 14:38:24 FINE: pool-3-thread-6 Got 5 confirmations
2025-01-30 14:38:24 INFO: pool-3-thread-6 Downloaded 719 blocks in 2 s, 125 per s, 480 min left
2025-01-30 14:38:28 FINE: pool-3-thread-6 Got 5 confirmations
2025-01-30 14:38:28 INFO: pool-3-thread-6 Downloaded 719 blocks in 3 s, 126 per s, 479 min left
2025-01-30 14:38:30 FINE: pool-3-thread-6 Got 5 confirmations
2025-01-30 14:38:30 INFO: pool-3-thread-6 Downloaded 719 blocks in 2 s, 126 per s, 478 min left
2025-01-30 14:38:35 FINE: pool-3-thread-6 Got 5 confirmations
2025-01-30 14:38:35 INFO: pool-3-thread-6 Downloaded 719 blocks in 4 s, 126 per s, 477 min left
2025-01-30 14:38:37 INFO: pool-3-thread-6 received block 160000
2025-01-30 14:38:38 FINE: pool-3-thread-6 Got 5 confirmations
2025-01-30 14:38:38 INFO: pool-3-thread-6 Downloaded 719 blocks in 3 s, 126 per s, 476 min left
2025-01-30 14:38:44 FINE: pool-3-thread-6 Got 5 confirmations
2025-01-30 14:38:44 INFO: pool-3-thread-6 Downloaded 719 blocks in 5 s, 126 per s, 476 min left
2025-01-30 14:38:54 FINE: pool-3-thread-6 Got 5 confirmations
2025-01-30 14:38:54 INFO: pool-3-thread-6 Downloaded 719 blocks in 10 s, 126 per s, 478 min left
2025-01-30 14:39:14 FINE: pool-3-thread-6 Got 5 confirmations
2025-01-30 14:39:14 INFO: pool-3-thread-6 Downloaded 719 blocks in 19 s, 125 per s, 483 min left
2025-01-30 14:39:24 FINE: pool-3-thread-6 Got 5 confirmations
2025-01-30 14:39:24 INFO: pool-3-thread-6 Downloaded 719 blocks in 10 s, 124 per s, 484 min left
2025-01-30 14:39:26 FINE: pool-3-thread-6 Got 5 confirmations
2025-01-30 14:39:26 INFO: pool-3-thread-6 Downloaded 719 blocks in 2 s, 124 per s, 483 min left
2025-01-30 14:39:28 FINE: pool-3-thread-6 Transaction 3:24f9d45a6b42594d6b66ecb460240b924f14e8c33547ced57d3422a76444048f has been released
2025-01-30 14:39:28 FINE: pool-3-thread-6 Early finish of transaction 3:24f9d45a6b42594d6b66ecb460240b924f14e8c33547ced57d3422a76444048f at height 164506
2025-01-30 14:39:33 FINE: pool-3-thread-6 Got 5 confirmations
2025-01-30 14:39:33 INFO: pool-3-thread-6 Downloaded 719 blocks in 6 s, 124 per s, 483 min left
2025-01-30 14:39:35 INFO: pool-3-thread-6 received block 165000
2025-01-30 14:39:36 FINE: pool-3-thread-6 Got 5 confirmations
2025-01-30 14:39:36 INFO: pool-3-thread-6 Downloaded 719 blocks in 2 s, 125 per s, 482 min left
2025-01-30 14:39:38 FINE: pool-3-thread-6 Got 5 confirmations
2025-01-30 14:39:38 INFO: pool-3-thread-6 Downloaded 719 blocks in 2 s, 125 per s, 481 min left
2025-01-30 14:39:41 FINE: pool-3-thread-6 Got 5 confirmations
2025-01-30 14:39:41 INFO: pool-3-thread-6 Downloaded 719 blocks in 2 s, 125 per s, 480 min left
2025-01-30 14:39:45 FINE: pool-3-thread-6 Got 5 confirmations
2025-01-30 14:39:45 INFO: pool-3-thread-6 Downloaded 719 blocks in 4 s, 125 per s, 479 min left
